Period,Region,Region code,New dwellings Price,New dwellings average advance,New dwellings average recorded income of borrowers,Other dwellings Price,Other dwellings average advance,Other dwellings average recorded income of borrowers,All dwellings Price,All dwellings average advance,All dwellings average recorded income of borrowers,First time buyers Price,First time buyers average advance,First time buyers average recorded income of borrowers,Former owner occupiers Price,Former owner occupiers average advance,Former owner occupiers average recorded income of borrowers
1992 Q1,United Kingdom,K02000001,[x],[x],[x],[x],[x],[x],[x],[x],[x],[x],[x],[x],[x],[x],[x]
1992 Q2,United Kingdom,K02000001,77000.00,52000.00,24000.00,60000.00,43000.00,21000.00,62000.00,44000.00,21000.00,47000.00,39000.00,18000.00,77000.00,49000.00,24000.00
1992 Q3,United Kingdom,K02000001,70000.00,50000.00,24000.00,63000.00,45000.00,21000.00,64000.00,45000.00,22000.00,49000.00,40000.00,19000.00,79000.00,50000.00,25000.00
1992 Q4,United Kingdom,K02000001,70000.00,50000.00,23000.00,57000.00,41000.00,20000.00,59000.00,42000.00,21000.00,45000.00,37000.00,18000.00,77000.00,49000.00,25000.00
1993 Q1,United Kingdom,K02000001,73000.00,52000.00,24000.00,58000.00,42000.00,21000.00,60000.00,43000.00,21000.00,46000.00,38000.00,18000.00,78000.00,50000.00,25000.00
1993 Q2,United Kingdom,K02000001,73000.00,51000.00,23000.00,60000.00,44000.00,21000.00,62000.00,45000.00,21000.00,49000.00,40000.00,18000.00,78000.00,51000.00,25000.00
1993 Q3,United Kingdom,K02000001,73000.00,51000.00,24000.00,62000.00,45000.00,21000.00,64000.00,46000.00,22000.00,48000.00,40000.00,18000.00,82000.00,52000.00,26000.00
1993 Q4,United Kingdom,K02000001,73000.00,52000.00,24000.00,60000.00,44000.00,21000.00,63000.00,45000.00,22000.00,47000.00,39000.00,18000.00,80000.00,52000.00,25000.00
1994 Q1,United Kingdom,K02000001,73000.00,52000.00,24000.00,60000.00,44000.00,21000.00,62000.00,45000.00,22000.00,46000.00,38000.00,18000.00,82000.00,53000.00,26000.00
1994 Q2,United Kingdom,K02000001,74000.00,53000.00,24000.00,63000.00,46000.00,22000.00,65000.00,47000.00,22000.00,49000.00,41000.00,19000.00,84000.00,55000.00,27000.00
1994 Q3,United Kingdom,K02000001,74000.00,52000.00,24000.00,64000.00,47000.00,22000.00,66000.00,48000.00,23000.00,49000.00,40000.00,19000.00,87000.00,56000.00,27000.00
1994 Q4,United Kingdom,K02000001,77000.00,56000.00,25000.00,63000.00,46000.00,22000.00,66000.00,48000.00,22000.00,49000.00,41000.00,19000.00,85000.00,55000.00,27000.00
1995 Q1,United Kingdom,K02000001,75000.00,55000.00,26000.00,60000.00,45000.00,21000.00,62000.00,46000.00,22000.00,47000.00,41000.00,19000.00,83000.00,54000.00,27000.00
1995 Q2,United Kingdom,K02000001,78000.00,58000.00,26000.00,62000.00,47000.00,22000.00,65000.00,49000.00,23000.00,47000.00,42000.00,19000.00,87000.00,56000.00,28000.00
1995 Q3,United Kingdom,K02000001,81000.00,58000.00,28000.00,65000.00,48000.00,23000.00,68000.00,50000.00,24000.00,46000.00,41000.00,19000.00,91000.00,58000.00,29000.00
1995 Q4,United Kingdom,K02000001,82000.00,59000.00,28000.00,64000.00,47000.00,23000.00,67000.00,49000.00,23000.00,46000.00,42000.00,19000.00,88000.00,56000.00,28000.00
1996 Q1,United Kingdom,K02000001,81000.00,58000.00,28000.00,63000.00,48000.00,23000.00,66000.00,49000.00,23000.00,46000.00,41000.00,19000.00,89000.00,58000.00,28000.00
1996 Q2,United Kingdom,K02000001,83000.00,61000.00,28000.00,66000.00,49000.00,24000.00,69000.00,51000.00,24000.00,49000.00,44000.00,20000.00,87000.00,56000.00,29000.00
1996 Q3,United Kingdom,K02000001,85000.00,62000.00,29000.00,71000.00,52000.00,25000.00,73000.00,53000.00,25000.00,50000.00,45000.00,20000.00,93000.00,59000.00,30000.00
1996 Q4,United Kingdom,K02000001,89000.00,63000.00,30000.00,68000.00,50000.00,24000.00,70000.00,51000.00,25000.00,48000.00,44000.00,20000.00,91000.00,58000.00,29000.00
1997 Q1,United Kingdom,K02000001,97000.00,65000.00,32000.00,70000.00,52000.00,25000.00,73000.00,53000.00,25000.00,49000.00,44000.00,20000.00,93000.00,60000.00,30000.00
1997 Q2,United Kingdom,K02000001,92000.00,66000.00,31000.00,73000.00,54000.00,26000.00,76000.00,55000.00,26000.00,50000.00,46000.00,20000.00,96000.00,62000.00,31000.00
1997 Q3,United Kingdom,K02000001,93000.00,66000.00,31000.00,76000.00,55000.00,26000.00,78000.00,56000.00,27000.00,55000.00,48000.00,22000.00,98000.00,64000.00,31000.00
1997 Q4,United Kingdom,K02000001,93000.00,66000.00,30000.00,74000.00,54000.00,25000.00,76000.00,55000.00,26000.00,55000.00,47000.00,21000.00,96000.00,62000.00,30000.00
1998 Q1,United Kingdom,K02000001,94000.00,68000.00,31000.00,75000.00,54000.00,26000.00,78000.00,56000.00,26000.00,54000.00,48000.00,21000.00,99000.00,63000.00,31000.00
1998 Q2,United Kingdom,K02000001,97000.00,69000.00,31000.00,79000.00,57000.00,27000.00,81000.00,58000.00,27000.00,60000.00,51000.00,23000.00,102000.00,65000.00,32000.00
1998 Q3,United Kingdom,K02000001,94000.00,67000.00,31000.00,84000.00,59000.00,28000.00,85000.00,59000.00,28000.00,66000.00,53000.00,24000.00,103000.00,65000.00,32000.00
1998 Q4,United Kingdom,K02000001,102000.00,74000.00,34000.00,80000.00,57000.00,27000.00,83000.00,59000.00,28000.00,64000.00,51000.00,23000.00,101000.00,66000.00,32000.00
1999 Q1,United Kingdom,K02000001,106000.00,72000.00,33000.00,81000.00,58000.00,27000.00,84000.00,60000.00,28000.00,65000.00,53000.00,24000.00,103000.00,67000.00,33000.00
1999 Q2,United Kingdom,K02000001,112000.00,78000.00,35000.00,87000.00,62000.00,29000.00,90000.00,64000.00,29000.00,72000.00,58000.00,26000.00,106000.00,69000.00,33000.00
1999 Q3,United Kingdom,K02000001,113000.00,79000.00,36000.00,95000.00,66000.00,31000.00,97000.00,68000.00,31000.00,74000.00,59000.00,26000.00,116000.00,75000.00,35000.00
1999 Q4,United Kingdom,K02000001,116000.00,80000.00,36000.00,94000.00,66000.00,29000.00,97000.00,67000.00,30000.00,74000.00,59000.00,25000.00,116000.00,74000.00,34000.00
2000 Q1,United Kingdom,K02000001,121000.00,82000.00,36000.00,94000.00,66000.00,30000.00,97000.00,68000.00,30000.00,75000.00,59000.00,26000.00,118000.00,76000.00,34000.00
2000 Q2,United Kingdom,K02000001,121000.00,82000.00,37000.00,99000.00,70000.00,30000.00,102000.00,71000.00,31000.00,77000.00,62000.00,26000.00,121000.00,79000.00,35000.00
2000 Q3,United Kingdom,K02000001,122000.00,82000.00,36000.00,100000.00,69000.00,31000.00,102000.00,70000.00,31000.00,75000.00,60000.00,26000.00,123000.00,78000.00,35000.00
2000 Q4,United Kingdom,K02000001,126000.00,85000.00,37000.00,101000.00,70000.00,31000.00,104000.00,72000.00,32000.00,76000.00,61000.00,26000.00,125000.00,80000.00,36000.00
2001 Q1,United Kingdom,K02000001,131000.00,91000.00,39000.00,104000.00,72000.00,31000.00,107000.00,74000.00,32000.00,79000.00,63000.00,27000.00,128000.00,82000.00,36000.00
2001 Q2,United Kingdom,K02000001,128000.00,90000.00,38000.00,110000.00,75000.00,33000.00,112000.00,78000.00,34000.00,83000.00,66000.00,28000.00,133000.00,86000.00,37000.00
2001 Q3,United Kingdom,K02000001,137000.00,91000.00,39000.00,115000.00,76000.00,34000.00,117000.00,78000.00,34000.00,88000.00,68000.00,29000.00,138000.00,87000.00,38000.00
2001 Q4,United Kingdom,K02000001,134000.00,92000.00,41000.00,110000.00,73000.00,33000.00,113000.00,75000.00,34000.00,88000.00,70000.00,29000.00,128000.00,82000.00,37000.00
2002 Q1,United Kingdom,K02000001,145000.00,100000.00,43000.00,111000.00,76000.00,33000.00,113000.00,78000.00,34000.00,91000.00,73000.00,29000.00,124000.00,82000.00,36000.00
2002 Q2,United Kingdom,K02000001,153000.00,100000.00,42000.00,123000.00,81000.00,35000.00,126000.00,83000.00,36000.00,100000.00,78000.00,31000.00,136000.00,88000.00,38000.00
2002 Q3,United Kingdom,K02000001,163000.00,105000.00,44000.00,132000.00,85000.00,36000.00,136000.00,88000.00,37000.00,111000.00,84000.00,33000.00,147000.00,92000.00,39000.00
2002 Q4,United Kingdom,K02000001,164000.00,107000.00,46000.00,131000.00,85000.00,37000.00,134000.00,88000.00,38000.00,111000.00,85000.00,34000.00,144000.00,91000.00,39000.00
2003 Q1,United Kingdom,K02000001,161000.00,106000.00,44000.00,132000.00,87000.00,38000.00,134000.00,88000.00,38000.00,105000.00,81000.00,32000.00,142000.00,90000.00,39000.00
2003 Q2,United Kingdom,K02000001,179000.00,119000.00,48000.00,139000.00,90000.00,37000.00,142000.00,92000.00,38000.00,109000.00,84000.00,32000.00,153000.00,95000.00,40000.00
2003 Q3,United Kingdom,K02000001,196000.00,125000.00,49000.00,160000.00,99000.00,39000.00,162000.00,101000.00,40000.00,114000.00,87000.00,29000.00,172000.00,103000.00,40000.00
2003 Q4,United Kingdom,K02000001,198000.00,130000.00,50000.00,164000.00,104000.00,39000.00,166000.00,106000.00,40000.00,119000.00,91000.00,31000.00,176000.00,108000.00,40000.00
2004 Q1,United Kingdom,K02000001,204000.00,132000.00,51000.00,167000.00,103000.00,39000.00,169000.00,104000.00,40000.00,122000.00,92000.00,31000.00,180000.00,107000.00,40000.00
2004 Q2,United Kingdom,K02000001,208000.00,137000.00,52000.00,174000.00,108000.00,40000.00,177000.00,108000.00,40000.00,130000.00,100000.00,33000.00,186000.00,111000.00,41000.00
2004 Q3,United Kingdom,K02000001,215000.00,140000.00,51000.00,186000.00,115000.00,39000.00,189000.00,114000.00,40000.00,137000.00,105000.00,33000.00,200000.00,119000.00,41000.00
2004 Q4,United Kingdom,K02000001,205000.00,134000.00,51000.00,182000.00,114000.00,38000.00,186000.00,113000.00,39000.00,138000.00,104000.00,33000.00,198000.00,119000.00,41000.00
2005 Q1,United Kingdom,K02000001,211000.00,133000.00,50000.00,182000.00,113000.00,40000.00,185000.00,112000.00,40000.00,139000.00,105000.00,34000.00,197000.00,116000.00,43000.00
2005 Q2,United Kingdom,K02000001,210000.00,134000.00,51000.00,187000.00,120000.00,40000.00,190000.00,118000.00,41000.00,145000.00,110000.00,35000.00,200000.00,123000.00,44000.00
2005 Q3,United Kingdom,K02000001,213000.00,138000.00,52000.00,197000.00,128000.00,44000.00,199000.00,127000.00,45000.00,146000.00,114000.00,37000.00,217000.00,133000.00,48000.00
2005 Q4,United Kingdom,K02000001,213000.00,148000.00,56000.00,188000.00,130000.00,48000.00,189000.00,131000.00,48000.00,136000.00,114000.00,39000.00,223000.00,143000.00,55000.00
2006 Q1,United Kingdom,K02000001,222000.00,147000.00,56000.00,192000.00,131000.00,49000.00,193000.00,132000.00,49000.00,138000.00,114000.00,39000.00,229000.00,143000.00,55000.00
2006 Q2,United Kingdom,K02000001,222000.00,147000.00,55000.00,198000.00,136000.00,50000.00,199000.00,136000.00,50000.00,144000.00,119000.00,40000.00,232000.00,146000.00,56000.00
2006 Q3,United Kingdom,K02000001,221000.00,145000.00,53000.00,214000.00,143000.00,52000.00,214000.00,143000.00,52000.00,152000.00,124000.00,41000.00,249000.00,153000.00,58000.00
2006 Q4,United Kingdom,K02000001,222000.00,148000.00,54000.00,212000.00,143000.00,52000.00,212000.00,143000.00,52000.00,151000.00,125000.00,41000.00,246000.00,153000.00,58000.00
2007 Q1,United Kingdom,K02000001,221000.00,147000.00,54000.00,217000.00,147000.00,54000.00,217000.00,147000.00,54000.00,154000.00,127000.00,42000.00,253000.00,159000.00,61000.00
2007 Q2,United Kingdom,K02000001,226000.00,150000.00,54000.00,218000.00,149000.00,53000.00,219000.00,149000.00,53000.00,159000.00,131000.00,42000.00,252000.00,159000.00,59000.00
2007 Q3,United Kingdom,K02000001,224000.00,145000.00,53000.00,233000.00,155000.00,55000.00,232000.00,154000.00,55000.00,164000.00,134000.00,43000.00,268000.00,165000.00,61000.00
2007 Q4,United Kingdom,K02000001,227000.00,149000.00,53000.00,225000.00,151000.00,53000.00,226000.00,151000.00,53000.00,161000.00,130000.00,41000.00,261000.00,162000.00,59000.00
2008 Q1,United Kingdom,K02000001,227000.00,147000.00,53000.00,227000.00,151000.00,54000.00,227000.00,150000.00,54000.00,161000.00,129000.00,41000.00,264000.00,162000.00,61000.00
2008 Q2,United Kingdom,K02000001,232000.00,150000.00,54000.00,228000.00,151000.00,55000.00,228000.00,151000.00,55000.00,166000.00,130000.00,43000.00,262000.00,162000.00,61000.00
2008 Q3,United Kingdom,K02000001,223000.00,135000.00,53000.00,234000.00,146000.00,56000.00,233000.00,146000.00,56000.00,168000.00,123000.00,42000.00,268000.00,157000.00,64000.00
2008 Q4,United Kingdom,K02000001,203000.00,128000.00,49000.00,224000.00,137000.00,54000.00,222000.00,136000.00,54000.00,158000.00,114000.00,40000.00,257000.00,148000.00,61000.00
2009 Q1,United Kingdom,K02000001,193000.00,124000.00,47000.00,219000.00,133000.00,53000.00,217000.00,132000.00,53000.00,155000.00,110000.00,39000.00,255000.00,146000.00,61000.00
2009 Q2,United Kingdom,K02000001,192000.00,122000.00,49000.00,218000.00,133000.00,53000.00,216000.00,132000.00,53000.00,158000.00,110000.00,40000.00,249000.00,145000.00,60000.00
2009 Q3,United Kingdom,K02000001,203000.00,122000.00,49000.00,239000.00,143000.00,56000.00,236000.00,142000.00,56000.00,172000.00,118000.00,42000.00,270000.00,154000.00,63000.00
2009 Q4,United Kingdom,K02000001,208000.00,127000.00,52000.00,237000.00,143000.00,55000.00,235000.00,142000.00,55000.00,177000.00,121000.00,43000.00,265000.00,153000.00,61000.00
2010 Q1,United Kingdom,K02000001,210000.00,129000.00,49000.00,256000.00,152000.00,59000.00,253000.00,151000.00,58000.00,185000.00,124000.00,44000.00,286000.00,164000.00,65000.00
2010 Q2,United Kingdom,K02000001,214000.00,132000.00,51000.00,252000.00,152000.00,58000.00,249000.00,151000.00,57000.00,186000.00,128000.00,45000.00,280000.00,162000.00,64000.00
2010 Q3,United Kingdom,K02000001,214000.00,130000.00,53000.00,261000.00,158000.00,60000.00,258000.00,156000.00,59000.00,187000.00,130000.00,45000.00,293000.00,169000.00,66000.00
2010 Q4,United Kingdom,K02000001,218000.00,137000.00,53000.00,248000.00,153000.00,57000.00,244000.00,152000.00,57000.00,177000.00,125000.00,43000.00,278000.00,165000.00,64000.00
2011 Q1,United Kingdom,K02000001,208000.00,133000.00,49000.00,250000.00,154000.00,58000.00,244000.00,152000.00,57000.00,177000.00,125000.00,44000.00,282000.00,168000.00,65000.00
2011 Q2,United Kingdom,K02000001,221000.00,140000.00,54000.00,243000.00,152000.00,57000.00,240000.00,151000.00,57000.00,179000.00,128000.00,44000.00,274000.00,163000.00,64000.00
2011 Q3,United Kingdom,K02000001,231000.00,140000.00,52000.00,256000.00,158000.00,58000.00,254000.00,158000.00,58000.00,186000.00,132000.00,45000.00,289000.00,171000.00,65000.00
2011 Q4,United Kingdom,K02000001,234000.00,145000.00,53000.00,242000.00,153000.00,55000.00,242000.00,153000.00,56000.00,177000.00,128000.00,42000.00,276000.00,167000.00,63000.00
2012 Q1,United Kingdom,K02000001,227000.00,146000.00,51000.00,240000.00,153000.00,55000.00,239000.00,153000.00,55000.00,179000.00,132000.00,44000.00,276000.00,166000.00,62000.00
2012 Q2,United Kingdom,K02000001,231000.00,150000.00,53000.00,245000.00,156000.00,57000.00,244000.00,156000.00,57000.00,180000.00,132000.00,45000.00,277000.00,168000.00,64000.00
2012 Q3,United Kingdom,K02000001,232000.00,148000.00,55000.00,255000.00,161000.00,59000.00,254000.00,161000.00,59000.00,186000.00,137000.00,46000.00,293000.00,175000.00,66000.00
2012 Q4,United Kingdom,K02000001,232000.00,146000.00,54000.00,248000.00,159000.00,58000.00,247000.00,158000.00,57000.00,182000.00,134000.00,45000.00,286000.00,172000.00,65000.00
2013 Q1,United Kingdom,K02000001,229000.00,146000.00,54000.00,244000.00,157000.00,57000.00,243000.00,157000.00,58000.00,180000.00,134000.00,44000.00,286000.00,173000.00,66000.00
2013 Q2,United Kingdom,K02000001,242000.00,154000.00,57000.00,244000.00,160000.00,57000.00,245000.00,159000.00,58000.00,189000.00,141000.00,47000.00,285000.00,172000.00,66000.00
2013 Q3,United Kingdom,K02000001,243000.00,160000.00,59000.00,261000.00,167000.00,59000.00,260000.00,167000.00,60000.00,196000.00,146000.00,47000.00,302000.00,181000.00,68000.00
2013 Q4,United Kingdom,K02000001,245000.00,166000.00,60000.00,256000.00,167000.00,58000.00,255000.00,167000.00,58000.00,193000.00,146000.00,47000.00,296000.00,182000.00,66000.00
2014 Q1,United Kingdom,K02000001,263000.00,174000.00,64000.00,260000.00,170000.00,58000.00,260000.00,171000.00,59000.00,196000.00,148000.00,47000.00,305000.00,187000.00,67000.00
2014 Q2,United Kingdom,K02000001,279000.00,180000.00,68000.00,264000.00,175000.00,58000.00,264000.00,176000.00,59000.00,201000.00,153000.00,47000.00,308000.00,191000.00,67000.00
2014 Q3,United Kingdom,K02000001,282000.00,179000.00,67000.00,278000.00,180000.00,61000.00,278000.00,180000.00,61000.00,209000.00,158000.00,49000.00,324000.00,196000.00,70000.00
2014 Q4,United Kingdom,K02000001,269000.00,176000.00,66000.00,267000.00,175000.00,60000.00,266000.00,175000.00,60000.00,202000.00,153000.00,48000.00,312000.00,191000.00,69000.00
2015 Q1,United Kingdom,K02000001,267000.00,174000.00,63000.00,270000.00,179000.00,61000.00,270000.00,179000.00,61000.00,202000.00,152000.00,48000.00,321000.00,199000.00,72000.00
2015 Q2,United Kingdom,K02000001,277000.00,181000.00,64000.00,265000.00,179000.00,60000.00,267000.00,179000.00,61000.00,201000.00,154000.00,48000.00,319000.00,200000.00,71000.00
2015 Q3,United Kingdom,K02000001,282000.00,180000.00,64000.00,289000.00,190000.00,64000.00,288000.00,189000.00,64000.00,208000.00,158000.00,50000.00,345000.00,211000.00,74000.00
2015 Q4,United Kingdom,K02000001,279000.00,185000.00,63000.00,284000.00,188000.00,63000.00,281000.00,187000.00,62000.00,205000.00,157000.00,49000.00,339000.00,210000.00,73000.00
2016 Q1,United Kingdom,K02000001,289000.00,189000.00,65000.00,294000.00,196000.00,65000.00,293000.00,195000.00,65000.00,211000.00,161000.00,50000.00,355000.00,220000.00,76000.00
2016 Q2,United Kingdom,K02000001,283000.00,186000.00,62000.00,266000.00,181000.00,58000.00,268000.00,182000.00,58000.00,207000.00,160000.00,49000.00,330000.00,205000.00,69000.00
2016 Q3,United Kingdom,K02000001,287000.00,187000.00,63000.00,286000.00,192000.00,62000.00,286000.00,191000.00,62000.00,214000.00,165000.00,50000.00,351000.00,215000.00,73000.00
2016 Q4,United Kingdom,K02000001,301000.00,195000.00,64000.00,280000.00,188000.00,60000.00,283000.00,189000.00,61000.00,213000.00,163000.00,49000.00,346000.00,212000.00,72000.00
2017 Q1,United Kingdom,K02000001,291000.00,187000.00,62000.00,273000.00,183000.00,59000.00,275000.00,184000.00,59000.00,207000.00,155000.00,47000.00,339000.00,211000.00,71000.00
2017 Q2,United Kingdom,K02000001,305000.00,197000.00,63000.00,274000.00,187000.00,59000.00,279000.00,189000.00,60000.00,212000.00,161000.00,48000.00,343000.00,215000.00,71000.00
2017 Q3,United Kingdom,K02000001,303000.00,196000.00,63000.00,286000.00,193000.00,61000.00,288000.00,194000.00,61000.00,215000.00,164000.00,49000.00,354000.00,221000.00,72000.00
2017 Q4,United Kingdom,K02000001,306000.00,199000.00,63000.00,274000.00,186000.00,58000.00,279000.00,188000.00,58000.00,211000.00,160000.00,48000.00,341000.00,214000.00,68000.00
2018 Q1,United Kingdom,K02000001,304000.00,197000.00,62000.00,278000.00,189000.00,59000.00,281000.00,190000.00,59000.00,213000.00,162000.00,48000.00,349000.00,218000.00,70000.00
2018 Q2,United Kingdom,K02000001,309000.00,201000.00,63000.00,273000.00,188000.00,58000.00,279000.00,190000.00,59000.00,217000.00,164000.00,48000.00,342000.00,217000.00,70000.00
2018 Q3,United Kingdom,K02000001,311000.00,201000.00,64000.00,286000.00,196000.00,60000.00,290000.00,197000.00,61000.00,221000.00,169000.00,49000.00,355000.00,223000.00,72000.00
2018 Q4,United Kingdom,K02000001,303000.00,198000.00,61000.00,276000.00,190000.00,58000.00,281000.00,192000.00,59000.00,217000.00,166000.00,48000.00,343000.00,218000.00,69000.00
2019 Q1,United Kingdom,K02000001,302000.00,196000.00,61000.00,271000.00,189000.00,58000.00,276000.00,190000.00,58000.00,214000.00,164000.00,48000.00,340000.00,218000.00,69000.00
2019 Q2,United Kingdom,K02000001,304000.00,201000.00,63000.00,270000.00,191000.00,59000.00,276000.00,193000.00,59000.00,216000.00,166000.00,48000.00,339000.00,221000.00,71000.00
2019 Q3,United Kingdom,K02000001,309000.00,202000.00,64000.00,285000.00,199000.00,61000.00,288000.00,200000.00,61000.00,219000.00,170000.00,50000.00,357000.00,229000.00,73000.00
2019 Q4,United Kingdom,K02000001,309000.00,204000.00,63000.00,284000.00,199000.00,61000.00,289000.00,200000.00,61000.00,221000.00,170000.00,49000.00,354000.00,228000.00,72000.00
2020 Q1,United Kingdom,K02000001,312000.00,204000.00,65000.00,287000.00,202000.00,62000.00,291000.00,202000.00,62000.00,224000.00,172000.00,50000.00,358000.00,232000.00,74000.00
2020 Q2,United Kingdom,K02000001,308000.00,204000.00,64000.00,277000.00,199000.00,60000.00,281000.00,199000.00,61000.00,220000.00,172000.00,50000.00,350000.00,230000.00,73000.00
2020 Q3,United Kingdom,K02000001,320000.00,211000.00,66000.00,315000.00,218000.00,66000.00,316000.00,217000.00,66000.00,240000.00,183000.00,53000.00,388000.00,249000.00,79000.00
2020 Q4,United Kingdom,K02000001,326000.00,213000.00,66000.00,326000.00,220000.00,67000.00,326000.00,219000.00,67000.00,245000.00,182000.00,53000.00,393000.00,250000.00,79000.00
2021 Q1,United Kingdom,K02000001,336000.00,216000.00,67000.00,347000.00,230000.00,70000.00,345000.00,228000.00,69000.00,257000.00,189000.00,55000.00,409000.00,255000.00,80000.00
2021 Q2,United Kingdom,K02000001,328000.00,213000.00,66000.00,345000.00,230000.00,70000.00,343000.00,227000.00,69000.00,256000.00,190000.00,55000.00,416000.00,259000.00,81000.00
2021 Q3,United Kingdom,K02000001,298000.00,198000.00,62000.00,295000.00,203000.00,61000.00,295000.00,202000.00,61000.00,224000.00,172000.00,50000.00,368000.00,233000.00,73000.00
2021 Q4,United Kingdom,K02000001,312000.00,207000.00,63000.00,311000.00,213000.00,63000.00,311000.00,212000.00,63000.00,233000.00,178000.00,51000.00,404000.00,252000.00,78000.00
2022 Q1,United Kingdom,K02000001,330000.00,216000.00,66000.00,330000.00,226000.00,66000.00,330000.00,225000.00,66000.00,247000.00,189000.00,53000.00,420000.00,264000.00,81000.00
2022 Q2,United Kingdom,K02000001,332000.00,224000.00,67000.00,336000.00,234000.00,69000.00,335000.00,232000.00,68000.00,256000.00,196000.00,55000.00,425000.00,272000.00,83000.00
2022 Q3,United Kingdom,K02000001,339000.00,227000.00,69000.00,356000.00,245000.00,72000.00,354000.00,242000.00,72000.00,266000.00,205000.00,58000.00,447000.00,282000.00,87000.00
2022 Q4,United Kingdom,K02000001,334000.00,225000.00,69000.00,345000.00,236000.00,71000.00,343000.00,234000.00,70000.00,263000.00,202000.00,58000.00,432000.00,269000.00,85000.00
2023 Q1,United Kingdom,K02000001,332000.00,216000.00,71000.00,327000.00,220000.00,70000.00,328000.00,219000.00,70000.00,253000.00,191000.00,57000.00,413000.00,251000.00,84000.00
2023 Q2,United Kingdom,K02000001,330000.00,219000.00,74000.00,326000.00,220000.00,72000.00,327000.00,220000.00,72000.00,252000.00,192000.00,59000.00,410000.00,251000.00,87000.00
2023 Q3,United Kingdom,K02000001,323000.00,211000.00,73000.00,344000.00,230000.00,75000.00,342000.00,228000.00,75000.00,260000.00,199000.00,61000.00,430000.00,259000.00,90000.00
2023 Q4,United Kingdom,K02000001,318000.00,210000.00,74000.00,327000.00,218000.00,73000.00,326000.00,217000.00,73000.00,250000.00,191000.00,60000.00,411000.00,245000.00,88000.00
2024 Q1,United Kingdom,K02000001,308000.00,206000.00,74000.00,324000.00,220000.00,74000.00,322000.00,218000.00,74000.00,248000.00,192000.00,60000.00,412000.00,251000.00,91000.00
2024 Q2,United Kingdom,K02000001,325000.00,223000.00,77000.00,328000.00,226000.00,75000.00,327000.00,225000.00,75000.00,257000.00,200000.00,62000.00,412000.00,256000.00,91000.00
2024 Q3,United Kingdom,K02000001,329000.00,222000.00,78000.00,345000.00,236000.00,78000.00,344000.00,235000.00,78000.00,265000.00,207000.00,63000.00,434000.00,266000.00,95000.00
2024 Q4,United Kingdom,K02000001,332000.00,233000.00,78000.00,339000.00,234000.00,76000.00,338000.00,234000.00,76000.00,264000.00,209000.00,63000.00,423000.00,263000.00,91000.00
2025 Q1,United Kingdom,K02000001,340000.00,239000.00,78000.00,354000.00,246000.00,77000.00,352000.00,245000.00,77000.00,283000.00,222000.00,65000.00,431000.00,271000.00,91000.00
2025 Q2,United Kingdom,K02000001,332000.00,239000.00,76000.00,312000.00,222000.00,71000.00,315000.00,224000.00,72000.00,246000.00,196000.00,59000.00,410000.00,263000.00,89000.00
2025 Q3,United Kingdom,K02000001,339000.00,240000.00,77000.00,345000.00,242000.00,76000.00,345000.00,242000.00,76000.00,264000.00,210000.00,62000.00,442000.00,280000.00,93000.00
2025 Q4,United Kingdom,K02000001,345000.00,249000.00,78000.00,339000.00,240000.00,74000.00,339000.00,241000.00,75000.00,263000.00,210000.00,61000.00,430000.00,277000.00,91000.00
2026 Q1,United Kingdom,K02000001,331000.00,240000.00,75000.00,340000.00,242000.00,73000.00,339000.00,242000.00,74000.00,264000.00,212000.00,61000.00,429000.00,278000.00,89000.00
1992 Q1,Great Britain,K03000001,[x],[x],[x],[x],[x],[x],[x],[x],[x],[x],[x],[x],[x],[x],[x]
1992 Q2,Great Britain,K03000001,78000.00,[x],[x],61000.00,[x],[x],63000.00,[x],[x],47000.00,[x],[x],78000.00,[x],[x]
1992 Q3,Great Britain,K03000001,71000.00,[x],[x],63000.00,[x],[x],64000.00,[x],[x],49000.00,[x],[x],80000.00,[x],[x]
1992 Q4,Great Britain,K03000001,71000.00,[x],[x],58000.00,[x],[x],60000.00,[x],[x],45000.00,[x],[x],78000.00,[x],[x]
1993 Q1,Great Britain,K03000001,74000.00,[x],[x],59000.00,[x],[x],61000.00,[x],[x],47000.00,[x],[x],79000.00,[x],[x]
1993 Q2,Great Britain,K03000001,74000.00,[x],[x],61000.00,[x],[x],62000.00,[x],[x],49000.00,[x],[x],79000.00,[x],[x]
1993 Q3,Great Britain,K03000001,74000.00,[x],[x],62000.00,[x],[x],64000.00,[x],[x],48000.00,[x],[x],82000.00,[x],[x]
1993 Q4,Great Britain,K03000001,75000.00,[x],[x],61000.00,[x],[x],63000.00,[x],[x],48000.00,[x],[x],80000.00,[x],[x]
1994 Q1,Great Britain,K03000001,74000.00,[x],[x],61000.00,[x],[x],63000.00,[x],[x],47000.00,[x],[x],83000.00,[x],[x]
1994 Q2,Great Britain,K03000001,76000.00,[x],[x],64000.00,[x],[x],65000.00,[x],[x],49000.00,[x],[x],85000.00,[x],[x]
1994 Q3,Great Britain,K03000001,75000.00,[x],[x],65000.00,[x],[x],67000.00,[x],[x],49000.00,[x],[x],87000.00,[x],[x]
1994 Q4,Great Britain,K03000001,78000.00,[x],[x],63000.00,[x],[x],66000.00,[x],[x],49000.00,[x],[x],86000.00,[x],[x]
1995 Q1,Great Britain,K03000001,76000.00,[x],[x],60000.00,[x],[x],63000.00,[x],[x],47000.00,[x],[x],83000.00,[x],[x]
1995 Q2,Great Britain,K03000001,79000.00,[x],[x],63000.00,[x],[x],66000.00,[x],[x],47000.00,[x],[x],87000.00,[x],[x]
1995 Q3,Great Britain,K03000001,82000.00,[x],[x],66000.00,[x],[x],69000.00,[x],[x],46000.00,[x],[x],91000.00,[x],[x]
1995 Q4,Great Britain,K03000001,83000.00,[x],[x],64000.00,[x],[x],67000.00,[x],[x],47000.00,[x],[x],88000.00,[x],[x]
1996 Q1,Great Britain,K03000001,83000.00,[x],[x],64000.00,[x],[x],67000.00,[x],[x],46000.00,[x],[x],90000.00,[x],[x]
1996 Q2,Great Britain,K03000001,84000.00,[x],[x],67000.00,[x],[x],69000.00,[x],[x],49000.00,[x],[x],88000.00,[x],[x]
1996 Q3,Great Britain,K03000001,87000.00,[x],[x],72000.00,[x],[x],74000.00,[x],[x],51000.00,[x],[x],94000.00,[x],[x]
1996 Q4,Great Britain,K03000001,92000.00,[x],[x],68000.00,[x],[x],70000.00,[x],[x],49000.00,[x],[x],92000.00,[x],[x]
1997 Q1,Great Britain,K03000001,98000.00,[x],[x],71000.00,[x],[x],73000.00,[x],[x],49000.00,[x],[x],94000.00,[x],[x]
1997 Q2,Great Britain,K03000001,94000.00,[x],[x],74000.00,[x],[x],76000.00,[x],[x],51000.00,[x],[x],97000.00,[x],[x]
1997 Q3,Great Britain,K03000001,95000.00,[x],[x],77000.00,[x],[x],79000.00,[x],[x],55000.00,[x],[x],99000.00,[x],[x]
1997 Q4,Great Britain,K03000001,94000.00,[x],[x],74000.00,[x],[x],77000.00,[x],[x],55000.00,[x],[x],96000.00,[x],[x]
1998 Q1,Great Britain,K03000001,96000.00,[x],[x],76000.00,[x],[x],78000.00,[x],[x],55000.00,[x],[x],100000.00,[x],[x]
1998 Q2,Great Britain,K03000001,99000.00,[x],[x],79000.00,[x],[x],81000.00,[x],[x],61000.00,[x],[x],102000.00,[x],[x]
1998 Q3,Great Britain,K03000001,96000.00,[x],[x],84000.00,[x],[x],86000.00,[x],[x],67000.00,[x],[x],104000.00,[x],[x]
1998 Q4,Great Britain,K03000001,103000.00,[x],[x],80000.00,[x],[x],83000.00,[x],[x],64000.00,[x],[x],101000.00,[x],[x]
1999 Q1,Great Britain,K03000001,109000.00,[x],[x],82000.00,[x],[x],85000.00,[x],[x],66000.00,[x],[x],103000.00,[x],[x]
1999 Q2,Great Britain,K03000001,114000.00,[x],[x],87000.00,[x],[x],90000.00,[x],[x],72000.00,[x],[x],107000.00,[x],[x]
1999 Q3,Great Britain,K03000001,116000.00,[x],[x],96000.00,[x],[x],98000.00,[x],[x],75000.00,[x],[x],117000.00,[x],[x]
1999 Q4,Great Britain,K03000001,119000.00,[x],[x],95000.00,[x],[x],97000.00,[x],[x],75000.00,[x],[x],117000.00,[x],[x]
2000 Q1,Great Britain,K03000001,124000.00,[x],[x],95000.00,[x],[x],98000.00,[x],[x],75000.00,[x],[x],119000.00,[x],[x]
2000 Q2,Great Britain,K03000001,123000.00,[x],[x],100000.00,[x],[x],103000.00,[x],[x],78000.00,[x],[x],122000.00,[x],[x]
2000 Q3,Great Britain,K03000001,125000.00,[x],[x],101000.00,[x],[x],103000.00,[x],[x],76000.00,[x],[x],124000.00,[x],[x]
2000 Q4,Great Britain,K03000001,128000.00,[x],[x],102000.00,[x],[x],105000.00,[x],[x],77000.00,[x],[x],125000.00,[x],[x]
2001 Q1,Great Britain,K03000001,133000.00,[x],[x],105000.00,[x],[x],108000.00,[x],[x],80000.00,[x],[x],129000.00,[x],[x]
2001 Q2,Great Britain,K03000001,131000.00,[x],[x],111000.00,[x],[x],113000.00,[x],[x],84000.00,[x],[x],134000.00,[x],[x]
2001 Q3,Great Britain,K03000001,139000.00,[x],[x],115000.00,[x],[x],118000.00,[x],[x],88000.00,[x],[x],139000.00,[x],[x]
2001 Q4,Great Britain,K03000001,137000.00,[x],[x],111000.00,[x],[x],114000.00,[x],[x],89000.00,[x],[x],128000.00,[x],[x]
2002 Q1,Great Britain,K03000001,147000.00,[x],[x],111000.00,[x],[x],114000.00,[x],[x],92000.00,[x],[x],125000.00,[x],[x]
2002 Q2,Great Britain,K03000001,157000.00,[x],[x],123000.00,[x],[x],127000.00,[x],[x],101000.00,[x],[x],137000.00,[x],[x]
2002 Q3,Great Britain,K03000001,166000.00,[x],[x],133000.00,[x],[x],137000.00,[x],[x],112000.00,[x],[x],148000.00,[x],[x]
2002 Q4,Great Britain,K03000001,167000.00,[x],[x],132000.00,[x],[x],135000.00,[x],[x],112000.00,[x],[x],145000.00,[x],[x]
2003 Q1,Great Britain,K03000001,167000.00,[x],[x],133000.00,[x],[x],135000.00,[x],[x],106000.00,[x],[x],144000.00,[x],[x]
2003 Q2,Great Britain,K03000001,183000.00,[x],[x],140000.00,[x],[x],143000.00,[x],[x],110000.00,[x],[x],154000.00,[x],[x]
2003 Q3,Great Britain,K03000001,201000.00,[x],[x],162000.00,[x],[x],164000.00,[x],[x],116000.00,[x],[x],173000.00,[x],[x]
2003 Q4,Great Britain,K03000001,203000.00,[x],[x],166000.00,[x],[x],168000.00,[x],[x],120000.00,[x],[x],178000.00,[x],[x]
2004 Q1,Great Britain,K03000001,210000.00,[x],[x],168000.00,[x],[x],171000.00,[x],[x],123000.00,[x],[x],182000.00,[x],[x]
2004 Q2,Great Britain,K03000001,212000.00,[x],[x],175000.00,[x],[x],179000.00,[x],[x],132000.00,[x],[x],188000.00,[x],[x]
2004 Q3,Great Britain,K03000001,220000.00,[x],[x],187000.00,[x],[x],191000.00,[x],[x],139000.00,[x],[x],202000.00,[x],[x]
2004 Q4,Great Britain,K03000001,210000.00,[x],[x],184000.00,[x],[x],188000.00,[x],[x],140000.00,[x],[x],200000.00,[x],[x]
2005 Q1,Great Britain,K03000001,217000.00,[x],[x],184000.00,[x],[x],187000.00,[x],[x],140000.00,[x],[x],200000.00,[x],[x]
2005 Q2,Great Britain,K03000001,216000.00,[x],[x],189000.00,[x],[x],192000.00,[x],[x],146000.00,[x],[x],203000.00,[x],[x]
2005 Q3,Great Britain,K03000001,218000.00,[x],[x],198000.00,[x],[x],201000.00,[x],[x],148000.00,[x],[x],219000.00,[x],[x]
2005 Q4,Great Britain,K03000001,218000.00,[x],[x],189000.00,[x],[x],190000.00,[x],[x],136000.00,[x],[x],225000.00,[x],[x]
2006 Q1,Great Britain,K03000001,225000.00,[x],[x],193000.00,[x],[x],194000.00,[x],[x],138000.00,[x],[x],230000.00,[x],[x]
2006 Q2,Great Britain,K03000001,225000.00,[x],[x],199000.00,[x],[x],200000.00,[x],[x],144000.00,[x],[x],233000.00,[x],[x]
2006 Q3,Great Britain,K03000001,221000.00,[x],[x],214000.00,[x],[x],215000.00,[x],[x],152000.00,[x],[x],250000.00,[x],[x]
2006 Q4,Great Britain,K03000001,222000.00,[x],[x],212000.00,[x],[x],213000.00,[x],[x],151000.00,[x],[x],246000.00,[x],[x]
2007 Q1,Great Britain,K03000001,220000.00,[x],[x],217000.00,[x],[x],218000.00,[x],[x],154000.00,[x],[x],254000.00,[x],[x]
2007 Q2,Great Britain,K03000001,224000.00,[x],[x],218000.00,[x],[x],219000.00,[x],[x],159000.00,[x],[x],252000.00,[x],[x]
2007 Q3,Great Britain,K03000001,222000.00,[x],[x],232000.00,[x],[x],232000.00,[x],[x],164000.00,[x],[x],268000.00,[x],[x]
2007 Q4,Great Britain,K03000001,225000.00,[x],[x],225000.00,[x],[x],225000.00,[x],[x],161000.00,[x],[x],261000.00,[x],[x]
2008 Q1,Great Britain,K03000001,225000.00,[x],[x],227000.00,[x],[x],227000.00,[x],[x],161000.00,[x],[x],265000.00,[x],[x]
2008 Q2,Great Britain,K03000001,231000.00,[x],[x],228000.00,[x],[x],228000.00,[x],[x],166000.00,[x],[x],262000.00,[x],[x]
2008 Q3,Great Britain,K03000001,222000.00,[x],[x],235000.00,[x],[x],234000.00,[x],[x],168000.00,[x],[x],269000.00,[x],[x]
2008 Q4,Great Britain,K03000001,202000.00,[x],[x],224000.00,[x],[x],222000.00,[x],[x],158000.00,[x],[x],258000.00,[x],[x]
2009 Q1,Great Britain,K03000001,191000.00,[x],[x],219000.00,[x],[x],217000.00,[x],[x],155000.00,[x],[x],256000.00,[x],[x]
2009 Q2,Great Britain,K03000001,192000.00,[x],[x],218000.00,[x],[x],216000.00,[x],[x],158000.00,[x],[x],250000.00,[x],[x]
2009 Q3,Great Britain,K03000001,203000.00,[x],[x],239000.00,[x],[x],237000.00,[x],[x],173000.00,[x],[x],271000.00,[x],[x]
2009 Q4,Great Britain,K03000001,208000.00,[x],[x],237000.00,[x],[x],236000.00,[x],[x],177000.00,[x],[x],265000.00,[x],[x]
2010 Q1,Great Britain,K03000001,209000.00,[x],[x],257000.00,[x],[x],254000.00,[x],[x],186000.00,[x],[x],287000.00,[x],[x]
2010 Q2,Great Britain,K03000001,214000.00,[x],[x],253000.00,[x],[x],250000.00,[x],[x],187000.00,[x],[x],281000.00,[x],[x]
2010 Q3,Great Britain,K03000001,214000.00,[x],[x],262000.00,[x],[x],259000.00,[x],[x],188000.00,[x],[x],294000.00,[x],[x]
2010 Q4,Great Britain,K03000001,219000.00,[x],[x],249000.00,[x],[x],245000.00,[x],[x],177000.00,[x],[x],279000.00,[x],[x]
2011 Q1,Great Britain,K03000001,209000.00,[x],[x],251000.00,[x],[x],245000.00,[x],[x],178000.00,[x],[x],283000.00,[x],[x]
2011 Q2,Great Britain,K03000001,222000.00,[x],[x],244000.00,[x],[x],242000.00,[x],[x],180000.00,[x],[x],275000.00,[x],[x]
2011 Q3,Great Britain,K03000001,232000.00,[x],[x],257000.00,[x],[x],256000.00,[x],[x],187000.00,[x],[x],290000.00,[x],[x]
2011 Q4,Great Britain,K03000001,236000.00,[x],[x],244000.00,[x],[x],244000.00,[x],[x],178000.00,[x],[x],278000.00,[x],[x]
2012 Q1,Great Britain,K03000001,229000.00,[x],[x],241000.00,[x],[x],241000.00,[x],[x],180000.00,[x],[x],277000.00,[x],[x]
2012 Q2,Great Britain,K03000001,232000.00,[x],[x],246000.00,[x],[x],245000.00,[x],[x],181000.00,[x],[x],278000.00,[x],[x]
2012 Q3,Great Britain,K03000001,233000.00,[x],[x],256000.00,[x],[x],255000.00,[x],[x],187000.00,[x],[x],294000.00,[x],[x]
2012 Q4,Great Britain,K03000001,233000.00,[x],[x],250000.00,[x],[x],248000.00,[x],[x],183000.00,[x],[x],287000.00,[x],[x]
2013 Q1,Great Britain,K03000001,230000.00,[x],[x],245000.00,[x],[x],245000.00,[x],[x],181000.00,[x],[x],287000.00,[x],[x]
2013 Q2,Great Britain,K03000001,243000.00,[x],[x],246000.00,[x],[x],246000.00,[x],[x],190000.00,[x],[x],286000.00,[x],[x]
2013 Q3,Great Britain,K03000001,245000.00,[x],[x],262000.00,[x],[x],262000.00,[x],[x],197000.00,[x],[x],303000.00,[x],[x]
2013 Q4,Great Britain,K03000001,246000.00,[x],[x],257000.00,[x],[x],256000.00,[x],[x],194000.00,[x],[x],297000.00,[x],[x]
2014 Q1,Great Britain,K03000001,266000.00,[x],[x],262000.00,[x],[x],262000.00,[x],[x],197000.00,[x],[x],306000.00,[x],[x]
2014 Q2,Great Britain,K03000001,282000.00,[x],[x],265000.00,[x],[x],266000.00,[x],[x],202000.00,[x],[x],309000.00,[x],[x]
2014 Q3,Great Britain,K03000001,285000.00,[x],[x],280000.00,[x],[x],279000.00,[x],[x],210000.00,[x],[x],326000.00,[x],[x]
2014 Q4,Great Britain,K03000001,272000.00,[x],[x],269000.00,[x],[x],268000.00,[x],[x],203000.00,[x],[x],314000.00,[x],[x]
2015 Q1,Great Britain,K03000001,269000.00,[x],[x],272000.00,[x],[x],272000.00,[x],[x],204000.00,[x],[x],323000.00,[x],[x]
2015 Q2,Great Britain,K03000001,280000.00,[x],[x],267000.00,[x],[x],269000.00,[x],[x],203000.00,[x],[x],321000.00,[x],[x]
2015 Q3,Great Britain,K03000001,286000.00,[x],[x],291000.00,[x],[x],291000.00,[x],[x],210000.00,[x],[x],348000.00,[x],[x]
2015 Q4,Great Britain,K03000001,282000.00,[x],[x],286000.00,[x],[x],284000.00,[x],[x],207000.00,[x],[x],341000.00,[x],[x]
2016 Q1,Great Britain,K03000001,293000.00,[x],[x],296000.00,[x],[x],296000.00,[x],[x],213000.00,[x],[x],357000.00,[x],[x]
2016 Q2,Great Britain,K03000001,285000.00,[x],[x],268000.00,[x],[x],271000.00,[x],[x],209000.00,[x],[x],332000.00,[x],[x]
2016 Q3,Great Britain,K03000001,290000.00,[x],[x],288000.00,[x],[x],288000.00,[x],[x],216000.00,[x],[x],353000.00,[x],[x]
2016 Q4,Great Britain,K03000001,305000.00,[x],[x],283000.00,[x],[x],285000.00,[x],[x],215000.00,[x],[x],348000.00,[x],[x]
2017 Q1,Great Britain,K03000001,296000.00,[x],[x],275000.00,[x],[x],278000.00,[x],[x],210000.00,[x],[x],342000.00,[x],[x]
2017 Q2,Great Britain,K03000001,309000.00,[x],[x],277000.00,[x],[x],282000.00,[x],[x],215000.00,[x],[x],345000.00,[x],[x]
2017 Q3,Great Britain,K03000001,309000.00,[x],[x],289000.00,[x],[x],291000.00,[x],[x],217000.00,[x],[x],357000.00,[x],[x]
2017 Q4,Great Britain,K03000001,311000.00,[x],[x],276000.00,[x],[x],282000.00,[x],[x],214000.00,[x],[x],344000.00,[x],[x]
2018 Q1,Great Britain,K03000001,309000.00,[x],[x],281000.00,[x],[x],284000.00,[x],[x],216000.00,[x],[x],352000.00,[x],[x]
2018 Q2,Great Britain,K03000001,313000.00,[x],[x],276000.00,[x],[x],282000.00,[x],[x],220000.00,[x],[x],345000.00,[x],[x]
2018 Q3,Great Britain,K03000001,314000.00,[x],[x],289000.00,[x],[x],293000.00,[x],[x],223000.00,[x],[x],358000.00,[x],[x]
2018 Q4,Great Britain,K03000001,306000.00,[x],[x],279000.00,[x],[x],284000.00,[x],[x],220000.00,[x],[x],346000.00,[x],[x]
2019 Q1,Great Britain,K03000001,306000.00,[x],[x],274000.00,[x],[x],279000.00,[x],[x],217000.00,[x],[x],343000.00,[x],[x]
2019 Q2,Great Britain,K03000001,307000.00,[x],[x],273000.00,[x],[x],279000.00,[x],[x],218000.00,[x],[x],342000.00,[x],[x]
2019 Q3,Great Britain,K03000001,313000.00,[x],[x],288000.00,[x],[x],292000.00,[x],[x],222000.00,[x],[x],360000.00,[x],[x]
2019 Q4,Great Britain,K03000001,312000.00,[x],[x],288000.00,[x],[x],292000.00,[x],[x],223000.00,[x],[x],357000.00,[x],[x]
2020 Q1,Great Britain,K03000001,316000.00,[x],[x],290000.00,[x],[x],294000.00,[x],[x],226000.00,[x],[x],361000.00,[x],[x]
2020 Q2,Great Britain,K03000001,312000.00,[x],[x],279000.00,[x],[x],283000.00,[x],[x],221000.00,[x],[x],352000.00,[x],[x]
2020 Q3,Great Britain,K03000001,324000.00,[x],[x],318000.00,[x],[x],319000.00,[x],[x],243000.00,[x],[x],391000.00,[x],[x]
2020 Q4,Great Britain,K03000001,329000.00,[x],[x],330000.00,[x],[x],329000.00,[x],[x],248000.00,[x],[x],397000.00,[x],[x]
2021 Q1,Great Britain,K03000001,339000.00,[x],[x],351000.00,[x],[x],349000.00,[x],[x],260000.00,[x],[x],412000.00,[x],[x]
2021 Q2,Great Britain,K03000001,332000.00,[x],[x],349000.00,[x],[x],346000.00,[x],[x],259000.00,[x],[x],419000.00,[x],[x]
2021 Q3,Great Britain,K03000001,302000.00,[x],[x],298000.00,[x],[x],299000.00,[x],[x],226000.00,[x],[x],372000.00,[x],[x]
2021 Q4,Great Britain,K03000001,315000.00,[x],[x],315000.00,[x],[x],315000.00,[x],[x],236000.00,[x],[x],409000.00,[x],[x]
2022 Q1,Great Britain,K03000001,334000.00,[x],[x],334000.00,[x],[x],334000.00,[x],[x],250000.00,[x],[x],424000.00,[x],[x]
2022 Q2,Great Britain,K03000001,335000.00,[x],[x],341000.00,[x],[x],339000.00,[x],[x],259000.00,[x],[x],428000.00,[x],[x]
2022 Q3,Great Britain,K03000001,341000.00,[x],[x],360000.00,[x],[x],357000.00,[x],[x],269000.00,[x],[x],450000.00,[x],[x]
2022 Q4,Great Britain,K03000001,336000.00,[x],[x],348000.00,[x],[x],346000.00,[x],[x],266000.00,[x],[x],435000.00,[x],[x]
2023 Q1,Great Britain,K03000001,334000.00,[x],[x],330000.00,[x],[x],331000.00,[x],[x],256000.00,[x],[x],416000.00,[x],[x]
2023 Q2,Great Britain,K03000001,331000.00,[x],[x],330000.00,[x],[x],330000.00,[x],[x],255000.00,[x],[x],413000.00,[x],[x]
2023 Q3,Great Britain,K03000001,325000.00,[x],[x],348000.00,[x],[x],345000.00,[x],[x],262000.00,[x],[x],434000.00,[x],[x]
2023 Q4,Great Britain,K03000001,320000.00,[x],[x],330000.00,[x],[x],329000.00,[x],[x],253000.00,[x],[x],414000.00,[x],[x]
2024 Q1,Great Britain,K03000001,309000.00,207000.00,74000.00,328000.00,222000.00,75000.00,325000.00,220000.00,75000.00,251000.00,193000.00,61000.00,416000.00,253000.00,92000.00
2024 Q2,Great Britain,K03000001,327000.00,225000.00,77000.00,331000.00,228000.00,75000.00,330000.00,228000.00,76000.00,259000.00,202000.00,62000.00,416000.00,258000.00,92000.00
2024 Q3,Great Britain,K03000001,331000.00,224000.00,78000.00,349000.00,238000.00,78000.00,347000.00,237000.00,78000.00,267000.00,209000.00,63000.00,438000.00,269000.00,95000.00
2024 Q4,Great Britain,K03000001,334000.00,234000.00,78000.00,342000.00,236000.00,76000.00,341000.00,236000.00,76000.00,267000.00,210000.00,63000.00,426000.00,265000.00,92000.00
2025 Q1,Great Britain,K03000001,342000.00,240000.00,79000.00,357000.00,248000.00,78000.00,355000.00,247000.00,78000.00,285000.00,224000.00,66000.00,434000.00,273000.00,92000.00
2025 Q2,Great Britain,K03000001,334000.00,240000.00,76000.00,315000.00,224000.00,71000.00,318000.00,226000.00,72000.00,247000.00,198000.00,59000.00,413000.00,265000.00,89000.00
2025 Q3,Great Britain,K03000001,342000.00,242000.00,78000.00,348000.00,244000.00,77000.00,348000.00,244000.00,77000.00,266000.00,212000.00,63000.00,445000.00,282000.00,94000.00
2025 Q4,Great Britain,K03000001,348000.00,251000.00,79000.00,341000.00,242000.00,74000.00,342000.00,243000.00,75000.00,265000.00,212000.00,61000.00,432000.00,279000.00,91000.00
2026 Q1,Great Britain,K03000001,332000.00,242000.00,75000.00,342000.00,244000.00,74000.00,341000.00,244000.00,74000.00,265000.00,213000.00,61000.00,431000.00,279000.00,89000.00
1992 Q1,England and Wales,K04000001,[x],[x],[x],[x],[x],[x],[x],[x],[x],[x],[x],[x],[x],[x],[x]
1992 Q2,England and Wales,K04000001,79000.00,[x],[x],61000.00,[x],[x],63000.00,[x],[x],47000.00,[x],[x],78000.00,[x],[x]
1992 Q3,England and Wales,K04000001,71000.00,[x],[x],63000.00,[x],[x],64000.00,[x],[x],49000.00,[x],[x],80000.00,[x],[x]
1992 Q4,England and Wales,K04000001,70000.00,[x],[x],58000.00,[x],[x],60000.00,[x],[x],45000.00,[x],[x],78000.00,[x],[x]
1993 Q1,England and Wales,K04000001,75000.00,[x],[x],59000.00,[x],[x],61000.00,[x],[x],47000.00,[x],[x],79000.00,[x],[x]
1993 Q2,England and Wales,K04000001,73000.00,[x],[x],61000.00,[x],[x],62000.00,[x],[x],49000.00,[x],[x],79000.00,[x],[x]
1993 Q3,England and Wales,K04000001,74000.00,[x],[x],62000.00,[x],[x],64000.00,[x],[x],48000.00,[x],[x],82000.00,[x],[x]
1993 Q4,England and Wales,K04000001,75000.00,[x],[x],61000.00,[x],[x],63000.00,[x],[x],48000.00,[x],[x],80000.00,[x],[x]
1994 Q1,England and Wales,K04000001,75000.00,[x],[x],61000.00,[x],[x],63000.00,[x],[x],47000.00,[x],[x],83000.00,[x],[x]
1994 Q2,England and Wales,K04000001,76000.00,[x],[x],64000.00,[x],[x],65000.00,[x],[x],49000.00,[x],[x],85000.00,[x],[x]
1994 Q3,England and Wales,K04000001,75000.00,[x],[x],65000.00,[x],[x],67000.00,[x],[x],49000.00,[x],[x],87000.00,[x],[x]
1994 Q4,England and Wales,K04000001,79000.00,[x],[x],63000.00,[x],[x],66000.00,[x],[x],49000.00,[x],[x],86000.00,[x],[x]
1995 Q1,England and Wales,K04000001,77000.00,[x],[x],60000.00,[x],[x],63000.00,[x],[x],47000.00,[x],[x],83000.00,[x],[x]
1995 Q2,England and Wales,K04000001,79000.00,[x],[x],63000.00,[x],[x],66000.00,[x],[x],47000.00,[x],[x],87000.00,[x],[x]
1995 Q3,England and Wales,K04000001,82000.00,[x],[x],66000.00,[x],[x],69000.00,[x],[x],46000.00,[x],[x],91000.00,[x],[x]
1995 Q4,England and Wales,K04000001,84000.00,[x],[x],64000.00,[x],[x],67000.00,[x],[x],47000.00,[x],[x],88000.00,[x],[x]
1996 Q1,England and Wales,K04000001,83000.00,[x],[x],64000.00,[x],[x],67000.00,[x],[x],46000.00,[x],[x],90000.00,[x],[x]
1996 Q2,England and Wales,K04000001,86000.00,[x],[x],67000.00,[x],[x],69000.00,[x],[x],49000.00,[x],[x],88000.00,[x],[x]
1996 Q3,England and Wales,K04000001,88000.00,[x],[x],72000.00,[x],[x],74000.00,[x],[x],51000.00,[x],[x],94000.00,[x],[x]
1996 Q4,England and Wales,K04000001,93000.00,[x],[x],68000.00,[x],[x],70000.00,[x],[x],49000.00,[x],[x],92000.00,[x],[x]
1997 Q1,England and Wales,K04000001,99000.00,[x],[x],71000.00,[x],[x],73000.00,[x],[x],49000.00,[x],[x],94000.00,[x],[x]
1997 Q2,England and Wales,K04000001,96000.00,[x],[x],74000.00,[x],[x],76000.00,[x],[x],51000.00,[x],[x],97000.00,[x],[x]
1997 Q3,England and Wales,K04000001,96000.00,[x],[x],77000.00,[x],[x],79000.00,[x],[x],55000.00,[x],[x],99000.00,[x],[x]
1997 Q4,England and Wales,K04000001,95000.00,[x],[x],74000.00,[x],[x],77000.00,[x],[x],55000.00,[x],[x],96000.00,[x],[x]
1998 Q1,England and Wales,K04000001,97000.00,[x],[x],76000.00,[x],[x],78000.00,[x],[x],55000.00,[x],[x],100000.00,[x],[x]
1998 Q2,England and Wales,K04000001,101000.00,[x],[x],79000.00,[x],[x],81000.00,[x],[x],61000.00,[x],[x],102000.00,[x],[x]
1998 Q3,England and Wales,K04000001,97000.00,[x],[x],84000.00,[x],[x],86000.00,[x],[x],67000.00,[x],[x],104000.00,[x],[x]
1998 Q4,England and Wales,K04000001,104000.00,[x],[x],80000.00,[x],[x],83000.00,[x],[x],64000.00,[x],[x],101000.00,[x],[x]
1999 Q1,England and Wales,K04000001,112000.00,[x],[x],82000.00,[x],[x],85000.00,[x],[x],66000.00,[x],[x],103000.00,[x],[x]
1999 Q2,England and Wales,K04000001,116000.00,[x],[x],87000.00,[x],[x],90000.00,[x],[x],72000.00,[x],[x],107000.00,[x],[x]
1999 Q3,England and Wales,K04000001,118000.00,[x],[x],96000.00,[x],[x],98000.00,[x],[x],75000.00,[x],[x],117000.00,[x],[x]
1999 Q4,England and Wales,K04000001,122000.00,[x],[x],95000.00,[x],[x],97000.00,[x],[x],75000.00,[x],[x],117000.00,[x],[x]
2000 Q1,England and Wales,K04000001,127000.00,[x],[x],95000.00,[x],[x],98000.00,[x],[x],75000.00,[x],[x],119000.00,[x],[x]
2000 Q2,England and Wales,K04000001,127000.00,[x],[x],100000.00,[x],[x],103000.00,[x],[x],78000.00,[x],[x],122000.00,[x],[x]
2000 Q3,England and Wales,K04000001,130000.00,[x],[x],101000.00,[x],[x],103000.00,[x],[x],76000.00,[x],[x],124000.00,[x],[x]
2000 Q4,England and Wales,K04000001,133000.00,[x],[x],102000.00,[x],[x],105000.00,[x],[x],77000.00,[x],[x],125000.00,[x],[x]
2001 Q1,England and Wales,K04000001,137000.00,[x],[x],105000.00,[x],[x],108000.00,[x],[x],80000.00,[x],[x],129000.00,[x],[x]
2001 Q2,England and Wales,K04000001,136000.00,[x],[x],111000.00,[x],[x],113000.00,[x],[x],84000.00,[x],[x],134000.00,[x],[x]
2001 Q3,England and Wales,K04000001,144000.00,[x],[x],115000.00,[x],[x],118000.00,[x],[x],88000.00,[x],[x],139000.00,[x],[x]
2001 Q4,England and Wales,K04000001,145000.00,[x],[x],111000.00,[x],[x],114000.00,[x],[x],89000.00,[x],[x],128000.00,[x],[x]
2002 Q1,England and Wales,K04000001,153000.00,[x],[x],111000.00,[x],[x],114000.00,[x],[x],92000.00,[x],[x],125000.00,[x],[x]
2002 Q2,England and Wales,K04000001,162000.00,[x],[x],123000.00,[x],[x],127000.00,[x],[x],101000.00,[x],[x],137000.00,[x],[x]
2002 Q3,England and Wales,K04000001,175000.00,[x],[x],133000.00,[x],[x],137000.00,[x],[x],112000.00,[x],[x],148000.00,[x],[x]
2002 Q4,England and Wales,K04000001,176000.00,[x],[x],132000.00,[x],[x],135000.00,[x],[x],112000.00,[x],[x],145000.00,[x],[x]
2003 Q1,England and Wales,K04000001,175000.00,[x],[x],133000.00,[x],[x],135000.00,[x],[x],106000.00,[x],[x],144000.00,[x],[x]
2003 Q2,England and Wales,K04000001,190000.00,[x],[x],140000.00,[x],[x],143000.00,[x],[x],110000.00,[x],[x],154000.00,[x],[x]
2003 Q3,England and Wales,K04000001,211000.00,[x],[x],162000.00,[x],[x],164000.00,[x],[x],116000.00,[x],[x],173000.00,[x],[x]
2003 Q4,England and Wales,K04000001,211000.00,[x],[x],166000.00,[x],[x],168000.00,[x],[x],120000.00,[x],[x],178000.00,[x],[x]
2004 Q1,England and Wales,K04000001,215000.00,[x],[x],168000.00,[x],[x],171000.00,[x],[x],123000.00,[x],[x],182000.00,[x],[x]
2004 Q2,England and Wales,K04000001,219000.00,[x],[x],175000.00,[x],[x],179000.00,[x],[x],132000.00,[x],[x],188000.00,[x],[x]
2004 Q3,England and Wales,K04000001,227000.00,[x],[x],187000.00,[x],[x],191000.00,[x],[x],139000.00,[x],[x],202000.00,[x],[x]
2004 Q4,England and Wales,K04000001,217000.00,[x],[x],184000.00,[x],[x],188000.00,[x],[x],140000.00,[x],[x],200000.00,[x],[x]
2005 Q1,England and Wales,K04000001,223000.00,[x],[x],184000.00,[x],[x],187000.00,[x],[x],140000.00,[x],[x],200000.00,[x],[x]
2005 Q2,England and Wales,K04000001,224000.00,[x],[x],189000.00,[x],[x],192000.00,[x],[x],146000.00,[x],[x],203000.00,[x],[x]
2005 Q3,England and Wales,K04000001,225000.00,[x],[x],198000.00,[x],[x],201000.00,[x],[x],148000.00,[x],[x],219000.00,[x],[x]
2005 Q4,England and Wales,K04000001,222000.00,[x],[x],189000.00,[x],[x],190000.00,[x],[x],136000.00,[x],[x],225000.00,[x],[x]
2006 Q1,England and Wales,K04000001,230000.00,[x],[x],193000.00,[x],[x],194000.00,[x],[x],138000.00,[x],[x],230000.00,[x],[x]
2006 Q2,England and Wales,K04000001,228000.00,[x],[x],199000.00,[x],[x],200000.00,[x],[x],144000.00,[x],[x],233000.00,[x],[x]
2006 Q3,England and Wales,K04000001,225000.00,[x],[x],214000.00,[x],[x],215000.00,[x],[x],152000.00,[x],[x],250000.00,[x],[x]
2006 Q4,England and Wales,K04000001,225000.00,[x],[x],212000.00,[x],[x],213000.00,[x],[x],151000.00,[x],[x],246000.00,[x],[x]
2007 Q1,England and Wales,K04000001,222000.00,[x],[x],217000.00,[x],[x],218000.00,[x],[x],154000.00,[x],[x],254000.00,[x],[x]
2007 Q2,England and Wales,K04000001,226000.00,[x],[x],218000.00,[x],[x],219000.00,[x],[x],159000.00,[x],[x],252000.00,[x],[x]
2007 Q3,England and Wales,K04000001,224000.00,[x],[x],232000.00,[x],[x],232000.00,[x],[x],164000.00,[x],[x],268000.00,[x],[x]
2007 Q4,England and Wales,K04000001,226000.00,[x],[x],225000.00,[x],[x],225000.00,[x],[x],161000.00,[x],[x],261000.00,[x],[x]
2008 Q1,England and Wales,K04000001,225000.00,[x],[x],227000.00,[x],[x],227000.00,[x],[x],161000.00,[x],[x],265000.00,[x],[x]
2008 Q2,England and Wales,K04000001,231000.00,[x],[x],228000.00,[x],[x],228000.00,[x],[x],166000.00,[x],[x],262000.00,[x],[x]
2008 Q3,England and Wales,K04000001,221000.00,[x],[x],235000.00,[x],[x],234000.00,[x],[x],168000.00,[x],[x],269000.00,[x],[x]
2008 Q4,England and Wales,K04000001,200000.00,[x],[x],224000.00,[x],[x],222000.00,[x],[x],158000.00,[x],[x],258000.00,[x],[x]
2009 Q1,England and Wales,K04000001,190000.00,[x],[x],219000.00,[x],[x],217000.00,[x],[x],155000.00,[x],[x],256000.00,[x],[x]
2009 Q2,England and Wales,K04000001,192000.00,[x],[x],218000.00,[x],[x],216000.00,[x],[x],158000.00,[x],[x],250000.00,[x],[x]
2009 Q3,England and Wales,K04000001,203000.00,[x],[x],239000.00,[x],[x],237000.00,[x],[x],173000.00,[x],[x],271000.00,[x],[x]
2009 Q4,England and Wales,K04000001,207000.00,[x],[x],237000.00,[x],[x],236000.00,[x],[x],177000.00,[x],[x],265000.00,[x],[x]
2010 Q1,England and Wales,K04000001,209000.00,[x],[x],257000.00,[x],[x],254000.00,[x],[x],186000.00,[x],[x],287000.00,[x],[x]
2010 Q2,England and Wales,K04000001,216000.00,[x],[x],253000.00,[x],[x],250000.00,[x],[x],187000.00,[x],[x],281000.00,[x],[x]
2010 Q3,England and Wales,K04000001,216000.00,[x],[x],262000.00,[x],[x],259000.00,[x],[x],188000.00,[x],[x],294000.00,[x],[x]
2010 Q4,England and Wales,K04000001,219000.00,[x],[x],249000.00,[x],[x],245000.00,[x],[x],177000.00,[x],[x],279000.00,[x],[x]
2011 Q1,England and Wales,K04000001,211000.00,[x],[x],251000.00,[x],[x],245000.00,[x],[x],178000.00,[x],[x],283000.00,[x],[x]
2011 Q2,England and Wales,K04000001,223000.00,[x],[x],244000.00,[x],[x],242000.00,[x],[x],180000.00,[x],[x],275000.00,[x],[x]
2011 Q3,England and Wales,K04000001,233000.00,[x],[x],257000.00,[x],[x],256000.00,[x],[x],187000.00,[x],[x],290000.00,[x],[x]
2011 Q4,England and Wales,K04000001,238000.00,[x],[x],244000.00,[x],[x],244000.00,[x],[x],178000.00,[x],[x],278000.00,[x],[x]
2012 Q1,England and Wales,K04000001,230000.00,[x],[x],241000.00,[x],[x],241000.00,[x],[x],180000.00,[x],[x],277000.00,[x],[x]
2012 Q2,England and Wales,K04000001,233000.00,[x],[x],246000.00,[x],[x],245000.00,[x],[x],181000.00,[x],[x],278000.00,[x],[x]
2012 Q3,England and Wales,K04000001,235000.00,[x],[x],256000.00,[x],[x],255000.00,[x],[x],187000.00,[x],[x],294000.00,[x],[x]
2012 Q4,England and Wales,K04000001,234000.00,[x],[x],250000.00,[x],[x],248000.00,[x],[x],183000.00,[x],[x],287000.00,[x],[x]
2013 Q1,England and Wales,K04000001,231000.00,[x],[x],245000.00,[x],[x],245000.00,[x],[x],181000.00,[x],[x],287000.00,[x],[x]
2013 Q2,England and Wales,K04000001,246000.00,[x],[x],246000.00,[x],[x],246000.00,[x],[x],190000.00,[x],[x],286000.00,[x],[x]
2013 Q3,England and Wales,K04000001,248000.00,[x],[x],262000.00,[x],[x],262000.00,[x],[x],197000.00,[x],[x],303000.00,[x],[x]
2013 Q4,England and Wales,K04000001,248000.00,[x],[x],257000.00,[x],[x],256000.00,[x],[x],194000.00,[x],[x],297000.00,[x],[x]
2014 Q1,England and Wales,K04000001,272000.00,[x],[x],262000.00,[x],[x],262000.00,[x],[x],197000.00,[x],[x],306000.00,[x],[x]
2014 Q2,England and Wales,K04000001,290000.00,[x],[x],265000.00,[x],[x],266000.00,[x],[x],202000.00,[x],[x],309000.00,[x],[x]
2014 Q3,England and Wales,K04000001,291000.00,[x],[x],280000.00,[x],[x],279000.00,[x],[x],210000.00,[x],[x],326000.00,[x],[x]
2014 Q4,England and Wales,K04000001,276000.00,[x],[x],269000.00,[x],[x],268000.00,[x],[x],203000.00,[x],[x],314000.00,[x],[x]
2015 Q1,England and Wales,K04000001,270000.00,[x],[x],272000.00,[x],[x],272000.00,[x],[x],204000.00,[x],[x],323000.00,[x],[x]
2015 Q2,England and Wales,K04000001,288000.00,[x],[x],267000.00,[x],[x],269000.00,[x],[x],203000.00,[x],[x],321000.00,[x],[x]
2015 Q3,England and Wales,K04000001,291000.00,[x],[x],291000.00,[x],[x],291000.00,[x],[x],210000.00,[x],[x],348000.00,[x],[x]
2015 Q4,England and Wales,K04000001,287000.00,[x],[x],286000.00,[x],[x],284000.00,[x],[x],207000.00,[x],[x],341000.00,[x],[x]
2016 Q1,England and Wales,K04000001,297000.00,[x],[x],296000.00,[x],[x],296000.00,[x],[x],213000.00,[x],[x],357000.00,[x],[x]
2016 Q2,England and Wales,K04000001,290000.00,[x],[x],268000.00,[x],[x],271000.00,[x],[x],209000.00,[x],[x],332000.00,[x],[x]
2016 Q3,England and Wales,K04000001,295000.00,[x],[x],288000.00,[x],[x],288000.00,[x],[x],216000.00,[x],[x],353000.00,[x],[x]
2016 Q4,England and Wales,K04000001,310000.00,[x],[x],283000.00,[x],[x],285000.00,[x],[x],215000.00,[x],[x],348000.00,[x],[x]
2017 Q1,England and Wales,K04000001,300000.00,[x],[x],275000.00,[x],[x],278000.00,[x],[x],210000.00,[x],[x],342000.00,[x],[x]
2017 Q2,England and Wales,K04000001,313000.00,[x],[x],277000.00,[x],[x],282000.00,[x],[x],215000.00,[x],[x],345000.00,[x],[x]
2017 Q3,England and Wales,K04000001,313000.00,[x],[x],289000.00,[x],[x],291000.00,[x],[x],217000.00,[x],[x],357000.00,[x],[x]
2017 Q4,England and Wales,K04000001,315000.00,[x],[x],276000.00,[x],[x],282000.00,[x],[x],214000.00,[x],[x],344000.00,[x],[x]
2018 Q1,England and Wales,K04000001,313000.00,[x],[x],281000.00,[x],[x],284000.00,[x],[x],216000.00,[x],[x],352000.00,[x],[x]
2018 Q2,England and Wales,K04000001,318000.00,[x],[x],276000.00,[x],[x],282000.00,[x],[x],220000.00,[x],[x],345000.00,[x],[x]
2018 Q3,England and Wales,K04000001,319000.00,[x],[x],289000.00,[x],[x],293000.00,[x],[x],223000.00,[x],[x],358000.00,[x],[x]
2018 Q4,England and Wales,K04000001,311000.00,[x],[x],279000.00,[x],[x],284000.00,[x],[x],220000.00,[x],[x],346000.00,[x],[x]
2019 Q1,England and Wales,K04000001,310000.00,[x],[x],274000.00,[x],[x],279000.00,[x],[x],217000.00,[x],[x],343000.00,[x],[x]
2019 Q2,England and Wales,K04000001,312000.00,[x],[x],273000.00,[x],[x],279000.00,[x],[x],218000.00,[x],[x],342000.00,[x],[x]
2019 Q3,England and Wales,K04000001,317000.00,[x],[x],288000.00,[x],[x],292000.00,[x],[x],222000.00,[x],[x],360000.00,[x],[x]
2019 Q4,England and Wales,K04000001,316000.00,[x],[x],288000.00,[x],[x],292000.00,[x],[x],223000.00,[x],[x],357000.00,[x],[x]
2020 Q1,England and Wales,K04000001,321000.00,[x],[x],290000.00,[x],[x],294000.00,[x],[x],226000.00,[x],[x],361000.00,[x],[x]
2020 Q2,England and Wales,K04000001,313000.00,[x],[x],279000.00,[x],[x],283000.00,[x],[x],221000.00,[x],[x],352000.00,[x],[x]
2020 Q3,England and Wales,K04000001,328000.00,[x],[x],318000.00,[x],[x],319000.00,[x],[x],243000.00,[x],[x],391000.00,[x],[x]
2020 Q4,England and Wales,K04000001,333000.00,[x],[x],330000.00,[x],[x],329000.00,[x],[x],248000.00,[x],[x],397000.00,[x],[x]
2021 Q1,England and Wales,K04000001,343000.00,[x],[x],351000.00,[x],[x],349000.00,[x],[x],260000.00,[x],[x],412000.00,[x],[x]
2021 Q2,England and Wales,K04000001,336000.00,[x],[x],349000.00,[x],[x],346000.00,[x],[x],259000.00,[x],[x],419000.00,[x],[x]
2021 Q3,England and Wales,K04000001,304000.00,[x],[x],298000.00,[x],[x],299000.00,[x],[x],226000.00,[x],[x],372000.00,[x],[x]
2021 Q4,England and Wales,K04000001,318000.00,[x],[x],315000.00,[x],[x],315000.00,[x],[x],236000.00,[x],[x],409000.00,[x],[x]
2022 Q1,England and Wales,K04000001,337000.00,[x],[x],334000.00,[x],[x],334000.00,[x],[x],250000.00,[x],[x],424000.00,[x],[x]
2022 Q2,England and Wales,K04000001,339000.00,[x],[x],341000.00,[x],[x],339000.00,[x],[x],259000.00,[x],[x],428000.00,[x],[x]
2022 Q3,England and Wales,K04000001,344000.00,[x],[x],360000.00,[x],[x],357000.00,[x],[x],269000.00,[x],[x],450000.00,[x],[x]
2022 Q4,England and Wales,K04000001,338000.00,[x],[x],348000.00,[x],[x],346000.00,[x],[x],266000.00,[x],[x],435000.00,[x],[x]
2023 Q1,England and Wales,K04000001,335000.00,[x],[x],330000.00,[x],[x],331000.00,[x],[x],256000.00,[x],[x],416000.00,[x],[x]
2023 Q2,England and Wales,K04000001,332000.00,[x],[x],330000.00,[x],[x],330000.00,[x],[x],255000.00,[x],[x],413000.00,[x],[x]
2023 Q3,England and Wales,K04000001,325000.00,[x],[x],348000.00,[x],[x],345000.00,[x],[x],262000.00,[x],[x],434000.00,[x],[x]
2023 Q4,England and Wales,K04000001,319000.00,[x],[x],330000.00,[x],[x],329000.00,[x],[x],253000.00,[x],[x],414000.00,[x],[x]
2024 Q1,England and Wales,K04000001,307000.00,206000.00,74000.00,339000.00,229000.00,76000.00,335000.00,226000.00,76000.00,258000.00,199000.00,62000.00,430000.00,260000.00,93000.00
2024 Q2,England and Wales,K04000001,327000.00,225000.00,77000.00,345000.00,237000.00,77000.00,342000.00,235000.00,77000.00,269000.00,209000.00,64000.00,432000.00,267000.00,94000.00
2024 Q3,England and Wales,K04000001,331000.00,223000.00,77000.00,362000.00,247000.00,80000.00,359000.00,244000.00,79000.00,277000.00,216000.00,65000.00,452000.00,276000.00,96000.00
2024 Q4,England and Wales,K04000001,334000.00,234000.00,78000.00,353000.00,243000.00,77000.00,350000.00,242000.00,77000.00,274000.00,216000.00,64000.00,439000.00,272000.00,93000.00
2025 Q1,England and Wales,K04000001,342000.00,240000.00,78000.00,366000.00,253000.00,79000.00,363000.00,252000.00,79000.00,292000.00,230000.00,67000.00,443000.00,278000.00,93000.00
2025 Q2,England and Wales,K04000001,334000.00,240000.00,76000.00,327000.00,232000.00,73000.00,328000.00,233000.00,73000.00,255000.00,204000.00,60000.00,430000.00,274000.00,91000.00
2025 Q3,England and Wales,K04000001,342000.00,242000.00,77000.00,360000.00,251000.00,78000.00,358000.00,250000.00,78000.00,274000.00,218000.00,64000.00,460000.00,290000.00,95000.00
2025 Q4,England and Wales,K04000001,350000.00,252000.00,79000.00,351000.00,248000.00,76000.00,351000.00,249000.00,76000.00,271000.00,217000.00,62000.00,444000.00,286000.00,92000.00
2026 Q1,England and Wales,K04000001,331000.00,240000.00,75000.00,352000.00,251000.00,75000.00,350000.00,249000.00,75000.00,272000.00,219000.00,62000.00,443000.00,286000.00,91000.00
1992 Q1,England,E92000001,[x],[x],[x],[x],[x],[x],[x],[x],[x],[x],[x],[x],[x],[x],[x]
1992 Q2,England,E92000001,79000.00,53000.00,24000.00,62000.00,45000.00,21000.00,64000.00,46000.00,21000.00,49000.00,41000.00,18000.00,79000.00,50000.00,24000.00
1992 Q3,England,E92000001,72000.00,51000.00,23000.00,65000.00,46000.00,22000.00,66000.00,47000.00,22000.00,51000.00,42000.00,19000.00,82000.00,51000.00,25000.00
1992 Q4,England,E92000001,71000.00,51000.00,23000.00,59000.00,43000.00,21000.00,61000.00,44000.00,21000.00,47000.00,39000.00,18000.00,79000.00,50000.00,25000.00
1993 Q1,England,E92000001,75000.00,54000.00,25000.00,61000.00,44000.00,21000.00,63000.00,45000.00,22000.00,49000.00,40000.00,19000.00,80000.00,51000.00,25000.00
1993 Q2,England,E92000001,74000.00,52000.00,23000.00,62000.00,45000.00,21000.00,64000.00,46000.00,22000.00,50000.00,41000.00,19000.00,80000.00,52000.00,25000.00
1993 Q3,England,E92000001,74000.00,51000.00,24000.00,64000.00,46000.00,22000.00,66000.00,47000.00,22000.00,50000.00,41000.00,19000.00,84000.00,53000.00,26000.00
1993 Q4,England,E92000001,76000.00,54000.00,24000.00,63000.00,45000.00,22000.00,65000.00,47000.00,22000.00,50000.00,41000.00,19000.00,82000.00,52000.00,26000.00
1994 Q1,England,E92000001,76000.00,53000.00,24000.00,63000.00,46000.00,22000.00,65000.00,47000.00,22000.00,49000.00,41000.00,19000.00,85000.00,54000.00,27000.00
1994 Q2,England,E92000001,76000.00,54000.00,25000.00,65000.00,48000.00,22000.00,67000.00,49000.00,23000.00,51000.00,42000.00,19000.00,87000.00,57000.00,27000.00
1994 Q3,England,E92000001,76000.00,54000.00,25000.00,67000.00,49000.00,23000.00,69000.00,49000.00,23000.00,51000.00,42000.00,19000.00,89000.00,57000.00,28000.00
1994 Q4,England,E92000001,81000.00,58000.00,26000.00,66000.00,48000.00,22000.00,69000.00,50000.00,23000.00,52000.00,43000.00,19000.00,89000.00,57000.00,28000.00
1995 Q1,England,E92000001,77000.00,57000.00,27000.00,62000.00,47000.00,22000.00,65000.00,48000.00,23000.00,49000.00,42000.00,19000.00,85000.00,55000.00,28000.00
1995 Q2,England,E92000001,80000.00,60000.00,27000.00,65000.00,49000.00,23000.00,68000.00,50000.00,24000.00,49000.00,44000.00,19000.00,90000.00,58000.00,29000.00
1995 Q3,England,E92000001,83000.00,60000.00,28000.00,68000.00,50000.00,23000.00,71000.00,51000.00,24000.00,48000.00,43000.00,19000.00,93000.00,59000.00,29000.00
1995 Q4,England,E92000001,85000.00,61000.00,28000.00,66000.00,48000.00,23000.00,69000.00,50000.00,24000.00,48000.00,43000.00,19000.00,90000.00,57000.00,29000.00
1996 Q1,England,E92000001,84000.00,60000.00,29000.00,66000.00,49000.00,23000.00,68000.00,50000.00,24000.00,48000.00,43000.00,19000.00,91000.00,59000.00,29000.00
1996 Q2,England,E92000001,87000.00,64000.00,29000.00,69000.00,50000.00,24000.00,71000.00,52000.00,25000.00,50000.00,45000.00,20000.00,90000.00,58000.00,29000.00
1996 Q3,England,E92000001,90000.00,64000.00,30000.00,74000.00,53000.00,26000.00,76000.00,54000.00,26000.00,52000.00,46000.00,21000.00,96000.00,61000.00,31000.00
1996 Q4,England,E92000001,94000.00,66000.00,30000.00,70000.00,52000.00,25000.00,72000.00,53000.00,25000.00,50000.00,45000.00,20000.00,93000.00,60000.00,30000.00
1997 Q1,England,E92000001,100000.00,68000.00,33000.00,73000.00,54000.00,25000.00,75000.00,55000.00,26000.00,50000.00,46000.00,20000.00,96000.00,62000.00,30000.00
1997 Q2,England,E92000001,96000.00,68000.00,32000.00,76000.00,55000.00,26000.00,78000.00,57000.00,27000.00,52000.00,48000.00,21000.00,99000.00,64000.00,31000.00
1997 Q3,England,E92000001,97000.00,69000.00,32000.00,79000.00,57000.00,27000.00,81000.00,58000.00,27000.00,57000.00,50000.00,22000.00,101000.00,65000.00,32000.00
1997 Q4,England,E92000001,96000.00,68000.00,31000.00,77000.00,56000.00,26000.00,79000.00,57000.00,26000.00,57000.00,49000.00,22000.00,98000.00,63000.00,30000.00
1998 Q1,England,E92000001,98000.00,71000.00,31000.00,78000.00,56000.00,27000.00,81000.00,58000.00,27000.00,57000.00,50000.00,22000.00,102000.00,64000.00,32000.00
1998 Q2,England,E92000001,102000.00,73000.00,33000.00,81000.00,59000.00,27000.00,84000.00,60000.00,28000.00,63000.00,53000.00,23000.00,105000.00,67000.00,32000.00
1998 Q3,England,E92000001,98000.00,70000.00,33000.00,86000.00,60000.00,28000.00,88000.00,61000.00,29000.00,68000.00,55000.00,24000.00,106000.00,67000.00,33000.00
1998 Q4,England,E92000001,105000.00,78000.00,35000.00,83000.00,59000.00,27000.00,86000.00,61000.00,28000.00,65000.00,53000.00,23000.00,104000.00,68000.00,32000.00
1999 Q1,England,E92000001,113000.00,76000.00,35000.00,84000.00,60000.00,28000.00,87000.00,62000.00,29000.00,68000.00,55000.00,24000.00,106000.00,68000.00,33000.00
1999 Q2,England,E92000001,118000.00,82000.00,37000.00,90000.00,64000.00,29000.00,93000.00,66000.00,30000.00,74000.00,60000.00,26000.00,110000.00,71000.00,34000.00
1999 Q3,England,E92000001,120000.00,84000.00,38000.00,99000.00,69000.00,31000.00,101000.00,70000.00,32000.00,77000.00,61000.00,27000.00,121000.00,77000.00,36000.00
1999 Q4,England,E92000001,124000.00,85000.00,38000.00,98000.00,68000.00,30000.00,100000.00,69000.00,31000.00,77000.00,61000.00,26000.00,120000.00,76000.00,35000.00
2000 Q1,England,E92000001,128000.00,87000.00,38000.00,99000.00,69000.00,30000.00,102000.00,71000.00,31000.00,78000.00,62000.00,27000.00,122000.00,78000.00,35000.00
2000 Q2,England,E92000001,129000.00,86000.00,39000.00,105000.00,73000.00,31000.00,107000.00,74000.00,32000.00,81000.00,65000.00,27000.00,126000.00,81000.00,35000.00
2000 Q3,England,E92000001,132000.00,88000.00,38000.00,106000.00,72000.00,32000.00,108000.00,74000.00,32000.00,80000.00,64000.00,27000.00,129000.00,81000.00,36000.00
2000 Q4,England,E92000001,135000.00,90000.00,39000.00,107000.00,74000.00,32000.00,110000.00,76000.00,33000.00,81000.00,64000.00,27000.00,132000.00,84000.00,37000.00
2001 Q1,England,E92000001,138000.00,95000.00,40000.00,110000.00,75000.00,33000.00,113000.00,77000.00,33000.00,85000.00,67000.00,28000.00,134000.00,85000.00,37000.00
2001 Q2,England,E92000001,139000.00,96000.00,40000.00,117000.00,79000.00,34000.00,119000.00,82000.00,35000.00,88000.00,70000.00,29000.00,141000.00,90000.00,38000.00
2001 Q3,England,E92000001,147000.00,97000.00,41000.00,122000.00,79000.00,35000.00,124000.00,81000.00,36000.00,93000.00,72000.00,30000.00,146000.00,90000.00,39000.00
2001 Q4,England,E92000001,147000.00,99000.00,44000.00,117000.00,77000.00,34000.00,120000.00,79000.00,35000.00,93000.00,73000.00,30000.00,137000.00,87000.00,39000.00
2002 Q1,England,E92000001,153000.00,106000.00,44000.00,118000.00,79000.00,35000.00,121000.00,82000.00,35000.00,96000.00,77000.00,30000.00,133000.00,87000.00,37000.00
2002 Q2,England,E92000001,163000.00,106000.00,45000.00,131000.00,86000.00,36000.00,134000.00,88000.00,37000.00,106000.00,83000.00,32000.00,145000.00,93000.00,39000.00
2002 Q3,England,E92000001,177000.00,113000.00,46000.00,142000.00,90000.00,38000.00,145000.00,93000.00,38000.00,119000.00,89000.00,35000.00,158000.00,97000.00,40000.00
2002 Q4,England,E92000001,178000.00,115000.00,47000.00,142000.00,91000.00,39000.00,145000.00,93000.00,39000.00,119000.00,91000.00,35000.00,156000.00,97000.00,41000.00
2003 Q1,England,E92000001,177000.00,115000.00,47000.00,142000.00,93000.00,39000.00,144000.00,94000.00,40000.00,113000.00,88000.00,34000.00,153000.00,95000.00,41000.00
2003 Q2,England,E92000001,194000.00,128000.00,51000.00,150000.00,96000.00,39000.00,153000.00,99000.00,40000.00,118000.00,91000.00,34000.00,164000.00,101000.00,41000.00
2003 Q3,England,E92000001,216000.00,136000.00,51000.00,172000.00,106000.00,40000.00,174000.00,108000.00,41000.00,123000.00,93000.00,30000.00,185000.00,110000.00,41000.00
2003 Q4,England,E92000001,214000.00,140000.00,53000.00,175000.00,109000.00,41000.00,177000.00,112000.00,42000.00,127000.00,97000.00,32000.00,187000.00,114000.00,42000.00
2004 Q1,England,E92000001,218000.00,140000.00,53000.00,177000.00,109000.00,41000.00,179000.00,109000.00,41000.00,129000.00,97000.00,33000.00,191000.00,113000.00,42000.00
2004 Q2,England,E92000001,222000.00,145000.00,53000.00,186000.00,115000.00,41000.00,189000.00,115000.00,42000.00,138000.00,105000.00,34000.00,198000.00,117000.00,42000.00
2004 Q3,England,E92000001,230000.00,148000.00,52000.00,198000.00,122000.00,40000.00,201000.00,121000.00,41000.00,145000.00,111000.00,34000.00,212000.00,125000.00,42000.00
2004 Q4,England,E92000001,219000.00,142000.00,52000.00,195000.00,122000.00,39000.00,198000.00,121000.00,41000.00,146000.00,110000.00,34000.00,210000.00,125000.00,42000.00
2005 Q1,England,E92000001,225000.00,143000.00,51000.00,196000.00,121000.00,41000.00,199000.00,120000.00,42000.00,147000.00,111000.00,35000.00,211000.00,123000.00,45000.00
2005 Q2,England,E92000001,226000.00,145000.00,53000.00,199000.00,127000.00,42000.00,202000.00,126000.00,43000.00,153000.00,116000.00,36000.00,213000.00,130000.00,45000.00
2005 Q3,England,E92000001,227000.00,148000.00,54000.00,209000.00,135000.00,45000.00,211000.00,134000.00,46000.00,155000.00,121000.00,38000.00,228000.00,139000.00,50000.00
2005 Q4,England,E92000001,224000.00,156000.00,59000.00,197000.00,136000.00,50000.00,198000.00,137000.00,50000.00,143000.00,120000.00,40000.00,233000.00,148000.00,56000.00
2006 Q1,England,E92000001,231000.00,155000.00,58000.00,202000.00,137000.00,51000.00,203000.00,137000.00,51000.00,145000.00,120000.00,41000.00,238000.00,148000.00,57000.00
2006 Q2,England,E92000001,230000.00,152000.00,56000.00,208000.00,142000.00,51000.00,209000.00,142000.00,52000.00,152000.00,126000.00,42000.00,242000.00,152000.00,57000.00
2006 Q3,England,E92000001,227000.00,149000.00,55000.00,223000.00,148000.00,54000.00,223000.00,148000.00,54000.00,159000.00,131000.00,43000.00,259000.00,158000.00,60000.00
2006 Q4,England,E92000001,227000.00,151000.00,55000.00,221000.00,148000.00,53000.00,221000.00,148000.00,53000.00,158000.00,131000.00,43000.00,255000.00,158000.00,59000.00
2007 Q1,England,E92000001,224000.00,150000.00,55000.00,226000.00,153000.00,55000.00,226000.00,153000.00,55000.00,161000.00,133000.00,43000.00,262000.00,164000.00,62000.00
2007 Q2,England,E92000001,227000.00,152000.00,55000.00,227000.00,155000.00,55000.00,227000.00,155000.00,55000.00,166000.00,136000.00,43000.00,262000.00,165000.00,61000.00
2007 Q3,England,E92000001,224000.00,146000.00,54000.00,242000.00,161000.00,56000.00,241000.00,160000.00,56000.00,172000.00,140000.00,44000.00,277000.00,171000.00,63000.00
2007 Q4,England,E92000001,227000.00,149000.00,53000.00,235000.00,156000.00,55000.00,234000.00,156000.00,55000.00,168000.00,136000.00,43000.00,270000.00,167000.00,61000.00
2008 Q1,England,E92000001,226000.00,148000.00,53000.00,237000.00,157000.00,55000.00,236000.00,156000.00,55000.00,168000.00,134000.00,42000.00,275000.00,169000.00,63000.00
2008 Q2,England,E92000001,233000.00,153000.00,55000.00,238000.00,157000.00,56000.00,238000.00,157000.00,56000.00,174000.00,136000.00,44000.00,272000.00,167000.00,63000.00
2008 Q3,England,E92000001,222000.00,137000.00,53000.00,245000.00,152000.00,58000.00,244000.00,151000.00,58000.00,176000.00,129000.00,43000.00,279000.00,163000.00,66000.00
2008 Q4,England,E92000001,201000.00,128000.00,49000.00,233000.00,141000.00,56000.00,231000.00,140000.00,55000.00,164000.00,119000.00,41000.00,267000.00,152000.00,63000.00
2009 Q1,England,E92000001,193000.00,125000.00,47000.00,227000.00,137000.00,55000.00,225000.00,136000.00,54000.00,161000.00,113000.00,40000.00,264000.00,151000.00,63000.00
2009 Q2,England,E92000001,194000.00,124000.00,49000.00,226000.00,137000.00,54000.00,223000.00,136000.00,54000.00,163000.00,113000.00,40000.00,258000.00,149000.00,61000.00
2009 Q3,England,E92000001,205000.00,122000.00,49000.00,246000.00,147000.00,57000.00,244000.00,146000.00,57000.00,178000.00,122000.00,43000.00,279000.00,158000.00,64000.00
2009 Q4,England,E92000001,209000.00,128000.00,52000.00,244000.00,147000.00,56000.00,242000.00,146000.00,56000.00,182000.00,124000.00,44000.00,272000.00,157000.00,62000.00
2010 Q1,England,E92000001,211000.00,131000.00,49000.00,265000.00,157000.00,60000.00,263000.00,156000.00,60000.00,193000.00,129000.00,46000.00,296000.00,168000.00,67000.00
2010 Q2,England,E92000001,218000.00,134000.00,52000.00,262000.00,157000.00,59000.00,259000.00,156000.00,59000.00,194000.00,132000.00,46000.00,291000.00,167000.00,65000.00
2010 Q3,England,E92000001,218000.00,131000.00,54000.00,271000.00,163000.00,61000.00,269000.00,162000.00,61000.00,196000.00,135000.00,47000.00,305000.00,175000.00,68000.00
2010 Q4,England,E92000001,222000.00,139000.00,53000.00,259000.00,159000.00,59000.00,254000.00,157000.00,58000.00,184000.00,130000.00,45000.00,289000.00,170000.00,65000.00
2011 Q1,England,E92000001,214000.00,135000.00,50000.00,261000.00,161000.00,60000.00,255000.00,158000.00,59000.00,185000.00,131000.00,45000.00,294000.00,173000.00,67000.00
2011 Q2,England,E92000001,225000.00,141000.00,54000.00,253000.00,157000.00,58000.00,250000.00,156000.00,58000.00,187000.00,133000.00,45000.00,285000.00,169000.00,65000.00
2011 Q3,England,E92000001,235000.00,141000.00,53000.00,266000.00,164000.00,59000.00,265000.00,163000.00,60000.00,194000.00,137000.00,46000.00,300000.00,177000.00,66000.00
2011 Q4,England,E92000001,241000.00,148000.00,54000.00,252000.00,159000.00,57000.00,252000.00,159000.00,57000.00,185000.00,133000.00,44000.00,287000.00,172000.00,64000.00
2012 Q1,England,E92000001,232000.00,147000.00,51000.00,249000.00,158000.00,56000.00,249000.00,158000.00,56000.00,187000.00,137000.00,45000.00,287000.00,171000.00,63000.00
2012 Q2,England,E92000001,235000.00,152000.00,53000.00,256000.00,162000.00,59000.00,255000.00,162000.00,59000.00,190000.00,138000.00,46000.00,289000.00,174000.00,65000.00
2012 Q3,England,E92000001,237000.00,150000.00,56000.00,266000.00,167000.00,60000.00,264000.00,167000.00,60000.00,195000.00,143000.00,47000.00,304000.00,180000.00,68000.00
2012 Q4,England,E92000001,237000.00,147000.00,55000.00,258000.00,164000.00,59000.00,256000.00,163000.00,59000.00,189000.00,140000.00,46000.00,297000.00,177000.00,66000.00
2013 Q1,England,E92000001,234000.00,148000.00,54000.00,254000.00,163000.00,59000.00,253000.00,162000.00,59000.00,189000.00,139000.00,46000.00,296000.00,178000.00,68000.00
2013 Q2,England,E92000001,250000.00,157000.00,57000.00,255000.00,165000.00,59000.00,255000.00,165000.00,59000.00,197000.00,147000.00,48000.00,296000.00,178000.00,67000.00
2013 Q3,England,E92000001,250000.00,164000.00,60000.00,272000.00,172000.00,61000.00,271000.00,173000.00,61000.00,205000.00,152000.00,49000.00,314000.00,186000.00,69000.00
2013 Q4,England,E92000001,250000.00,169000.00,61000.00,266000.00,173000.00,59000.00,264000.00,173000.00,59000.00,201000.00,151000.00,48000.00,307000.00,187000.00,67000.00
2014 Q1,England,E92000001,274000.00,180000.00,65000.00,270000.00,176000.00,59000.00,271000.00,177000.00,60000.00,205000.00,154000.00,48000.00,316000.00,193000.00,68000.00
2014 Q2,England,E92000001,294000.00,188000.00,70000.00,275000.00,182000.00,59000.00,275000.00,182000.00,60000.00,210000.00,159000.00,48000.00,320000.00,198000.00,68000.00
2014 Q3,England,E92000001,294000.00,184000.00,69000.00,290000.00,187000.00,62000.00,289000.00,187000.00,63000.00,218000.00,164000.00,50000.00,337000.00,202000.00,71000.00
2014 Q4,England,E92000001,280000.00,181000.00,68000.00,278000.00,181000.00,61000.00,276000.00,181000.00,61000.00,209000.00,158000.00,49000.00,325000.00,198000.00,70000.00
2015 Q1,England,E92000001,274000.00,178000.00,64000.00,282000.00,186000.00,62000.00,281000.00,185000.00,63000.00,212000.00,158000.00,49000.00,334000.00,206000.00,73000.00
2015 Q2,England,E92000001,294000.00,189000.00,67000.00,280000.00,188000.00,62000.00,282000.00,188000.00,63000.00,212000.00,162000.00,50000.00,336000.00,209000.00,73000.00
2015 Q3,England,E92000001,296000.00,187000.00,66000.00,305000.00,199000.00,66000.00,304000.00,198000.00,66000.00,219000.00,166000.00,51000.00,363000.00,220000.00,76000.00
2015 Q4,England,E92000001,292000.00,191000.00,64000.00,300000.00,197000.00,65000.00,296000.00,196000.00,64000.00,217000.00,165000.00,51000.00,356000.00,219000.00,75000.00
2016 Q1,England,E92000001,300000.00,194000.00,66000.00,311000.00,206000.00,67000.00,310000.00,205000.00,67000.00,223000.00,169000.00,52000.00,373000.00,230000.00,78000.00
2016 Q2,England,E92000001,293000.00,191000.00,63000.00,282000.00,191000.00,60000.00,283000.00,191000.00,60000.00,220000.00,169000.00,50000.00,347000.00,213000.00,70000.00
2016 Q3,England,E92000001,299000.00,193000.00,64000.00,302000.00,201000.00,64000.00,302000.00,201000.00,64000.00,226000.00,173000.00,51000.00,369000.00,225000.00,74000.00
2016 Q4,England,E92000001,315000.00,201000.00,66000.00,297000.00,197000.00,62000.00,299000.00,198000.00,63000.00,225000.00,171000.00,50000.00,364000.00,221000.00,74000.00
2017 Q1,England,E92000001,302000.00,192000.00,63000.00,290000.00,194000.00,61000.00,292000.00,194000.00,61000.00,221000.00,164000.00,49000.00,357000.00,221000.00,72000.00
2017 Q2,England,E92000001,316000.00,203000.00,64000.00,294000.00,199000.00,61000.00,298000.00,199000.00,62000.00,228000.00,171000.00,50000.00,362000.00,226000.00,73000.00
2017 Q3,England,E92000001,316000.00,203000.00,64000.00,305000.00,204000.00,63000.00,306000.00,204000.00,63000.00,229000.00,173000.00,50000.00,373000.00,230000.00,74000.00
2017 Q4,England,E92000001,319000.00,206000.00,64000.00,291000.00,196000.00,60000.00,296000.00,198000.00,60000.00,225000.00,170000.00,49000.00,359000.00,223000.00,70000.00
2018 Q1,England,E92000001,316000.00,203000.00,63000.00,295000.00,199000.00,61000.00,298000.00,199000.00,61000.00,227000.00,170000.00,50000.00,367000.00,227000.00,72000.00
2018 Q2,England,E92000001,321000.00,208000.00,64000.00,292000.00,200000.00,60000.00,297000.00,201000.00,61000.00,232000.00,174000.00,50000.00,362000.00,228000.00,72000.00
2018 Q3,England,E92000001,322000.00,207000.00,65000.00,306000.00,208000.00,63000.00,308000.00,207000.00,63000.00,236000.00,179000.00,51000.00,376000.00,234000.00,74000.00
2018 Q4,England,E92000001,314000.00,204000.00,62000.00,294000.00,201000.00,60000.00,298000.00,202000.00,61000.00,231000.00,175000.00,50000.00,361000.00,227000.00,71000.00
2019 Q1,England,E92000001,313000.00,201000.00,62000.00,288000.00,200000.00,60000.00,292000.00,200000.00,60000.00,227000.00,173000.00,49000.00,358000.00,228000.00,71000.00
2019 Q2,England,E92000001,314000.00,206000.00,64000.00,289000.00,203000.00,61000.00,294000.00,204000.00,62000.00,231000.00,176000.00,50000.00,359000.00,232000.00,73000.00
2019 Q3,England,E92000001,320000.00,207000.00,65000.00,305000.00,212000.00,63000.00,307000.00,210000.00,64000.00,234000.00,180000.00,52000.00,378000.00,240000.00,75000.00
2019 Q4,England,E92000001,319000.00,209000.00,64000.00,303000.00,210000.00,63000.00,306000.00,211000.00,63000.00,235000.00,180000.00,51000.00,375000.00,239000.00,74000.00
2020 Q1,England,E92000001,324000.00,209000.00,65000.00,305000.00,214000.00,64000.00,308000.00,213000.00,64000.00,237000.00,182000.00,52000.00,378000.00,244000.00,76000.00
2020 Q2,England,E92000001,316000.00,209000.00,65000.00,292000.00,208000.00,62000.00,295000.00,208000.00,63000.00,231000.00,180000.00,51000.00,366000.00,240000.00,75000.00
2020 Q3,England,E92000001,330000.00,217000.00,67000.00,334000.00,230000.00,69000.00,333000.00,227000.00,68000.00,254000.00,192000.00,55000.00,408000.00,261000.00,82000.00
2020 Q4,England,E92000001,336000.00,219000.00,67000.00,350000.00,236000.00,70000.00,347000.00,233000.00,70000.00,262000.00,194000.00,55000.00,417000.00,264000.00,82000.00
2021 Q1,England,E92000001,345000.00,220000.00,68000.00,367000.00,242000.00,72000.00,364000.00,239000.00,72000.00,273000.00,200000.00,57000.00,427000.00,266000.00,82000.00
2021 Q2,England,E92000001,338000.00,217000.00,67000.00,366000.00,243000.00,72000.00,362000.00,239000.00,72000.00,272000.00,201000.00,57000.00,435000.00,270000.00,83000.00
2021 Q3,England,E92000001,305000.00,201000.00,62000.00,311000.00,214000.00,63000.00,311000.00,212000.00,63000.00,236000.00,181000.00,51000.00,386000.00,243000.00,75000.00
2021 Q4,England,E92000001,319000.00,210000.00,64000.00,333000.00,227000.00,66000.00,330000.00,224000.00,65000.00,247000.00,188000.00,52000.00,433000.00,268000.00,81000.00
2022 Q1,England,E92000001,338000.00,219000.00,66000.00,351000.00,240000.00,69000.00,349000.00,236000.00,69000.00,261000.00,198000.00,55000.00,444000.00,278000.00,84000.00
2022 Q2,England,E92000001,340000.00,227000.00,67000.00,360000.00,249000.00,72000.00,356000.00,245000.00,71000.00,272000.00,207000.00,57000.00,451000.00,287000.00,86000.00
2022 Q3,England,E92000001,346000.00,229000.00,69000.00,380000.00,260000.00,75000.00,375000.00,255000.00,74000.00,282000.00,216000.00,60000.00,473000.00,297000.00,90000.00
2022 Q4,England,E92000001,339000.00,226000.00,69000.00,366000.00,249000.00,73000.00,361000.00,245000.00,73000.00,277000.00,212000.00,60000.00,454000.00,282000.00,87000.00
2023 Q1,England,E92000001,336000.00,216000.00,71000.00,347000.00,232000.00,72000.00,345000.00,230000.00,72000.00,266000.00,201000.00,59000.00,436000.00,264000.00,87000.00
2023 Q2,England,E92000001,333000.00,220000.00,74000.00,351000.00,235000.00,75000.00,348000.00,233000.00,75000.00,268000.00,204000.00,61000.00,436000.00,265000.00,90000.00
2023 Q3,England,E92000001,326000.00,211000.00,73000.00,368000.00,245000.00,78000.00,363000.00,240000.00,78000.00,276000.00,210000.00,63000.00,455000.00,272000.00,93000.00
2023 Q4,England,E92000001,320000.00,211000.00,74000.00,348000.00,231000.00,76000.00,344000.00,228000.00,76000.00,265000.00,202000.00,62000.00,433000.00,257000.00,90000.00
2024 Q1,England,E92000001,308000.00,206000.00,74000.00,346000.00,233000.00,77000.00,341000.00,230000.00,77000.00,262000.00,201000.00,63000.00,436000.00,264000.00,95000.00
2024 Q2,England,E92000001,328000.00,225000.00,77000.00,351000.00,241000.00,78000.00,348000.00,238000.00,78000.00,273000.00,212000.00,64000.00,439000.00,270000.00,95000.00
2024 Q3,England,E92000001,332000.00,224000.00,78000.00,369000.00,251000.00,81000.00,365000.00,248000.00,80000.00,282000.00,219000.00,65000.00,460000.00,281000.00,98000.00
2024 Q4,England,E92000001,335000.00,234000.00,78000.00,359000.00,247000.00,78000.00,356000.00,245000.00,78000.00,279000.00,219000.00,65000.00,446000.00,276000.00,94000.00
2025 Q1,England,E92000001,343000.00,241000.00,79000.00,371000.00,257000.00,80000.00,368000.00,255000.00,79000.00,296000.00,232000.00,67000.00,448000.00,281000.00,93000.00
2025 Q2,England,E92000001,335000.00,240000.00,76000.00,334000.00,236000.00,74000.00,334000.00,237000.00,74000.00,259000.00,206000.00,61000.00,438000.00,279000.00,92000.00
2025 Q3,England,E92000001,343000.00,242000.00,77000.00,366000.00,255000.00,79000.00,364000.00,254000.00,79000.00,278000.00,221000.00,64000.00,467000.00,294000.00,97000.00
2025 Q4,England,E92000001,350000.00,252000.00,79000.00,357000.00,252000.00,76000.00,356000.00,252000.00,77000.00,275000.00,220000.00,63000.00,451000.00,290000.00,93000.00
2026 Q1,England,E92000001,331000.00,240000.00,75000.00,358000.00,254000.00,76000.00,355000.00,253000.00,76000.00,276000.00,221000.00,62000.00,449000.00,290000.00,92000.00
1992 Q1,North East,E12000001,[x],[x],[x],[x],[x],[x],[x],[x],[x],[x],[x],[x],[x],[x],[x]
1992 Q2,North East,E12000001,75000.00,48000.00,24000.00,47000.00,35000.00,17000.00,49000.00,36000.00,18000.00,39000.00,33000.00,16000.00,58000.00,38000.00,19000.00
1992 Q3,North East,E12000001,66000.00,47000.00,21000.00,44000.00,33000.00,18000.00,47000.00,35000.00,18000.00,35000.00,30000.00,15000.00,58000.00,39000.00,20000.00
1992 Q4,North East,E12000001,72000.00,51000.00,24000.00,44000.00,33000.00,17000.00,46000.00,34000.00,18000.00,33000.00,28000.00,15000.00,63000.00,43000.00,22000.00
1993 Q1,North East,E12000001,69000.00,55000.00,25000.00,44000.00,34000.00,17000.00,47000.00,36000.00,18000.00,37000.00,32000.00,16000.00,60000.00,42000.00,21000.00
1993 Q2,North East,E12000001,81000.00,54000.00,28000.00,45000.00,35000.00,17000.00,48000.00,37000.00,18000.00,38000.00,32000.00,16000.00,61000.00,42000.00,21000.00
1993 Q3,North East,E12000001,76000.00,54000.00,24000.00,49000.00,37000.00,18000.00,51000.00,39000.00,19000.00,40000.00,33000.00,16000.00,65000.00,44000.00,22000.00
1993 Q4,North East,E12000001,69000.00,47000.00,23000.00,44000.00,34000.00,18000.00,48000.00,36000.00,18000.00,34000.00,30000.00,15000.00,62000.00,41000.00,21000.00
1994 Q1,North East,E12000001,73000.00,49000.00,25000.00,45000.00,35000.00,18000.00,48000.00,37000.00,19000.00,37000.00,31000.00,16000.00,64000.00,46000.00,24000.00
1994 Q2,North East,E12000001,71000.00,46000.00,23000.00,46000.00,36000.00,18000.00,49000.00,37000.00,18000.00,35000.00,30000.00,15000.00,66000.00,45000.00,23000.00
1994 Q3,North East,E12000001,68000.00,43000.00,22000.00,45000.00,35000.00,18000.00,47000.00,36000.00,18000.00,37000.00,31000.00,16000.00,64000.00,43000.00,22000.00
1994 Q4,North East,E12000001,81000.00,53000.00,27000.00,47000.00,36000.00,19000.00,52000.00,38000.00,20000.00,37000.00,32000.00,16000.00,68000.00,45000.00,25000.00
1995 Q1,North East,E12000001,70000.00,53000.00,25000.00,41000.00,33000.00,17000.00,43000.00,35000.00,18000.00,33000.00,30000.00,15000.00,59000.00,41000.00,21000.00
1995 Q2,North East,E12000001,66000.00,53000.00,24000.00,45000.00,34000.00,18000.00,47000.00,37000.00,18000.00,35000.00,32000.00,15000.00,63000.00,42000.00,22000.00
1995 Q3,North East,E12000001,70000.00,51000.00,24000.00,45000.00,36000.00,20000.00,48000.00,37000.00,20000.00,35000.00,32000.00,16000.00,66000.00,44000.00,25000.00
1995 Q4,North East,E12000001,68000.00,48000.00,24000.00,44000.00,34000.00,18000.00,47000.00,36000.00,19000.00,33000.00,30000.00,15000.00,65000.00,43000.00,24000.00
1996 Q1,North East,E12000001,68000.00,49000.00,24000.00,47000.00,36000.00,18000.00,50000.00,38000.00,19000.00,35000.00,32000.00,15000.00,69000.00,45000.00,23000.00
1996 Q2,North East,E12000001,77000.00,56000.00,25000.00,48000.00,36000.00,19000.00,53000.00,40000.00,20000.00,39000.00,34000.00,16000.00,68000.00,45000.00,23000.00
1996 Q3,North East,E12000001,78000.00,56000.00,24000.00,49000.00,38000.00,19000.00,52000.00,40000.00,20000.00,35000.00,33000.00,16000.00,70000.00,48000.00,24000.00
1996 Q4,North East,E12000001,70000.00,52000.00,24000.00,46000.00,37000.00,18000.00,48000.00,38000.00,19000.00,36000.00,33000.00,16000.00,65000.00,46000.00,23000.00
1997 Q1,North East,E12000001,74000.00,53000.00,23000.00,47000.00,37000.00,20000.00,50000.00,39000.00,21000.00,35000.00,32000.00,16000.00,67000.00,46000.00,25000.00
1997 Q2,North East,E12000001,72000.00,55000.00,25000.00,51000.00,38000.00,20000.00,53000.00,40000.00,21000.00,39000.00,35000.00,18000.00,71000.00,46000.00,25000.00
1997 Q3,North East,E12000001,73000.00,54000.00,25000.00,50000.00,40000.00,20000.00,52000.00,41000.00,21000.00,36000.00,32000.00,16000.00,71000.00,51000.00,26000.00
1997 Q4,North East,E12000001,81000.00,60000.00,28000.00,50000.00,39000.00,19000.00,55000.00,42000.00,21000.00,37000.00,34000.00,16000.00,71000.00,49000.00,24000.00
1998 Q1,North East,E12000001,72000.00,59000.00,27000.00,50000.00,37000.00,20000.00,53000.00,40000.00,21000.00,38000.00,34000.00,17000.00,72000.00,47000.00,25000.00
1998 Q2,North East,E12000001,68000.00,56000.00,25000.00,55000.00,41000.00,22000.00,57000.00,43000.00,22000.00,44000.00,38000.00,19000.00,74000.00,49000.00,26000.00
1998 Q3,North East,E12000001,84000.00,61000.00,33000.00,53000.00,40000.00,21000.00,56000.00,42000.00,22000.00,47000.00,40000.00,20000.00,67000.00,45000.00,25000.00
1998 Q4,North East,E12000001,80000.00,55000.00,28000.00,53000.00,40000.00,21000.00,57000.00,42000.00,22000.00,45000.00,38000.00,20000.00,67000.00,46000.00,25000.00
1999 Q1,North East,E12000001,83000.00,68000.00,28000.00,55000.00,43000.00,21000.00,58000.00,46000.00,22000.00,47000.00,40000.00,19000.00,74000.00,54000.00,26000.00
1999 Q2,North East,E12000001,88000.00,63000.00,35000.00,58000.00,45000.00,23000.00,63000.00,48000.00,25000.00,52000.00,44000.00,22000.00,74000.00,52000.00,27000.00
1999 Q3,North East,E12000001,91000.00,66000.00,31000.00,60000.00,45000.00,25000.00,63000.00,48000.00,25000.00,48000.00,42000.00,21000.00,82000.00,55000.00,30000.00
1999 Q4,North East,E12000001,79000.00,55000.00,26000.00,59000.00,45000.00,24000.00,62000.00,46000.00,24000.00,45000.00,38000.00,20000.00,80000.00,55000.00,28000.00
2000 Q1,North East,E12000001,91000.00,74000.00,33000.00,54000.00,43000.00,23000.00,58000.00,46000.00,24000.00,47000.00,40000.00,20000.00,77000.00,56000.00,30000.00
2000 Q2,North East,E12000001,90000.00,64000.00,29000.00,64000.00,48000.00,24000.00,67000.00,50000.00,25000.00,56000.00,46000.00,22000.00,77000.00,54000.00,27000.00
2000 Q3,North East,E12000001,90000.00,69000.00,32000.00,61000.00,47000.00,25000.00,64000.00,49000.00,26000.00,50000.00,43000.00,22000.00,78000.00,55000.00,30000.00
2000 Q4,North East,E12000001,94000.00,66000.00,30000.00,60000.00,45000.00,24000.00,65000.00,48000.00,25000.00,51000.00,40000.00,21000.00,78000.00,56000.00,29000.00
2001 Q1,North East,E12000001,91000.00,65000.00,29000.00,59000.00,47000.00,23000.00,62000.00,48000.00,24000.00,48000.00,41000.00,20000.00,75000.00,55000.00,27000.00
2001 Q2,North East,E12000001,96000.00,76000.00,31000.00,68000.00,50000.00,26000.00,69000.00,52000.00,26000.00,54000.00,45000.00,22000.00,85000.00,59000.00,30000.00
2001 Q3,North East,E12000001,107000.00,67000.00,30000.00,68000.00,51000.00,25000.00,71000.00,53000.00,25000.00,53000.00,46000.00,21000.00,85000.00,58000.00,28000.00
2001 Q4,North East,E12000001,122000.00,81000.00,49000.00,70000.00,53000.00,27000.00,75000.00,55000.00,29000.00,57000.00,48000.00,23000.00,85000.00,61000.00,31000.00
2002 Q1,North East,E12000001,116000.00,89000.00,38000.00,64000.00,47000.00,23000.00,69000.00,50000.00,25000.00,53000.00,45000.00,22000.00,82000.00,57000.00,27000.00
2002 Q2,North East,E12000001,107000.00,80000.00,36000.00,73000.00,53000.00,26000.00,77000.00,56000.00,27000.00,58000.00,49000.00,24000.00,87000.00,63000.00,28000.00
2002 Q3,North East,E12000001,120000.00,87000.00,36000.00,75000.00,52000.00,27000.00,80000.00,55000.00,27000.00,55000.00,45000.00,23000.00,89000.00,63000.00,29000.00
2002 Q4,North East,E12000001,144000.00,101000.00,39000.00,81000.00,58000.00,28000.00,87000.00,62000.00,29000.00,67000.00,57000.00,26000.00,100000.00,67000.00,31000.00
2003 Q1,North East,E12000001,135000.00,101000.00,32000.00,78000.00,56000.00,27000.00,82000.00,59000.00,27000.00,63000.00,50000.00,22000.00,91000.00,64000.00,30000.00
2003 Q2,North East,E12000001,147000.00,113000.00,40000.00,92000.00,65000.00,31000.00,96000.00,68000.00,31000.00,64000.00,53000.00,22000.00,109000.00,74000.00,34000.00
2003 Q3,North East,E12000001,162000.00,113000.00,43000.00,103000.00,69000.00,31000.00,107000.00,71000.00,32000.00,63000.00,50000.00,21000.00,118000.00,77000.00,33000.00
2003 Q4,North East,E12000001,170000.00,116000.00,46000.00,108000.00,73000.00,31000.00,111000.00,75000.00,32000.00,70000.00,56000.00,23000.00,124000.00,82000.00,32000.00
2004 Q1,North East,E12000001,174000.00,115000.00,46000.00,109000.00,71000.00,31000.00,110000.00,71000.00,31000.00,68000.00,53000.00,23000.00,128000.00,79000.00,33000.00
2004 Q2,North East,E12000001,181000.00,121000.00,45000.00,123000.00,79000.00,32000.00,126000.00,79000.00,33000.00,80000.00,62000.00,23000.00,138000.00,85000.00,34000.00
2004 Q3,North East,E12000001,174000.00,119000.00,45000.00,131000.00,85000.00,31000.00,133000.00,84000.00,32000.00,88000.00,68000.00,25000.00,146000.00,90000.00,33000.00
2004 Q4,North East,E12000001,195000.00,131000.00,45000.00,131000.00,84000.00,32000.00,136000.00,84000.00,33000.00,89000.00,67000.00,26000.00,150000.00,92000.00,35000.00
2005 Q1,North East,E12000001,163000.00,108000.00,40000.00,131000.00,84000.00,32000.00,132000.00,82000.00,32000.00,89000.00,67000.00,27000.00,147000.00,88000.00,34000.00
2005 Q2,North East,E12000001,193000.00,123000.00,48000.00,134000.00,90000.00,33000.00,138000.00,89000.00,34000.00,96000.00,75000.00,28000.00,151000.00,96000.00,37000.00
2005 Q3,North East,E12000001,196000.00,132000.00,48000.00,135000.00,91000.00,35000.00,139000.00,92000.00,35000.00,99000.00,81000.00,29000.00,155000.00,101000.00,39000.00
2005 Q4,North East,E12000001,185000.00,132000.00,53000.00,129000.00,93000.00,37000.00,131000.00,95000.00,38000.00,91000.00,81000.00,30000.00,164000.00,107000.00,43000.00
2006 Q1,North East,E12000001,183000.00,132000.00,48000.00,129000.00,93000.00,36000.00,131000.00,95000.00,36000.00,89000.00,78000.00,29000.00,166000.00,107000.00,42000.00
2006 Q2,North East,E12000001,194000.00,135000.00,47000.00,136000.00,98000.00,38000.00,139000.00,100000.00,38000.00,98000.00,86000.00,31000.00,167000.00,109000.00,44000.00
2006 Q3,North East,E12000001,182000.00,127000.00,44000.00,144000.00,102000.00,39000.00,147000.00,103000.00,40000.00,101000.00,88000.00,31000.00,177000.00,113000.00,45000.00
2006 Q4,North East,E12000001,195000.00,138000.00,48000.00,145000.00,103000.00,40000.00,149000.00,105000.00,41000.00,101000.00,90000.00,32000.00,179000.00,115000.00,46000.00
2007 Q1,North East,E12000001,195000.00,134000.00,48000.00,146000.00,106000.00,41000.00,148000.00,107000.00,41000.00,103000.00,91000.00,32000.00,177000.00,118000.00,47000.00
2007 Q2,North East,E12000001,197000.00,138000.00,50000.00,147000.00,106000.00,40000.00,150000.00,108000.00,40000.00,108000.00,94000.00,32000.00,175000.00,117000.00,45000.00
2007 Q3,North East,E12000001,188000.00,132000.00,49000.00,153000.00,109000.00,41000.00,155000.00,110000.00,41000.00,109000.00,94000.00,32000.00,181000.00,119000.00,47000.00
2007 Q4,North East,E12000001,197000.00,140000.00,52000.00,152000.00,108000.00,41000.00,156000.00,111000.00,42000.00,109000.00,95000.00,33000.00,183000.00,120000.00,47000.00
2008 Q1,North East,E12000001,197000.00,134000.00,52000.00,152000.00,107000.00,41000.00,154000.00,109000.00,41000.00,108000.00,93000.00,32000.00,182000.00,118000.00,47000.00
2008 Q2,North East,E12000001,200000.00,140000.00,50000.00,159000.00,111000.00,43000.00,162000.00,114000.00,44000.00,114000.00,95000.00,34000.00,189000.00,124000.00,49000.00
2008 Q3,North East,E12000001,207000.00,139000.00,51000.00,157000.00,105000.00,44000.00,161000.00,108000.00,44000.00,115000.00,91000.00,34000.00,183000.00,116000.00,49000.00
2008 Q4,North East,E12000001,188000.00,125000.00,47000.00,154000.00,102000.00,43000.00,157000.00,103000.00,43000.00,113000.00,88000.00,34000.00,179000.00,111000.00,48000.00
2009 Q1,North East,E12000001,167000.00,123000.00,46000.00,152000.00,100000.00,45000.00,153000.00,101000.00,45000.00,110000.00,85000.00,34000.00,181000.00,111000.00,52000.00
2009 Q2,North East,E12000001,178000.00,122000.00,47000.00,147000.00,95000.00,42000.00,150000.00,98000.00,42000.00,112000.00,84000.00,34000.00,173000.00,106000.00,48000.00
2009 Q3,North East,E12000001,190000.00,122000.00,46000.00,155000.00,100000.00,44000.00,158000.00,101000.00,45000.00,113000.00,83000.00,34000.00,179000.00,110000.00,50000.00
2009 Q4,North East,E12000001,185000.00,126000.00,49000.00,165000.00,106000.00,45000.00,167000.00,107000.00,45000.00,122000.00,89000.00,35000.00,189000.00,116000.00,50000.00
2010 Q1,North East,E12000001,182000.00,126000.00,46000.00,159000.00,102000.00,44000.00,160000.00,104000.00,44000.00,115000.00,83000.00,33000.00,183000.00,114000.00,49000.00
2010 Q2,North East,E12000001,181000.00,123000.00,47000.00,164000.00,105000.00,45000.00,165000.00,106000.00,45000.00,116000.00,89000.00,35000.00,189000.00,115000.00,50000.00
2010 Q3,North East,E12000001,166000.00,118000.00,45000.00,164000.00,109000.00,46000.00,165000.00,109000.00,46000.00,114000.00,89000.00,33000.00,190000.00,119000.00,52000.00
2010 Q4,North East,E12000001,180000.00,124000.00,54000.00,154000.00,103000.00,44000.00,156000.00,105000.00,45000.00,113000.00,87000.00,34000.00,178000.00,114000.00,52000.00
2011 Q1,North East,E12000001,158000.00,109000.00,40000.00,157000.00,103000.00,46000.00,154000.00,103000.00,45000.00,108000.00,83000.00,35000.00,181000.00,115000.00,51000.00
2011 Q2,North East,E12000001,173000.00,108000.00,42000.00,154000.00,100000.00,42000.00,155000.00,102000.00,43000.00,108000.00,84000.00,33000.00,182000.00,113000.00,48000.00
2011 Q3,North East,E12000001,169000.00,106000.00,48000.00,151000.00,100000.00,42000.00,153000.00,102000.00,43000.00,112000.00,86000.00,33000.00,177000.00,111000.00,49000.00
2011 Q4,North East,E12000001,173000.00,118000.00,47000.00,148000.00,102000.00,42000.00,151000.00,104000.00,42000.00,110000.00,86000.00,34000.00,174000.00,114000.00,47000.00
2012 Q1,North East,E12000001,166000.00,110000.00,45000.00,146000.00,99000.00,42000.00,148000.00,100000.00,42000.00,110000.00,87000.00,34000.00,170000.00,108000.00,47000.00
2012 Q2,North East,E12000001,160000.00,112000.00,42000.00,152000.00,104000.00,44000.00,152000.00,105000.00,44000.00,109000.00,87000.00,33000.00,180000.00,116000.00,51000.00
2012 Q3,North East,E12000001,167000.00,115000.00,44000.00,157000.00,108000.00,45000.00,158000.00,109000.00,45000.00,111000.00,90000.00,35000.00,185000.00,120000.00,52000.00
2012 Q4,North East,E12000001,171000.00,120000.00,47000.00,148000.00,102000.00,44000.00,152000.00,104000.00,45000.00,110000.00,86000.00,34000.00,179000.00,117000.00,52000.00
2013 Q1,North East,E12000001,176000.00,121000.00,50000.00,148000.00,104000.00,44000.00,152000.00,106000.00,44000.00,112000.00,89000.00,35000.00,180000.00,119000.00,51000.00
2013 Q2,North East,E12000001,173000.00,118000.00,47000.00,152000.00,107000.00,44000.00,155000.00,108000.00,44000.00,113000.00,91000.00,34000.00,183000.00,120000.00,51000.00
2013 Q3,North East,E12000001,181000.00,126000.00,64000.00,155000.00,107000.00,45000.00,157000.00,109000.00,46000.00,110000.00,88000.00,36000.00,187000.00,122000.00,53000.00
2013 Q4,North East,E12000001,185000.00,133000.00,52000.00,150000.00,105000.00,43000.00,154000.00,109000.00,44000.00,112000.00,91000.00,34000.00,182000.00,120000.00,51000.00
2014 Q1,North East,E12000001,195000.00,134000.00,52000.00,151000.00,108000.00,44000.00,154000.00,109000.00,44000.00,112000.00,91000.00,34000.00,183000.00,123000.00,52000.00
2014 Q2,North East,E12000001,185000.00,133000.00,55000.00,157000.00,113000.00,44000.00,160000.00,116000.00,45000.00,117000.00,96000.00,36000.00,191000.00,130000.00,53000.00
2014 Q3,North East,E12000001,189000.00,131000.00,54000.00,162000.00,115000.00,46000.00,165000.00,118000.00,48000.00,121000.00,99000.00,37000.00,198000.00,132000.00,55000.00
2014 Q4,North East,E12000001,187000.00,134000.00,53000.00,162000.00,116000.00,48000.00,167000.00,120000.00,49000.00,123000.00,99000.00,38000.00,199000.00,135000.00,56000.00
2015 Q1,North East,E12000001,187000.00,135000.00,50000.00,162000.00,117000.00,48000.00,165000.00,119000.00,48000.00,119000.00,95000.00,37000.00,202000.00,138000.00,57000.00
2015 Q2,North East,E12000001,186000.00,131000.00,50000.00,162000.00,118000.00,47000.00,166000.00,120000.00,47000.00,126000.00,101000.00,37000.00,199000.00,136000.00,56000.00
2015 Q3,North East,E12000001,200000.00,141000.00,54000.00,169000.00,122000.00,48000.00,173000.00,124000.00,49000.00,125000.00,100000.00,38000.00,209000.00,142000.00,58000.00
2015 Q4,North East,E12000001,188000.00,135000.00,49000.00,164000.00,119000.00,47000.00,167000.00,121000.00,46000.00,123000.00,100000.00,36000.00,205000.00,139000.00,55000.00
2016 Q1,North East,E12000001,196000.00,141000.00,52000.00,161000.00,118000.00,47000.00,165000.00,121000.00,47000.00,122000.00,100000.00,37000.00,200000.00,138000.00,55000.00
2016 Q2,North East,E12000001,197000.00,138000.00,49000.00,159000.00,118000.00,45000.00,165000.00,121000.00,46000.00,128000.00,103000.00,37000.00,204000.00,139000.00,54000.00
2016 Q3,North East,E12000001,206000.00,146000.00,52000.00,167000.00,122000.00,47000.00,171000.00,125000.00,47000.00,130000.00,105000.00,38000.00,210000.00,141000.00,56000.00
2016 Q4,North East,E12000001,205000.00,145000.00,57000.00,167000.00,122000.00,47000.00,172000.00,125000.00,49000.00,131000.00,104000.00,37000.00,212000.00,145000.00,59000.00
2017 Q1,North East,E12000001,209000.00,143000.00,50000.00,157000.00,117000.00,45000.00,165000.00,122000.00,46000.00,126000.00,101000.00,37000.00,207000.00,143000.00,55000.00
2017 Q2,North East,E12000001,215000.00,151000.00,50000.00,159000.00,119000.00,45000.00,169000.00,125000.00,46000.00,128000.00,104000.00,36000.00,214000.00,148000.00,56000.00
2017 Q3,North East,E12000001,218000.00,153000.00,52000.00,160000.00,120000.00,45000.00,168000.00,125000.00,46000.00,129000.00,105000.00,37000.00,209000.00,145000.00,55000.00
2017 Q4,North East,E12000001,216000.00,151000.00,52000.00,157000.00,118000.00,44000.00,168000.00,124000.00,45000.00,127000.00,104000.00,36000.00,210000.00,146000.00,55000.00
2018 Q1,North East,E12000001,215000.00,149000.00,50000.00,153000.00,116000.00,43000.00,163000.00,121000.00,44000.00,123000.00,100000.00,36000.00,209000.00,145000.00,54000.00
2018 Q2,North East,E12000001,213000.00,149000.00,50000.00,157000.00,119000.00,43000.00,168000.00,125000.00,45000.00,130000.00,105000.00,36000.00,210000.00,146000.00,54000.00
2018 Q3,North East,E12000001,227000.00,158000.00,55000.00,162000.00,122000.00,46000.00,173000.00,128000.00,47000.00,130000.00,107000.00,37000.00,215000.00,149000.00,57000.00
2018 Q4,North East,E12000001,216000.00,152000.00,50000.00,158000.00,120000.00,44000.00,171000.00,128000.00,46000.00,133000.00,108000.00,37000.00,211000.00,149000.00,55000.00
2019 Q1,North East,E12000001,225000.00,160000.00,55000.00,154000.00,117000.00,43000.00,166000.00,125000.00,45000.00,129000.00,105000.00,36000.00,208000.00,147000.00,55000.00
2019 Q2,North East,E12000001,220000.00,155000.00,53000.00,157000.00,121000.00,44000.00,170000.00,128000.00,46000.00,134000.00,109000.00,38000.00,211000.00,150000.00,55000.00
2019 Q3,North East,E12000001,235000.00,165000.00,55000.00,162000.00,123000.00,45000.00,173000.00,130000.00,47000.00,131000.00,108000.00,38000.00,216000.00,152000.00,56000.00
2019 Q4,North East,E12000001,232000.00,165000.00,55000.00,160000.00,122000.00,45000.00,175000.00,131000.00,47000.00,132000.00,108000.00,38000.00,220000.00,156000.00,58000.00
2020 Q1,North East,E12000001,239000.00,170000.00,57000.00,156000.00,121000.00,45000.00,170000.00,129000.00,47000.00,128000.00,106000.00,38000.00,216000.00,154000.00,57000.00
2020 Q2,North East,E12000001,222000.00,162000.00,55000.00,157000.00,122000.00,45000.00,166000.00,127000.00,46000.00,130000.00,107000.00,37000.00,210000.00,153000.00,58000.00
2020 Q3,North East,E12000001,230000.00,162000.00,55000.00,177000.00,133000.00,48000.00,186000.00,138000.00,49000.00,142000.00,116000.00,39000.00,232000.00,162000.00,60000.00
2020 Q4,North East,E12000001,246000.00,172000.00,57000.00,186000.00,136000.00,49000.00,198000.00,143000.00,51000.00,149000.00,118000.00,40000.00,240000.00,164000.00,60000.00
2021 Q1,North East,E12000001,248000.00,169000.00,56000.00,191000.00,137000.00,49000.00,201000.00,143000.00,51000.00,146000.00,113000.00,39000.00,247000.00,167000.00,60000.00
2021 Q2,North East,E12000001,238000.00,168000.00,56000.00,196000.00,142000.00,51000.00,203000.00,146000.00,52000.00,147000.00,118000.00,40000.00,255000.00,173000.00,62000.00
2021 Q3,North East,E12000001,239000.00,174000.00,57000.00,174000.00,132000.00,46000.00,183000.00,138000.00,47000.00,141000.00,117000.00,39000.00,228000.00,160000.00,56000.00
2021 Q4,North East,E12000001,240000.00,171000.00,56000.00,166000.00,127000.00,45000.00,181000.00,136000.00,47000.00,141000.00,116000.00,39000.00,231000.00,162000.00,58000.00
2022 Q1,North East,E12000001,261000.00,187000.00,60000.00,174000.00,132000.00,47000.00,188000.00,141000.00,49000.00,142000.00,117000.00,40000.00,242000.00,170000.00,61000.00
2022 Q2,North East,E12000001,241000.00,176000.00,57000.00,181000.00,137000.00,48000.00,194000.00,146000.00,50000.00,149000.00,122000.00,40000.00,248000.00,173000.00,61000.00
2022 Q3,North East,E12000001,260000.00,190000.00,61000.00,194000.00,146000.00,51000.00,204000.00,153000.00,52000.00,153000.00,127000.00,42000.00,263000.00,183000.00,64000.00
2022 Q4,North East,E12000001,253000.00,185000.00,62000.00,190000.00,142000.00,51000.00,204000.00,151000.00,53000.00,157000.00,129000.00,43000.00,257000.00,177000.00,65000.00
2023 Q1,North East,E12000001,269000.00,188000.00,64000.00,182000.00,133000.00,50000.00,195000.00,141000.00,52000.00,147000.00,119000.00,43000.00,250000.00,166000.00,63000.00
2023 Q2,North East,E12000001,254000.00,185000.00,65000.00,185000.00,135000.00,52000.00,200000.00,146000.00,55000.00,152000.00,124000.00,45000.00,254000.00,170000.00,66000.00
2023 Q3,North East,E12000001,269000.00,187000.00,67000.00,194000.00,141000.00,55000.00,205000.00,148000.00,57000.00,155000.00,126000.00,47000.00,260000.00,172000.00,68000.00
2023 Q4,North East,E12000001,257000.00,179000.00,67000.00,189000.00,137000.00,55000.00,201000.00,145000.00,57000.00,151000.00,124000.00,46000.00,258000.00,168000.00,70000.00
2024 Q1,North East,E12000001,270000.00,191000.00,71000.00,191000.00,140000.00,58000.00,203000.00,147000.00,60000.00,151000.00,123000.00,47000.00,265000.00,176000.00,76000.00
2024 Q2,North East,E12000001,256000.00,188000.00,67000.00,189000.00,140000.00,55000.00,201000.00,149000.00,57000.00,160000.00,133000.00,48000.00,249000.00,168000.00,68000.00
2024 Q3,North East,E12000001,264000.00,187000.00,67000.00,199000.00,148000.00,58000.00,207000.00,153000.00,59000.00,156000.00,130000.00,47000.00,265000.00,178000.00,73000.00
2024 Q4,North East,E12000001,262000.00,195000.00,69000.00,197000.00,147000.00,57000.00,209000.00,156000.00,59000.00,160000.00,134000.00,49000.00,266000.00,181000.00,71000.00
2025 Q1,North East,E12000001,269000.00,202000.00,69000.00,205000.00,152000.00,58000.00,214000.00,158000.00,59000.00,165000.00,137000.00,49000.00,267000.00,182000.00,71000.00
2025 Q2,North East,E12000001,273000.00,205000.00,71000.00,188000.00,144000.00,55000.00,204000.00,156000.00,58000.00,158000.00,133000.00,49000.00,272000.00,188000.00,72000.00
2025 Q3,North East,E12000001,284000.00,214000.00,71000.00,196000.00,149000.00,55000.00,208000.00,158000.00,57000.00,161000.00,135000.00,48000.00,268000.00,186000.00,69000.00
2025 Q4,North East,E12000001,285000.00,217000.00,75000.00,203000.00,153000.00,57000.00,216000.00,164000.00,60000.00,166000.00,140000.00,49000.00,278000.00,193000.00,74000.00
2026 Q1,North East,E12000001,292000.00,218000.00,72000.00,205000.00,155000.00,57000.00,217000.00,163000.00,59000.00,169000.00,141000.00,50000.00,275000.00,190000.00,71000.00
1992 Q1,North West,E12000002,[x],[x],[x],[x],[x],[x],[x],[x],[x],[x],[x],[x],[x],[x],[x]
1992 Q2,North West,E12000002,76000.00,51000.00,23000.00,54000.00,39000.00,19000.00,57000.00,41000.00,19000.00,44000.00,37000.00,16000.00,68000.00,44000.00,22000.00
1992 Q3,North West,E12000002,73000.00,54000.00,24000.00,57000.00,40000.00,20000.00,58000.00,42000.00,20000.00,43000.00,36000.00,17000.00,73000.00,47000.00,23000.00
1992 Q4,North West,E12000002,76000.00,54000.00,25000.00,51000.00,38000.00,18000.00,55000.00,40000.00,19000.00,42000.00,35000.00,17000.00,72000.00,47000.00,22000.00
1993 Q1,North West,E12000002,75000.00,55000.00,29000.00,52000.00,39000.00,19000.00,55000.00,41000.00,20000.00,43000.00,35000.00,16000.00,71000.00,48000.00,24000.00
1993 Q2,North West,E12000002,69000.00,51000.00,22000.00,54000.00,41000.00,19000.00,56000.00,42000.00,20000.00,44000.00,37000.00,17000.00,72000.00,48000.00,23000.00
1993 Q3,North West,E12000002,73000.00,49000.00,24000.00,54000.00,40000.00,19000.00,57000.00,41000.00,20000.00,42000.00,37000.00,16000.00,74000.00,47000.00,24000.00
1993 Q4,North West,E12000002,74000.00,52000.00,24000.00,53000.00,40000.00,19000.00,55000.00,41000.00,19000.00,43000.00,37000.00,17000.00,71000.00,46000.00,23000.00
1994 Q1,North West,E12000002,71000.00,53000.00,24000.00,55000.00,41000.00,21000.00,57000.00,42000.00,21000.00,43000.00,37000.00,19000.00,74000.00,49000.00,24000.00
1994 Q2,North West,E12000002,71000.00,53000.00,23000.00,53000.00,41000.00,19000.00,55000.00,43000.00,20000.00,43000.00,37000.00,17000.00,72000.00,50000.00,23000.00
1994 Q3,North West,E12000002,70000.00,49000.00,24000.00,56000.00,42000.00,21000.00,59000.00,43000.00,21000.00,43000.00,37000.00,17000.00,80000.00,51000.00,26000.00
1994 Q4,North West,E12000002,78000.00,58000.00,26000.00,54000.00,40000.00,19000.00,58000.00,42000.00,20000.00,41000.00,36000.00,16000.00,80000.00,50000.00,26000.00
1995 Q1,North West,E12000002,72000.00,55000.00,26000.00,49000.00,39000.00,19000.00,53000.00,41000.00,20000.00,41000.00,36000.00,17000.00,74000.00,50000.00,26000.00
1995 Q2,North West,E12000002,75000.00,53000.00,25000.00,55000.00,42000.00,21000.00,58000.00,44000.00,21000.00,43000.00,38000.00,18000.00,79000.00,51000.00,26000.00
1995 Q3,North West,E12000002,71000.00,55000.00,27000.00,54000.00,41000.00,20000.00,56000.00,43000.00,21000.00,40000.00,36000.00,17000.00,78000.00,51000.00,27000.00
1995 Q4,North West,E12000002,78000.00,60000.00,27000.00,53000.00,40000.00,20000.00,57000.00,44000.00,21000.00,41000.00,38000.00,17000.00,77000.00,52000.00,26000.00
1996 Q1,North West,E12000002,71000.00,52000.00,24000.00,51000.00,41000.00,20000.00,53000.00,42000.00,20000.00,40000.00,37000.00,17000.00,72000.00,51000.00,25000.00
1996 Q2,North West,E12000002,67000.00,53000.00,24000.00,53000.00,40000.00,20000.00,55000.00,42000.00,21000.00,41000.00,37000.00,17000.00,74000.00,48000.00,26000.00
1996 Q3,North West,E12000002,76000.00,58000.00,29000.00,59000.00,44000.00,22000.00,61000.00,46000.00,23000.00,43000.00,38000.00,18000.00,81000.00,53000.00,28000.00
1996 Q4,North West,E12000002,75000.00,58000.00,25000.00,58000.00,44000.00,21000.00,60000.00,45000.00,22000.00,43000.00,40000.00,18000.00,77000.00,50000.00,26000.00
1997 Q1,North West,E12000002,84000.00,60000.00,32000.00,60000.00,45000.00,22000.00,62000.00,46000.00,23000.00,42000.00,38000.00,18000.00,80000.00,53000.00,28000.00
1997 Q2,North West,E12000002,87000.00,63000.00,30000.00,59000.00,45000.00,23000.00,62000.00,47000.00,23000.00,44000.00,40000.00,19000.00,80000.00,53000.00,28000.00
1997 Q3,North West,E12000002,83000.00,60000.00,29000.00,61000.00,47000.00,22000.00,64000.00,48000.00,23000.00,45000.00,40000.00,18000.00,82000.00,56000.00,28000.00
1997 Q4,North West,E12000002,82000.00,65000.00,29000.00,60000.00,45000.00,22000.00,63000.00,48000.00,23000.00,47000.00,40000.00,19000.00,82000.00,56000.00,27000.00
1998 Q1,North West,E12000002,84000.00,62000.00,30000.00,62000.00,47000.00,24000.00,65000.00,48000.00,24000.00,45000.00,41000.00,20000.00,86000.00,56000.00,30000.00
1998 Q2,North West,E12000002,82000.00,61000.00,28000.00,60000.00,47000.00,23000.00,63000.00,48000.00,23000.00,49000.00,42000.00,19000.00,81000.00,56000.00,29000.00
1998 Q3,North West,E12000002,82000.00,63000.00,30000.00,67000.00,48000.00,25000.00,69000.00,50000.00,25000.00,51000.00,43000.00,20000.00,87000.00,57000.00,30000.00
1998 Q4,North West,E12000002,89000.00,67000.00,29000.00,63000.00,47000.00,24000.00,66000.00,49000.00,24000.00,53000.00,44000.00,22000.00,81000.00,54000.00,28000.00
1999 Q1,North West,E12000002,89000.00,61000.00,30000.00,64000.00,48000.00,24000.00,67000.00,50000.00,25000.00,53000.00,44000.00,21000.00,84000.00,58000.00,29000.00
1999 Q2,North West,E12000002,87000.00,65000.00,28000.00,66000.00,50000.00,24000.00,68000.00,52000.00,25000.00,53000.00,45000.00,21000.00,84000.00,59000.00,29000.00
1999 Q3,North West,E12000002,95000.00,71000.00,33000.00,73000.00,54000.00,27000.00,76000.00,57000.00,28000.00,56000.00,47000.00,23000.00,97000.00,66000.00,32000.00
1999 Q4,North West,E12000002,97000.00,71000.00,32000.00,73000.00,53000.00,26000.00,75000.00,55000.00,27000.00,57000.00,47000.00,22000.00,93000.00,63000.00,32000.00
2000 Q1,North West,E12000002,104000.00,74000.00,33000.00,70000.00,53000.00,25000.00,74000.00,56000.00,26000.00,55000.00,47000.00,22000.00,91000.00,63000.00,30000.00
2000 Q2,North West,E12000002,110000.00,75000.00,38000.00,79000.00,59000.00,28000.00,83000.00,61000.00,29000.00,64000.00,52000.00,25000.00,99000.00,68000.00,33000.00
2000 Q3,North West,E12000002,100000.00,71000.00,32000.00,74000.00,55000.00,26000.00,77000.00,57000.00,27000.00,60000.00,49000.00,23000.00,92000.00,63000.00,31000.00
2000 Q4,North West,E12000002,96000.00,74000.00,33000.00,74000.00,55000.00,27000.00,76000.00,58000.00,27000.00,59000.00,49000.00,23000.00,91000.00,65000.00,32000.00
2001 Q1,North West,E12000002,102000.00,74000.00,31000.00,75000.00,56000.00,27000.00,77000.00,58000.00,27000.00,61000.00,50000.00,23000.00,94000.00,66000.00,31000.00
2001 Q2,North West,E12000002,114000.00,86000.00,38000.00,75000.00,57000.00,27000.00,79000.00,60000.00,28000.00,60000.00,50000.00,24000.00,94000.00,68000.00,31000.00
2001 Q3,North West,E12000002,104000.00,74000.00,37000.00,90000.00,64000.00,30000.00,91000.00,65000.00,31000.00,67000.00,55000.00,25000.00,112000.00,75000.00,35000.00
2001 Q4,North West,E12000002,117000.00,83000.00,39000.00,77000.00,56000.00,27000.00,80000.00,59000.00,28000.00,61000.00,52000.00,23000.00,94000.00,67000.00,32000.00
2002 Q1,North West,E12000002,102000.00,78000.00,36000.00,80000.00,57000.00,28000.00,82000.00,60000.00,29000.00,61000.00,52000.00,23000.00,93000.00,65000.00,32000.00
2002 Q2,North West,E12000002,142000.00,96000.00,43000.00,87000.00,63000.00,31000.00,93000.00,66000.00,32000.00,73000.00,59000.00,28000.00,106000.00,73000.00,35000.00
2002 Q3,North West,E12000002,131000.00,94000.00,38000.00,91000.00,64000.00,30000.00,93000.00,66000.00,30000.00,78000.00,63000.00,28000.00,104000.00,70000.00,32000.00
2002 Q4,North West,E12000002,135000.00,93000.00,41000.00,95000.00,68000.00,31000.00,98000.00,70000.00,32000.00,78000.00,65000.00,28000.00,110000.00,75000.00,34000.00
2003 Q1,North West,E12000002,134000.00,97000.00,41000.00,97000.00,67000.00,32000.00,99000.00,68000.00,33000.00,76000.00,61000.00,27000.00,106000.00,71000.00,34000.00
2003 Q2,North West,E12000002,155000.00,111000.00,46000.00,103000.00,71000.00,33000.00,108000.00,75000.00,34000.00,78000.00,62000.00,26000.00,118000.00,80000.00,37000.00
2003 Q3,North West,E12000002,165000.00,113000.00,45000.00,120000.00,79000.00,33000.00,122000.00,81000.00,34000.00,75000.00,60000.00,24000.00,135000.00,86000.00,36000.00
2003 Q4,North West,E12000002,169000.00,118000.00,49000.00,124000.00,83000.00,33000.00,125000.00,85000.00,34000.00,81000.00,65000.00,25000.00,138000.00,90000.00,36000.00
2004 Q1,North West,E12000002,174000.00,120000.00,53000.00,123000.00,80000.00,33000.00,125000.00,81000.00,34000.00,79000.00,62000.00,24000.00,139000.00,87000.00,36000.00
2004 Q2,North West,E12000002,174000.00,122000.00,53000.00,136000.00,88000.00,34000.00,138000.00,89000.00,35000.00,92000.00,73000.00,26000.00,151000.00,94000.00,37000.00
2004 Q3,North West,E12000002,192000.00,131000.00,50000.00,145000.00,93000.00,34000.00,148000.00,94000.00,35000.00,96000.00,76000.00,27000.00,161000.00,100000.00,37000.00
2004 Q4,North West,E12000002,176000.00,123000.00,48000.00,143000.00,94000.00,33000.00,146000.00,94000.00,35000.00,96000.00,76000.00,27000.00,159000.00,100000.00,37000.00
2005 Q1,North West,E12000002,196000.00,133000.00,49000.00,143000.00,91000.00,35000.00,147000.00,91000.00,36000.00,100000.00,77000.00,28000.00,162000.00,97000.00,39000.00
2005 Q2,North West,E12000002,184000.00,124000.00,47000.00,147000.00,98000.00,35000.00,150000.00,98000.00,36000.00,107000.00,85000.00,29000.00,163000.00,103000.00,38000.00
2005 Q3,North West,E12000002,188000.00,131000.00,50000.00,151000.00,102000.00,37000.00,154000.00,103000.00,38000.00,109000.00,89000.00,31000.00,172000.00,110000.00,42000.00
2005 Q4,North West,E12000002,196000.00,143000.00,59000.00,145000.00,105000.00,40000.00,147000.00,106000.00,41000.00,103000.00,89000.00,32000.00,182000.00,121000.00,48000.00
2006 Q1,North West,E12000002,192000.00,137000.00,49000.00,145000.00,104000.00,40000.00,146000.00,105000.00,40000.00,103000.00,89000.00,32000.00,182000.00,118000.00,46000.00
2006 Q2,North West,E12000002,199000.00,141000.00,54000.00,153000.00,109000.00,41000.00,155000.00,110000.00,42000.00,109000.00,93000.00,33000.00,187000.00,122000.00,48000.00
2006 Q3,North West,E12000002,198000.00,140000.00,52000.00,163000.00,114000.00,43000.00,164000.00,115000.00,43000.00,114000.00,98000.00,33000.00,198000.00,127000.00,49000.00
2006 Q4,North West,E12000002,195000.00,138000.00,52000.00,163000.00,115000.00,42000.00,165000.00,116000.00,43000.00,116000.00,100000.00,34000.00,196000.00,126000.00,49000.00
2007 Q1,North West,E12000002,194000.00,140000.00,49000.00,164000.00,117000.00,43000.00,165000.00,118000.00,44000.00,117000.00,100000.00,34000.00,199000.00,129000.00,50000.00
2007 Q2,North West,E12000002,208000.00,146000.00,55000.00,168000.00,119000.00,43000.00,170000.00,121000.00,44000.00,122000.00,104000.00,35000.00,201000.00,132000.00,50000.00
2007 Q3,North West,E12000002,190000.00,133000.00,48000.00,173000.00,122000.00,45000.00,173000.00,123000.00,45000.00,122000.00,105000.00,35000.00,205000.00,134000.00,51000.00
2007 Q4,North West,E12000002,207000.00,144000.00,55000.00,169000.00,120000.00,44000.00,171000.00,121000.00,44000.00,122000.00,104000.00,35000.00,204000.00,133000.00,51000.00
2008 Q1,North West,E12000002,200000.00,140000.00,53000.00,172000.00,121000.00,45000.00,174000.00,122000.00,45000.00,121000.00,102000.00,35000.00,208000.00,135000.00,52000.00
2008 Q2,North West,E12000002,211000.00,145000.00,53000.00,172000.00,121000.00,45000.00,175000.00,122000.00,46000.00,124000.00,103000.00,35000.00,204000.00,134000.00,52000.00
2008 Q3,North West,E12000002,202000.00,124000.00,48000.00,176000.00,116000.00,47000.00,177000.00,116000.00,47000.00,125000.00,98000.00,35000.00,207000.00,127000.00,53000.00
2008 Q4,North West,E12000002,182000.00,120000.00,47000.00,173000.00,111000.00,46000.00,174000.00,112000.00,46000.00,122000.00,93000.00,35000.00,204000.00,123000.00,52000.00
2009 Q1,North West,E12000002,158000.00,106000.00,41000.00,166000.00,108000.00,45000.00,166000.00,108000.00,45000.00,117000.00,89000.00,34000.00,198000.00,121000.00,52000.00
2009 Q2,North West,E12000002,171000.00,115000.00,45000.00,167000.00,108000.00,45000.00,167000.00,109000.00,45000.00,117000.00,89000.00,34000.00,197000.00,120000.00,52000.00
2009 Q3,North West,E12000002,187000.00,119000.00,47000.00,180000.00,114000.00,48000.00,181000.00,114000.00,48000.00,125000.00,92000.00,35000.00,211000.00,126000.00,54000.00
2009 Q4,North West,E12000002,186000.00,120000.00,51000.00,183000.00,115000.00,49000.00,183000.00,115000.00,49000.00,130000.00,94000.00,36000.00,211000.00,126000.00,55000.00
2010 Q1,North West,E12000002,181000.00,123000.00,44000.00,185000.00,117000.00,49000.00,185000.00,117000.00,48000.00,122000.00,88000.00,34000.00,216000.00,132000.00,56000.00
2010 Q2,North West,E12000002,189000.00,126000.00,47000.00,185000.00,119000.00,48000.00,185000.00,119000.00,48000.00,129000.00,95000.00,36000.00,214000.00,132000.00,54000.00
2010 Q3,North West,E12000002,178000.00,119000.00,47000.00,185000.00,120000.00,48000.00,185000.00,120000.00,48000.00,128000.00,96000.00,36000.00,216000.00,134000.00,55000.00
2010 Q4,North West,E12000002,181000.00,125000.00,47000.00,180000.00,117000.00,47000.00,179000.00,118000.00,47000.00,124000.00,94000.00,35000.00,211000.00,132000.00,54000.00
2011 Q1,North West,E12000002,189000.00,126000.00,48000.00,174000.00,116000.00,48000.00,173000.00,116000.00,47000.00,122000.00,93000.00,36000.00,207000.00,131000.00,55000.00
2011 Q2,North West,E12000002,192000.00,129000.00,53000.00,175000.00,115000.00,46000.00,175000.00,116000.00,47000.00,124000.00,95000.00,35000.00,206000.00,129000.00,53000.00
2011 Q3,North West,E12000002,197000.00,129000.00,50000.00,179000.00,118000.00,46000.00,180000.00,119000.00,47000.00,125000.00,95000.00,35000.00,211000.00,132000.00,53000.00
2011 Q4,North West,E12000002,192000.00,129000.00,48000.00,173000.00,117000.00,45000.00,174000.00,117000.00,45000.00,124000.00,94000.00,34000.00,204000.00,131000.00,52000.00
2012 Q1,North West,E12000002,187000.00,128000.00,45000.00,172000.00,117000.00,46000.00,172000.00,117000.00,46000.00,122000.00,96000.00,35000.00,206000.00,132000.00,54000.00
2012 Q2,North West,E12000002,188000.00,128000.00,46000.00,171000.00,117000.00,47000.00,172000.00,118000.00,47000.00,121000.00,94000.00,35000.00,205000.00,132000.00,54000.00
2012 Q3,North West,E12000002,179000.00,125000.00,50000.00,177000.00,119000.00,47000.00,177000.00,120000.00,48000.00,124000.00,97000.00,35000.00,212000.00,135000.00,56000.00
2012 Q4,North West,E12000002,181000.00,121000.00,46000.00,172000.00,119000.00,47000.00,173000.00,119000.00,47000.00,125000.00,98000.00,36000.00,207000.00,134000.00,55000.00
2013 Q1,North West,E12000002,184000.00,126000.00,50000.00,169000.00,117000.00,47000.00,170000.00,118000.00,47000.00,123000.00,97000.00,35000.00,206000.00,134000.00,56000.00
2013 Q2,North West,E12000002,185000.00,127000.00,47000.00,168000.00,119000.00,47000.00,170000.00,119000.00,47000.00,127000.00,101000.00,36000.00,204000.00,133000.00,56000.00
2013 Q3,North West,E12000002,186000.00,134000.00,51000.00,179000.00,125000.00,50000.00,180000.00,125000.00,50000.00,128000.00,102000.00,37000.00,216000.00,142000.00,59000.00
2013 Q4,North West,E12000002,190000.00,138000.00,54000.00,178000.00,124000.00,48000.00,179000.00,126000.00,49000.00,131000.00,104000.00,39000.00,215000.00,142000.00,56000.00
2014 Q1,North West,E12000002,180000.00,132000.00,51000.00,178000.00,124000.00,48000.00,178000.00,125000.00,48000.00,131000.00,105000.00,38000.00,214000.00,140000.00,56000.00
2014 Q2,North West,E12000002,195000.00,134000.00,54000.00,179000.00,129000.00,48000.00,181000.00,130000.00,48000.00,135000.00,110000.00,38000.00,216000.00,145000.00,57000.00
2014 Q3,North West,E12000002,208000.00,145000.00,57000.00,189000.00,133000.00,50000.00,191000.00,135000.00,51000.00,139000.00,112000.00,39000.00,229000.00,151000.00,60000.00
2014 Q4,North West,E12000002,201000.00,140000.00,56000.00,185000.00,131000.00,51000.00,187000.00,132000.00,51000.00,138000.00,110000.00,39000.00,224000.00,148000.00,60000.00
2015 Q1,North West,E12000002,210000.00,147000.00,54000.00,183000.00,132000.00,51000.00,186000.00,133000.00,51000.00,137000.00,109000.00,39000.00,226000.00,153000.00,61000.00
2015 Q2,North West,E12000002,211000.00,147000.00,54000.00,184000.00,134000.00,50000.00,188000.00,136000.00,51000.00,140000.00,113000.00,40000.00,228000.00,155000.00,60000.00
2015 Q3,North West,E12000002,215000.00,151000.00,54000.00,199000.00,141000.00,53000.00,201000.00,142000.00,53000.00,144000.00,116000.00,41000.00,245000.00,162000.00,63000.00
2015 Q4,North West,E12000002,210000.00,146000.00,53000.00,194000.00,139000.00,52000.00,194000.00,139000.00,52000.00,142000.00,114000.00,40000.00,239000.00,161000.00,62000.00
2016 Q1,North West,E12000002,226000.00,153000.00,55000.00,191000.00,139000.00,52000.00,194000.00,140000.00,52000.00,141000.00,115000.00,40000.00,239000.00,161000.00,62000.00
2016 Q2,North West,E12000002,227000.00,154000.00,55000.00,186000.00,136000.00,49000.00,191000.00,138000.00,50000.00,146000.00,118000.00,40000.00,238000.00,159000.00,60000.00
2016 Q3,North West,E12000002,232000.00,162000.00,56000.00,197000.00,143000.00,51000.00,200000.00,144000.00,52000.00,151000.00,122000.00,41000.00,248000.00,167000.00,62000.00
2016 Q4,North West,E12000002,239000.00,162000.00,57000.00,197000.00,142000.00,51000.00,201000.00,144000.00,52000.00,150000.00,121000.00,41000.00,251000.00,167000.00,63000.00
2017 Q1,North West,E12000002,235000.00,161000.00,56000.00,184000.00,136000.00,48000.00,190000.00,139000.00,49000.00,143000.00,115000.00,39000.00,239000.00,163000.00,60000.00
2017 Q2,North West,E12000002,236000.00,161000.00,57000.00,191000.00,141000.00,49000.00,198000.00,144000.00,50000.00,148000.00,120000.00,40000.00,249000.00,168000.00,61000.00
2017 Q3,North West,E12000002,244000.00,167000.00,57000.00,197000.00,145000.00,50000.00,202000.00,147000.00,51000.00,152000.00,123000.00,40000.00,252000.00,172000.00,62000.00
2017 Q4,North West,E12000002,242000.00,166000.00,56000.00,195000.00,144000.00,49000.00,202000.00,147000.00,50000.00,151000.00,122000.00,40000.00,253000.00,172000.00,60000.00
2018 Q1,North West,E12000002,244000.00,167000.00,56000.00,192000.00,141000.00,49000.00,198000.00,144000.00,50000.00,150000.00,120000.00,39000.00,252000.00,171000.00,61000.00
2018 Q2,North West,E12000002,240000.00,166000.00,55000.00,193000.00,142000.00,48000.00,201000.00,146000.00,49000.00,154000.00,123000.00,40000.00,251000.00,171000.00,60000.00
2018 Q3,North West,E12000002,247000.00,171000.00,59000.00,200000.00,147000.00,50000.00,205000.00,150000.00,51000.00,156000.00,126000.00,41000.00,256000.00,175000.00,62000.00
2018 Q4,North West,E12000002,239000.00,165000.00,55000.00,198000.00,147000.00,49000.00,204000.00,149000.00,50000.00,156000.00,126000.00,40000.00,255000.00,174000.00,61000.00
2019 Q1,North West,E12000002,233000.00,162000.00,54000.00,194000.00,145000.00,49000.00,200000.00,147000.00,49000.00,153000.00,124000.00,40000.00,251000.00,172000.00,60000.00
2019 Q2,North West,E12000002,237000.00,165000.00,56000.00,197000.00,148000.00,49000.00,204000.00,151000.00,51000.00,159000.00,129000.00,41000.00,256000.00,177000.00,62000.00
2019 Q3,North West,E12000002,238000.00,165000.00,55000.00,201000.00,150000.00,50000.00,206000.00,152000.00,51000.00,158000.00,129000.00,41000.00,259000.00,178000.00,61000.00
2019 Q4,North West,E12000002,242000.00,169000.00,55000.00,202000.00,150000.00,50000.00,209000.00,154000.00,51000.00,159000.00,129000.00,41000.00,261000.00,180000.00,62000.00
2020 Q1,North West,E12000002,245000.00,170000.00,56000.00,198000.00,149000.00,50000.00,205000.00,152000.00,51000.00,156000.00,127000.00,41000.00,258000.00,178000.00,62000.00
2020 Q2,North West,E12000002,233000.00,164000.00,55000.00,194000.00,149000.00,50000.00,199000.00,150000.00,51000.00,156000.00,129000.00,41000.00,251000.00,177000.00,62000.00
2020 Q3,North West,E12000002,252000.00,177000.00,57000.00,216000.00,161000.00,52000.00,222000.00,163000.00,53000.00,170000.00,137000.00,43000.00,279000.00,192000.00,65000.00
2020 Q4,North West,E12000002,265000.00,182000.00,58000.00,237000.00,170000.00,55000.00,241000.00,172000.00,56000.00,178000.00,139000.00,44000.00,299000.00,201000.00,67000.00
2021 Q1,North West,E12000002,271000.00,185000.00,59000.00,249000.00,174000.00,58000.00,252000.00,176000.00,58000.00,180000.00,140000.00,44000.00,308000.00,204000.00,69000.00
2021 Q2,North West,E12000002,274000.00,185000.00,62000.00,247000.00,174000.00,57000.00,251000.00,176000.00,58000.00,178000.00,140000.00,44000.00,312000.00,206000.00,70000.00
2021 Q3,North West,E12000002,261000.00,181000.00,58000.00,216000.00,158000.00,51000.00,221000.00,161000.00,52000.00,172000.00,139000.00,43000.00,273000.00,183000.00,61000.00
2021 Q4,North West,E12000002,265000.00,185000.00,59000.00,217000.00,160000.00,51000.00,224000.00,164000.00,52000.00,173000.00,141000.00,43000.00,294000.00,194000.00,65000.00
2022 Q1,North West,E12000002,268000.00,186000.00,58000.00,233000.00,169000.00,54000.00,237000.00,172000.00,54000.00,179000.00,145000.00,44000.00,308000.00,204000.00,67000.00
2022 Q2,North West,E12000002,279000.00,198000.00,63000.00,240000.00,176000.00,55000.00,246000.00,180000.00,57000.00,189000.00,153000.00,46000.00,315000.00,212000.00,69000.00
2022 Q3,North West,E12000002,275000.00,191000.00,62000.00,252000.00,184000.00,58000.00,255000.00,185000.00,59000.00,193000.00,157000.00,48000.00,327000.00,217000.00,71000.00
2022 Q4,North West,E12000002,281000.00,199000.00,64000.00,249000.00,181000.00,58000.00,254000.00,184000.00,59000.00,193000.00,157000.00,48000.00,329000.00,217000.00,72000.00
2023 Q1,North West,E12000002,273000.00,191000.00,64000.00,240000.00,170000.00,58000.00,245000.00,173000.00,58000.00,188000.00,150000.00,48000.00,315000.00,202000.00,71000.00
2023 Q2,North West,E12000002,289000.00,199000.00,68000.00,240000.00,171000.00,59000.00,247000.00,175000.00,61000.00,193000.00,155000.00,51000.00,316000.00,201000.00,73000.00
2023 Q3,North West,E12000002,276000.00,188000.00,67000.00,249000.00,177000.00,62000.00,252000.00,179000.00,62000.00,193000.00,156000.00,51000.00,323000.00,206000.00,76000.00
2023 Q4,North West,E12000002,279000.00,192000.00,70000.00,245000.00,172000.00,62000.00,249000.00,174000.00,63000.00,191000.00,153000.00,52000.00,322000.00,201000.00,78000.00
2024 Q1,North West,E12000002,272000.00,187000.00,69000.00,237000.00,170000.00,60000.00,240000.00,171000.00,61000.00,189000.00,152000.00,52000.00,310000.00,197000.00,74000.00
2024 Q2,North West,E12000002,273000.00,192000.00,69000.00,246000.00,179000.00,63000.00,250000.00,180000.00,64000.00,196000.00,160000.00,54000.00,322000.00,208000.00,78000.00
2024 Q3,North West,E12000002,290000.00,203000.00,74000.00,255000.00,183000.00,64000.00,258000.00,185000.00,65000.00,201000.00,164000.00,54000.00,330000.00,212000.00,79000.00
2024 Q4,North West,E12000002,294000.00,210000.00,73000.00,259000.00,188000.00,65000.00,263000.00,190000.00,66000.00,204000.00,168000.00,55000.00,334000.00,217000.00,79000.00
2025 Q1,North West,E12000002,305000.00,214000.00,74000.00,266000.00,191000.00,65000.00,270000.00,194000.00,66000.00,210000.00,171000.00,55000.00,337000.00,219000.00,78000.00
2025 Q2,North West,E12000002,290000.00,214000.00,70000.00,241000.00,180000.00,61000.00,247000.00,184000.00,62000.00,198000.00,164000.00,53000.00,325000.00,216000.00,76000.00
2025 Q3,North West,E12000002,300000.00,214000.00,72000.00,263000.00,193000.00,65000.00,266000.00,195000.00,66000.00,207000.00,171000.00,55000.00,343000.00,226000.00,80000.00
2025 Q4,North West,E12000002,310000.00,228000.00,76000.00,265000.00,195000.00,64000.00,270000.00,198000.00,65000.00,209000.00,173000.00,54000.00,346000.00,230000.00,79000.00
2026 Q1,North West,E12000002,296000.00,218000.00,70000.00,265000.00,196000.00,63000.00,268000.00,198000.00,64000.00,209000.00,173000.00,53000.00,344000.00,230000.00,77000.00
1992 Q1,Yorkshire and the Humber,E12000003,[x],[x],[x],[x],[x],[x],[x],[x],[x],[x],[x],[x],[x],[x],[x]
1992 Q2,Yorkshire and the Humber,E12000003,79000.00,47000.00,23000.00,51000.00,37000.00,18000.00,54000.00,38000.00,18000.00,41000.00,35000.00,16000.00,67000.00,40000.00,20000.00
1992 Q3,Yorkshire and the Humber,E12000003,74000.00,53000.00,25000.00,53000.00,39000.00,19000.00,55000.00,40000.00,19000.00,43000.00,36000.00,17000.00,67000.00,44000.00,22000.00
1992 Q4,Yorkshire and the Humber,E12000003,65000.00,48000.00,21000.00,46000.00,35000.00,17000.00,48000.00,36000.00,18000.00,38000.00,32000.00,15000.00,61000.00,41000.00,20000.00
1993 Q1,Yorkshire and the Humber,E12000003,87000.00,54000.00,26000.00,52000.00,38000.00,18000.00,57000.00,40000.00,20000.00,41000.00,35000.00,17000.00,74000.00,45000.00,22000.00
1993 Q2,Yorkshire and the Humber,E12000003,66000.00,45000.00,21000.00,50000.00,38000.00,18000.00,52000.00,39000.00,18000.00,42000.00,36000.00,17000.00,63000.00,41000.00,20000.00
1993 Q3,Yorkshire and the Humber,E12000003,75000.00,49000.00,23000.00,55000.00,39000.00,19000.00,57000.00,40000.00,20000.00,42000.00,35000.00,17000.00,73000.00,46000.00,23000.00
1993 Q4,Yorkshire and the Humber,E12000003,74000.00,53000.00,24000.00,50000.00,36000.00,18000.00,53000.00,38000.00,19000.00,40000.00,34000.00,16000.00,68000.00,44000.00,22000.00
1994 Q1,Yorkshire and the Humber,E12000003,79000.00,54000.00,24000.00,52000.00,39000.00,19000.00,55000.00,40000.00,19000.00,41000.00,35000.00,16000.00,71000.00,47000.00,23000.00
1994 Q2,Yorkshire and the Humber,E12000003,66000.00,48000.00,21000.00,53000.00,40000.00,19000.00,55000.00,40000.00,19000.00,42000.00,36000.00,17000.00,69000.00,46000.00,23000.00
1994 Q3,Yorkshire and the Humber,E12000003,65000.00,47000.00,22000.00,52000.00,39000.00,19000.00,53000.00,40000.00,19000.00,41000.00,35000.00,16000.00,67000.00,46000.00,23000.00
1994 Q4,Yorkshire and the Humber,E12000003,76000.00,58000.00,25000.00,51000.00,38000.00,19000.00,54000.00,41000.00,19000.00,39000.00,34000.00,16000.00,72000.00,48000.00,24000.00
1995 Q1,Yorkshire and the Humber,E12000003,73000.00,53000.00,24000.00,48000.00,37000.00,18000.00,51000.00,39000.00,19000.00,40000.00,35000.00,16000.00,64000.00,43000.00,22000.00
1995 Q2,Yorkshire and the Humber,E12000003,81000.00,55000.00,28000.00,50000.00,39000.00,19000.00,54000.00,41000.00,20000.00,40000.00,35000.00,17000.00,73000.00,48000.00,24000.00
1995 Q3,Yorkshire and the Humber,E12000003,74000.00,55000.00,25000.00,54000.00,40000.00,20000.00,57000.00,42000.00,20000.00,41000.00,37000.00,17000.00,72000.00,46000.00,24000.00
1995 Q4,Yorkshire and the Humber,E12000003,81000.00,56000.00,26000.00,51000.00,38000.00,19000.00,56000.00,41000.00,21000.00,39000.00,36000.00,17000.00,73000.00,47000.00,25000.00
1996 Q1,Yorkshire and the Humber,E12000003,67000.00,54000.00,25000.00,49000.00,38000.00,19000.00,51000.00,40000.00,20000.00,39000.00,36000.00,17000.00,66000.00,45000.00,24000.00
1996 Q2,Yorkshire and the Humber,E12000003,84000.00,62000.00,29000.00,57000.00,44000.00,21000.00,61000.00,46000.00,22000.00,42000.00,38000.00,18000.00,77000.00,54000.00,26000.00
1996 Q3,Yorkshire and the Humber,E12000003,80000.00,54000.00,26000.00,55000.00,42000.00,21000.00,58000.00,43000.00,22000.00,41000.00,37000.00,18000.00,78000.00,50000.00,26000.00
1996 Q4,Yorkshire and the Humber,E12000003,89000.00,61000.00,32000.00,51000.00,40000.00,20000.00,53000.00,41000.00,20000.00,38000.00,34000.00,17000.00,74000.00,49000.00,25000.00
1997 Q1,Yorkshire and the Humber,E12000003,76000.00,58000.00,28000.00,56000.00,43000.00,22000.00,57000.00,43000.00,22000.00,40000.00,36000.00,18000.00,75000.00,51000.00,27000.00
1997 Q2,Yorkshire and the Humber,E12000003,84000.00,59000.00,27000.00,57000.00,44000.00,22000.00,60000.00,46000.00,23000.00,43000.00,39000.00,19000.00,76000.00,52000.00,26000.00
1997 Q3,Yorkshire and the Humber,E12000003,83000.00,59000.00,26000.00,60000.00,45000.00,22000.00,63000.00,46000.00,23000.00,43000.00,39000.00,18000.00,82000.00,53000.00,28000.00
1997 Q4,Yorkshire and the Humber,E12000003,87000.00,59000.00,28000.00,56000.00,43000.00,22000.00,59000.00,44000.00,22000.00,45000.00,39000.00,19000.00,73000.00,49000.00,26000.00
1998 Q1,Yorkshire and the Humber,E12000003,74000.00,53000.00,24000.00,58000.00,44000.00,22000.00,60000.00,45000.00,23000.00,43000.00,38000.00,18000.00,77000.00,51000.00,27000.00
1998 Q2,Yorkshire and the Humber,E12000003,88000.00,62000.00,29000.00,55000.00,43000.00,21000.00,60000.00,45000.00,23000.00,46000.00,40000.00,19000.00,75000.00,51000.00,27000.00
1998 Q3,Yorkshire and the Humber,E12000003,81000.00,59000.00,29000.00,62000.00,47000.00,23000.00,65000.00,49000.00,24000.00,52000.00,43000.00,20000.00,79000.00,55000.00,27000.00
1998 Q4,Yorkshire and the Humber,E12000003,92000.00,74000.00,36000.00,60000.00,46000.00,23000.00,64000.00,49000.00,24000.00,50000.00,42000.00,20000.00,78000.00,56000.00,28000.00
1999 Q1,Yorkshire and the Humber,E12000003,103000.00,68000.00,31000.00,60000.00,46000.00,23000.00,63000.00,47000.00,24000.00,51000.00,42000.00,20000.00,75000.00,53000.00,28000.00
1999 Q2,Yorkshire and the Humber,E12000003,90000.00,69000.00,31000.00,65000.00,49000.00,23000.00,68000.00,52000.00,24000.00,54000.00,46000.00,21000.00,81000.00,57000.00,28000.00
1999 Q3,Yorkshire and the Humber,E12000003,88000.00,68000.00,30000.00,66000.00,51000.00,25000.00,69000.00,53000.00,26000.00,55000.00,47000.00,22000.00,85000.00,60000.00,30000.00
1999 Q4,Yorkshire and the Humber,E12000003,98000.00,73000.00,34000.00,64000.00,48000.00,24000.00,68000.00,51000.00,25000.00,54000.00,46000.00,21000.00,83000.00,58000.00,29000.00
2000 Q1,Yorkshire and the Humber,E12000003,89000.00,67000.00,31000.00,65000.00,48000.00,25000.00,68000.00,50000.00,25000.00,54000.00,44000.00,21000.00,83000.00,57000.00,30000.00
2000 Q2,Yorkshire and the Humber,E12000003,97000.00,71000.00,33000.00,67000.00,50000.00,24000.00,71000.00,53000.00,25000.00,56000.00,47000.00,22000.00,83000.00,58000.00,28000.00
2000 Q3,Yorkshire and the Humber,E12000003,99000.00,75000.00,35000.00,73000.00,54000.00,26000.00,76000.00,56000.00,27000.00,57000.00,47000.00,22000.00,91000.00,63000.00,31000.00
2000 Q4,Yorkshire and the Humber,E12000003,101000.00,77000.00,33000.00,68000.00,50000.00,25000.00,73000.00,54000.00,26000.00,54000.00,46000.00,21000.00,89000.00,62000.00,30000.00
2001 Q1,Yorkshire and the Humber,E12000003,95000.00,69000.00,31000.00,71000.00,54000.00,26000.00,74000.00,55000.00,26000.00,56000.00,47000.00,22000.00,90000.00,63000.00,30000.00
2001 Q2,Yorkshire and the Humber,E12000003,109000.00,78000.00,35000.00,70000.00,54000.00,26000.00,75000.00,57000.00,28000.00,53000.00,45000.00,21000.00,93000.00,66000.00,33000.00
2001 Q3,Yorkshire and the Humber,E12000003,99000.00,69000.00,31000.00,77000.00,55000.00,27000.00,79000.00,56000.00,27000.00,57000.00,46000.00,22000.00,99000.00,67000.00,32000.00
2001 Q4,Yorkshire and the Humber,E12000003,104000.00,71000.00,35000.00,73000.00,53000.00,26000.00,76000.00,55000.00,27000.00,57000.00,47000.00,22000.00,95000.00,65000.00,32000.00
2002 Q1,Yorkshire and the Humber,E12000003,116000.00,79000.00,37000.00,75000.00,54000.00,27000.00,79000.00,57000.00,28000.00,58000.00,50000.00,25000.00,86000.00,60000.00,28000.00
2002 Q2,Yorkshire and the Humber,E12000003,133000.00,87000.00,36000.00,82000.00,59000.00,28000.00,87000.00,62000.00,29000.00,68000.00,56000.00,25000.00,95000.00,66000.00,30000.00
2002 Q3,Yorkshire and the Humber,E12000003,139000.00,102000.00,44000.00,86000.00,60000.00,28000.00,91000.00,64000.00,29000.00,73000.00,59000.00,26000.00,98000.00,67000.00,30000.00
2002 Q4,Yorkshire and the Humber,E12000003,143000.00,92000.00,42000.00,89000.00,63000.00,30000.00,94000.00,66000.00,31000.00,75000.00,61000.00,28000.00,102000.00,70000.00,32000.00
2003 Q1,Yorkshire and the Humber,E12000003,145000.00,90000.00,44000.00,95000.00,66000.00,32000.00,98000.00,68000.00,32000.00,66000.00,54000.00,25000.00,109000.00,73000.00,34000.00
2003 Q2,Yorkshire and the Humber,E12000003,153000.00,108000.00,40000.00,101000.00,70000.00,32000.00,105000.00,73000.00,33000.00,75000.00,62000.00,25000.00,114000.00,77000.00,34000.00
2003 Q3,Yorkshire and the Humber,E12000003,160000.00,107000.00,43000.00,117000.00,75000.00,33000.00,119000.00,77000.00,33000.00,76000.00,61000.00,24000.00,129000.00,80000.00,34000.00
2003 Q4,Yorkshire and the Humber,E12000003,166000.00,112000.00,45000.00,124000.00,81000.00,33000.00,126000.00,83000.00,34000.00,82000.00,66000.00,26000.00,136000.00,87000.00,35000.00
2004 Q1,Yorkshire and the Humber,E12000003,165000.00,117000.00,52000.00,120000.00,77000.00,33000.00,122000.00,78000.00,34000.00,78000.00,62000.00,26000.00,135000.00,83000.00,35000.00
2004 Q2,Yorkshire and the Humber,E12000003,180000.00,120000.00,48000.00,135000.00,86000.00,34000.00,138000.00,87000.00,35000.00,93000.00,73000.00,27000.00,149000.00,91000.00,36000.00
2004 Q3,Yorkshire and the Humber,E12000003,181000.00,117000.00,44000.00,143000.00,91000.00,33000.00,146000.00,91000.00,34000.00,97000.00,76000.00,28000.00,158000.00,96000.00,35000.00
2004 Q4,Yorkshire and the Humber,E12000003,187000.00,122000.00,45000.00,142000.00,91000.00,33000.00,144000.00,91000.00,34000.00,97000.00,76000.00,28000.00,159000.00,98000.00,37000.00
2005 Q1,Yorkshire and the Humber,E12000003,173000.00,112000.00,45000.00,141000.00,90000.00,34000.00,143000.00,89000.00,35000.00,97000.00,78000.00,29000.00,154000.00,93000.00,37000.00
2005 Q2,Yorkshire and the Humber,E12000003,187000.00,123000.00,46000.00,144000.00,95000.00,35000.00,149000.00,96000.00,36000.00,105000.00,84000.00,30000.00,160000.00,101000.00,38000.00
2005 Q3,Yorkshire and the Humber,E12000003,185000.00,122000.00,50000.00,151000.00,101000.00,37000.00,153000.00,101000.00,38000.00,107000.00,87000.00,31000.00,171000.00,108000.00,41000.00
2005 Q4,Yorkshire and the Humber,E12000003,187000.00,131000.00,46000.00,146000.00,105000.00,40000.00,148000.00,106000.00,40000.00,102000.00,89000.00,32000.00,180000.00,118000.00,46000.00
2006 Q1,Yorkshire and the Humber,E12000003,199000.00,138000.00,48000.00,145000.00,102000.00,40000.00,147000.00,103000.00,40000.00,102000.00,88000.00,32000.00,178000.00,114000.00,46000.00
2006 Q2,Yorkshire and the Humber,E12000003,195000.00,134000.00,49000.00,154000.00,108000.00,41000.00,156000.00,109000.00,41000.00,108000.00,94000.00,33000.00,185000.00,119000.00,46000.00
2006 Q3,Yorkshire and the Humber,E12000003,200000.00,133000.00,52000.00,162000.00,112000.00,42000.00,164000.00,114000.00,43000.00,115000.00,98000.00,34000.00,195000.00,123000.00,48000.00
2006 Q4,Yorkshire and the Humber,E12000003,190000.00,132000.00,47000.00,165000.00,115000.00,43000.00,167000.00,116000.00,43000.00,116000.00,100000.00,34000.00,197000.00,125000.00,48000.00
2007 Q1,Yorkshire and the Humber,E12000003,199000.00,139000.00,48000.00,161000.00,113000.00,43000.00,163000.00,115000.00,43000.00,114000.00,99000.00,33000.00,194000.00,125000.00,49000.00
2007 Q2,Yorkshire and the Humber,E12000003,196000.00,137000.00,49000.00,165000.00,116000.00,42000.00,167000.00,118000.00,42000.00,121000.00,104000.00,35000.00,195000.00,126000.00,47000.00
2007 Q3,Yorkshire and the Humber,E12000003,195000.00,132000.00,48000.00,173000.00,119000.00,43000.00,174000.00,120000.00,44000.00,122000.00,104000.00,35000.00,205000.00,129000.00,49000.00
2007 Q4,Yorkshire and the Humber,E12000003,200000.00,135000.00,46000.00,174000.00,120000.00,45000.00,176000.00,121000.00,45000.00,122000.00,102000.00,34000.00,207000.00,132000.00,51000.00
2008 Q1,Yorkshire and the Humber,E12000003,202000.00,137000.00,47000.00,168000.00,117000.00,44000.00,170000.00,119000.00,44000.00,119000.00,100000.00,34000.00,202000.00,130000.00,50000.00
2008 Q2,Yorkshire and the Humber,E12000003,202000.00,134000.00,50000.00,172000.00,119000.00,45000.00,174000.00,121000.00,45000.00,125000.00,102000.00,35000.00,203000.00,131000.00,51000.00
2008 Q3,Yorkshire and the Humber,E12000003,204000.00,133000.00,54000.00,173000.00,114000.00,45000.00,175000.00,116000.00,46000.00,125000.00,97000.00,34000.00,203000.00,126000.00,52000.00
2008 Q4,Yorkshire and the Humber,E12000003,195000.00,130000.00,49000.00,171000.00,109000.00,45000.00,173000.00,111000.00,45000.00,121000.00,93000.00,34000.00,200000.00,121000.00,51000.00
2009 Q1,Yorkshire and the Humber,E12000003,161000.00,108000.00,40000.00,167000.00,106000.00,45000.00,166000.00,106000.00,45000.00,119000.00,89000.00,33000.00,198000.00,118000.00,53000.00
2009 Q2,Yorkshire and the Humber,E12000003,177000.00,116000.00,48000.00,173000.00,109000.00,45000.00,173000.00,110000.00,45000.00,124000.00,90000.00,35000.00,201000.00,121000.00,52000.00
2009 Q3,Yorkshire and the Humber,E12000003,192000.00,125000.00,47000.00,179000.00,112000.00,46000.00,179000.00,113000.00,46000.00,127000.00,92000.00,34000.00,207000.00,124000.00,52000.00
2009 Q4,Yorkshire and the Humber,E12000003,195000.00,120000.00,49000.00,185000.00,114000.00,47000.00,185000.00,115000.00,47000.00,132000.00,93000.00,36000.00,211000.00,125000.00,53000.00
2010 Q1,Yorkshire and the Humber,E12000003,191000.00,121000.00,44000.00,183000.00,114000.00,47000.00,184000.00,114000.00,47000.00,129000.00,92000.00,36000.00,210000.00,125000.00,52000.00
2010 Q2,Yorkshire and the Humber,E12000003,190000.00,127000.00,48000.00,181000.00,113000.00,47000.00,181000.00,114000.00,47000.00,130000.00,94000.00,36000.00,205000.00,123000.00,52000.00
2010 Q3,Yorkshire and the Humber,E12000003,180000.00,118000.00,45000.00,185000.00,118000.00,48000.00,185000.00,118000.00,47000.00,132000.00,97000.00,36000.00,212000.00,129000.00,53000.00
2010 Q4,Yorkshire and the Humber,E12000003,187000.00,121000.00,51000.00,180000.00,115000.00,45000.00,179000.00,115000.00,46000.00,123000.00,92000.00,34000.00,205000.00,126000.00,52000.00
2011 Q1,Yorkshire and the Humber,E12000003,174000.00,121000.00,44000.00,169000.00,111000.00,45000.00,168000.00,111000.00,46000.00,119000.00,90000.00,35000.00,196000.00,123000.00,52000.00
2011 Q2,Yorkshire and the Humber,E12000003,182000.00,115000.00,47000.00,170000.00,112000.00,46000.00,171000.00,112000.00,46000.00,122000.00,91000.00,35000.00,197000.00,124000.00,52000.00
2011 Q3,Yorkshire and the Humber,E12000003,182000.00,116000.00,45000.00,176000.00,115000.00,46000.00,176000.00,115000.00,46000.00,125000.00,94000.00,35000.00,202000.00,126000.00,52000.00
2011 Q4,Yorkshire and the Humber,E12000003,193000.00,123000.00,47000.00,168000.00,112000.00,45000.00,170000.00,113000.00,45000.00,120000.00,92000.00,33000.00,198000.00,125000.00,52000.00
2012 Q1,Yorkshire and the Humber,E12000003,183000.00,125000.00,44000.00,168000.00,113000.00,44000.00,169000.00,115000.00,44000.00,122000.00,95000.00,34000.00,198000.00,127000.00,51000.00
2012 Q2,Yorkshire and the Humber,E12000003,183000.00,126000.00,46000.00,168000.00,113000.00,45000.00,170000.00,114000.00,45000.00,119000.00,93000.00,34000.00,200000.00,127000.00,51000.00
2012 Q3,Yorkshire and the Humber,E12000003,177000.00,121000.00,46000.00,172000.00,116000.00,46000.00,173000.00,117000.00,46000.00,122000.00,96000.00,35000.00,204000.00,130000.00,53000.00
2012 Q4,Yorkshire and the Humber,E12000003,184000.00,120000.00,47000.00,172000.00,116000.00,47000.00,174000.00,117000.00,47000.00,124000.00,98000.00,36000.00,205000.00,129000.00,54000.00
2013 Q1,Yorkshire and the Humber,E12000003,174000.00,119000.00,45000.00,164000.00,113000.00,45000.00,165000.00,114000.00,45000.00,121000.00,94000.00,34000.00,196000.00,126000.00,52000.00
2013 Q2,Yorkshire and the Humber,E12000003,181000.00,125000.00,48000.00,167000.00,115000.00,46000.00,168000.00,116000.00,46000.00,126000.00,100000.00,36000.00,199000.00,128000.00,53000.00
2013 Q3,Yorkshire and the Humber,E12000003,185000.00,129000.00,50000.00,176000.00,119000.00,47000.00,177000.00,120000.00,47000.00,125000.00,99000.00,36000.00,211000.00,133000.00,55000.00
2013 Q4,Yorkshire and the Humber,E12000003,184000.00,135000.00,54000.00,178000.00,121000.00,47000.00,177000.00,122000.00,47000.00,130000.00,103000.00,36000.00,208000.00,135000.00,55000.00
2014 Q1,Yorkshire and the Humber,E12000003,182000.00,129000.00,54000.00,174000.00,119000.00,46000.00,174000.00,121000.00,46000.00,127000.00,101000.00,36000.00,207000.00,134000.00,53000.00
2014 Q2,Yorkshire and the Humber,E12000003,195000.00,138000.00,54000.00,177000.00,125000.00,47000.00,180000.00,127000.00,47000.00,133000.00,107000.00,37000.00,213000.00,141000.00,55000.00
2014 Q3,Yorkshire and the Humber,E12000003,203000.00,138000.00,57000.00,184000.00,127000.00,48000.00,186000.00,129000.00,49000.00,136000.00,109000.00,38000.00,223000.00,145000.00,57000.00
2014 Q4,Yorkshire and the Humber,E12000003,208000.00,140000.00,56000.00,185000.00,128000.00,49000.00,189000.00,131000.00,50000.00,137000.00,110000.00,39000.00,227000.00,147000.00,59000.00
2015 Q1,Yorkshire and the Humber,E12000003,198000.00,141000.00,52000.00,177000.00,127000.00,48000.00,180000.00,129000.00,49000.00,132000.00,106000.00,37000.00,221000.00,148000.00,59000.00
2015 Q2,Yorkshire and the Humber,E12000003,203000.00,139000.00,51000.00,182000.00,132000.00,49000.00,185000.00,133000.00,49000.00,137000.00,111000.00,38000.00,226000.00,151000.00,58000.00
2015 Q3,Yorkshire and the Humber,E12000003,219000.00,148000.00,55000.00,193000.00,136000.00,50000.00,195000.00,137000.00,50000.00,141000.00,114000.00,39000.00,239000.00,156000.00,60000.00
2015 Q4,Yorkshire and the Humber,E12000003,212000.00,146000.00,52000.00,190000.00,135000.00,50000.00,192000.00,136000.00,50000.00,142000.00,113000.00,39000.00,232000.00,155000.00,59000.00
2016 Q1,Yorkshire and the Humber,E12000003,218000.00,155000.00,54000.00,187000.00,134000.00,50000.00,190000.00,136000.00,51000.00,139000.00,112000.00,39000.00,231000.00,156000.00,60000.00
2016 Q2,Yorkshire and the Humber,E12000003,227000.00,156000.00,54000.00,181000.00,131000.00,47000.00,186000.00,134000.00,48000.00,142000.00,114000.00,39000.00,235000.00,156000.00,58000.00
2016 Q3,Yorkshire and the Humber,E12000003,234000.00,163000.00,56000.00,193000.00,138000.00,49000.00,196000.00,140000.00,50000.00,145000.00,117000.00,39000.00,243000.00,161000.00,60000.00
2016 Q4,Yorkshire and the Humber,E12000003,231000.00,162000.00,55000.00,191000.00,138000.00,49000.00,196000.00,140000.00,50000.00,146000.00,118000.00,39000.00,242000.00,161000.00,60000.00
2017 Q1,Yorkshire and the Humber,E12000003,230000.00,158000.00,55000.00,179000.00,131000.00,46000.00,185000.00,134000.00,47000.00,140000.00,112000.00,37000.00,231000.00,156000.00,57000.00
2017 Q2,Yorkshire and the Humber,E12000003,236000.00,162000.00,54000.00,185000.00,135000.00,48000.00,193000.00,139000.00,48000.00,145000.00,116000.00,38000.00,241000.00,162000.00,59000.00
2017 Q3,Yorkshire and the Humber,E12000003,233000.00,161000.00,54000.00,192000.00,139000.00,48000.00,196000.00,141000.00,49000.00,143000.00,117000.00,38000.00,247000.00,164000.00,60000.00
2017 Q4,Yorkshire and the Humber,E12000003,247000.00,171000.00,57000.00,187000.00,137000.00,47000.00,195000.00,142000.00,48000.00,144000.00,116000.00,38000.00,243000.00,165000.00,58000.00
2018 Q1,Yorkshire and the Humber,E12000003,240000.00,167000.00,55000.00,185000.00,134000.00,46000.00,191000.00,138000.00,47000.00,144000.00,116000.00,38000.00,240000.00,160000.00,57000.00
2018 Q2,Yorkshire and the Humber,E12000003,241000.00,166000.00,54000.00,185000.00,136000.00,46000.00,194000.00,141000.00,47000.00,149000.00,120000.00,38000.00,241000.00,162000.00,56000.00
2018 Q3,Yorkshire and the Humber,E12000003,243000.00,168000.00,56000.00,194000.00,142000.00,48000.00,200000.00,145000.00,49000.00,148000.00,120000.00,38000.00,251000.00,170000.00,59000.00
2018 Q4,Yorkshire and the Humber,E12000003,236000.00,164000.00,53000.00,190000.00,139000.00,47000.00,198000.00,143000.00,48000.00,151000.00,121000.00,40000.00,243000.00,165000.00,56000.00
2019 Q1,Yorkshire and the Humber,E12000003,234000.00,161000.00,52000.00,185000.00,137000.00,46000.00,191000.00,140000.00,47000.00,147000.00,119000.00,38000.00,240000.00,162000.00,56000.00
2019 Q2,Yorkshire and the Humber,E12000003,235000.00,164000.00,53000.00,187000.00,139000.00,47000.00,195000.00,144000.00,48000.00,151000.00,123000.00,39000.00,243000.00,166000.00,58000.00
2019 Q3,Yorkshire and the Humber,E12000003,252000.00,174000.00,56000.00,196000.00,145000.00,48000.00,203000.00,149000.00,49000.00,153000.00,125000.00,39000.00,256000.00,173000.00,59000.00
2019 Q4,Yorkshire and the Humber,E12000003,249000.00,176000.00,57000.00,197000.00,145000.00,48000.00,206000.00,150000.00,50000.00,154000.00,125000.00,40000.00,257000.00,176000.00,60000.00
2020 Q1,Yorkshire and the Humber,E12000003,240000.00,167000.00,56000.00,192000.00,142000.00,48000.00,199000.00,146000.00,49000.00,150000.00,123000.00,39000.00,249000.00,169000.00,58000.00
2020 Q2,Yorkshire and the Humber,E12000003,242000.00,171000.00,56000.00,185000.00,141000.00,46000.00,192000.00,144000.00,47000.00,151000.00,125000.00,40000.00,237000.00,167000.00,56000.00
2020 Q3,Yorkshire and the Humber,E12000003,258000.00,179000.00,57000.00,210000.00,154000.00,50000.00,217000.00,157000.00,51000.00,163000.00,131000.00,41000.00,271000.00,184000.00,62000.00
2020 Q4,Yorkshire and the Humber,E12000003,261000.00,180000.00,58000.00,228000.00,162000.00,52000.00,233000.00,165000.00,53000.00,168000.00,132000.00,41000.00,288000.00,192000.00,64000.00
2021 Q1,Yorkshire and the Humber,E12000003,283000.00,189000.00,61000.00,239000.00,165000.00,54000.00,244000.00,168000.00,55000.00,168000.00,130000.00,41000.00,301000.00,196000.00,65000.00
2021 Q2,Yorkshire and the Humber,E12000003,261000.00,177000.00,58000.00,236000.00,165000.00,54000.00,240000.00,167000.00,54000.00,171000.00,135000.00,42000.00,301000.00,196000.00,65000.00
2021 Q3,Yorkshire and the Humber,E12000003,245000.00,168000.00,54000.00,207000.00,151000.00,49000.00,212000.00,153000.00,49000.00,163000.00,132000.00,41000.00,263000.00,175000.00,58000.00
2021 Q4,Yorkshire and the Humber,E12000003,250000.00,176000.00,56000.00,210000.00,153000.00,49000.00,218000.00,157000.00,50000.00,166000.00,135000.00,42000.00,287000.00,187000.00,62000.00
2022 Q1,Yorkshire and the Humber,E12000003,265000.00,186000.00,58000.00,222000.00,162000.00,51000.00,228000.00,165000.00,52000.00,172000.00,139000.00,42000.00,292000.00,194000.00,63000.00
2022 Q2,Yorkshire and the Humber,E12000003,261000.00,185000.00,57000.00,226000.00,166000.00,52000.00,232000.00,169000.00,53000.00,179000.00,145000.00,44000.00,296000.00,198000.00,64000.00
2022 Q3,Yorkshire and the Humber,E12000003,270000.00,192000.00,60000.00,240000.00,173000.00,55000.00,244000.00,176000.00,55000.00,182000.00,147000.00,45000.00,314000.00,207000.00,67000.00
2022 Q4,Yorkshire and the Humber,E12000003,275000.00,194000.00,62000.00,237000.00,169000.00,55000.00,244000.00,174000.00,56000.00,184000.00,148000.00,46000.00,313000.00,204000.00,68000.00
2023 Q1,Yorkshire and the Humber,E12000003,273000.00,190000.00,62000.00,221000.00,155000.00,54000.00,228000.00,159000.00,55000.00,174000.00,139000.00,46000.00,291000.00,183000.00,65000.00
2023 Q2,Yorkshire and the Humber,E12000003,284000.00,197000.00,66000.00,225000.00,160000.00,56000.00,235000.00,166000.00,57000.00,178000.00,143000.00,47000.00,299000.00,191000.00,69000.00
2023 Q3,Yorkshire and the Humber,E12000003,278000.00,186000.00,65000.00,242000.00,167000.00,59000.00,246000.00,169000.00,60000.00,182000.00,146000.00,49000.00,316000.00,195000.00,72000.00
2023 Q4,Yorkshire and the Humber,E12000003,284000.00,192000.00,68000.00,231000.00,161000.00,57000.00,239000.00,165000.00,59000.00,180000.00,144000.00,49000.00,305000.00,189000.00,70000.00
2024 Q1,Yorkshire and the Humber,E12000003,252000.00,174000.00,65000.00,225000.00,159000.00,58000.00,228000.00,160000.00,58000.00,176000.00,141000.00,49000.00,293000.00,184000.00,70000.00
2024 Q2,Yorkshire and the Humber,E12000003,279000.00,199000.00,70000.00,230000.00,165000.00,58000.00,237000.00,170000.00,60000.00,185000.00,150000.00,50000.00,302000.00,195000.00,73000.00
2024 Q3,Yorkshire and the Humber,E12000003,283000.00,196000.00,69000.00,244000.00,173000.00,60000.00,248000.00,176000.00,61000.00,189000.00,154000.00,50000.00,317000.00,201000.00,74000.00
2024 Q4,Yorkshire and the Humber,E12000003,291000.00,211000.00,70000.00,243000.00,174000.00,60000.00,249000.00,179000.00,61000.00,192000.00,156000.00,51000.00,316000.00,205000.00,74000.00
2025 Q1,Yorkshire and the Humber,E12000003,276000.00,198000.00,67000.00,251000.00,179000.00,61000.00,254000.00,180000.00,62000.00,195000.00,158000.00,51000.00,316000.00,204000.00,73000.00
2025 Q2,Yorkshire and the Humber,E12000003,280000.00,212000.00,68000.00,227000.00,169000.00,57000.00,235000.00,175000.00,58000.00,184000.00,153000.00,49000.00,308000.00,207000.00,72000.00
2025 Q3,Yorkshire and the Humber,E12000003,283000.00,207000.00,70000.00,245000.00,179000.00,60000.00,249000.00,181000.00,61000.00,191000.00,157000.00,51000.00,322000.00,212000.00,75000.00
2025 Q4,Yorkshire and the Humber,E12000003,308000.00,224000.00,72000.00,247000.00,181000.00,60000.00,254000.00,186000.00,61000.00,194000.00,161000.00,51000.00,325000.00,216000.00,74000.00
2026 Q1,Yorkshire and the Humber,E12000003,296000.00,221000.00,70000.00,250000.00,182000.00,60000.00,254000.00,186000.00,61000.00,196000.00,161000.00,50000.00,323000.00,215000.00,73000.00
1992 Q1,East Midlands,E12000004,[x],[x],[x],[x],[x],[x],[x],[x],[x],[x],[x],[x],[x],[x],[x]
1992 Q2,East Midlands,E12000004,73000.00,48000.00,23000.00,51000.00,36000.00,18000.00,54000.00,38000.00,18000.00,41000.00,35000.00,16000.00,68000.00,41000.00,21000.00
1992 Q3,East Midlands,E12000004,64000.00,47000.00,22000.00,54000.00,40000.00,20000.00,56000.00,41000.00,20000.00,41000.00,35000.00,16000.00,70000.00,46000.00,23000.00
1992 Q4,East Midlands,E12000004,63000.00,44000.00,21000.00,50000.00,37000.00,18000.00,52000.00,39000.00,19000.00,39000.00,33000.00,16000.00,68000.00,45000.00,21000.00
1993 Q1,East Midlands,E12000004,68000.00,49000.00,21000.00,49000.00,37000.00,18000.00,52000.00,38000.00,18000.00,42000.00,35000.00,16000.00,66000.00,43000.00,21000.00
1993 Q2,East Midlands,E12000004,76000.00,49000.00,21000.00,50000.00,37000.00,18000.00,54000.00,38000.00,19000.00,42000.00,35000.00,17000.00,68000.00,42000.00,22000.00
1993 Q3,East Midlands,E12000004,68000.00,45000.00,22000.00,51000.00,37000.00,19000.00,54000.00,39000.00,19000.00,42000.00,35000.00,17000.00,67000.00,42000.00,22000.00
1993 Q4,East Midlands,E12000004,68000.00,47000.00,23000.00,52000.00,39000.00,19000.00,54000.00,41000.00,20000.00,42000.00,35000.00,16000.00,67000.00,46000.00,23000.00
1994 Q1,East Midlands,E12000004,69000.00,51000.00,23000.00,50000.00,36000.00,18000.00,53000.00,38000.00,18000.00,40000.00,32000.00,15000.00,69000.00,45000.00,22000.00
1994 Q2,East Midlands,E12000004,70000.00,48000.00,24000.00,52000.00,40000.00,19000.00,54000.00,41000.00,20000.00,43000.00,36000.00,17000.00,71000.00,47000.00,24000.00
1994 Q3,East Midlands,E12000004,72000.00,54000.00,24000.00,53000.00,40000.00,19000.00,56000.00,42000.00,20000.00,43000.00,36000.00,17000.00,73000.00,50000.00,24000.00
1994 Q4,East Midlands,E12000004,72000.00,52000.00,24000.00,52000.00,39000.00,18000.00,56000.00,41000.00,19000.00,43000.00,36000.00,17000.00,69000.00,45000.00,22000.00
1995 Q1,East Midlands,E12000004,63000.00,47000.00,21000.00,49000.00,38000.00,19000.00,51000.00,39000.00,19000.00,39000.00,34000.00,16000.00,68000.00,47000.00,24000.00
1995 Q2,East Midlands,E12000004,70000.00,55000.00,25000.00,52000.00,39000.00,19000.00,56000.00,42000.00,20000.00,42000.00,37000.00,17000.00,71000.00,47000.00,24000.00
1995 Q3,East Midlands,E12000004,70000.00,51000.00,28000.00,53000.00,39000.00,19000.00,56000.00,41000.00,20000.00,40000.00,36000.00,17000.00,75000.00,46000.00,24000.00
1995 Q4,East Midlands,E12000004,79000.00,57000.00,29000.00,52000.00,38000.00,20000.00,57000.00,41000.00,22000.00,39000.00,35000.00,16000.00,76000.00,48000.00,27000.00
1996 Q1,East Midlands,E12000004,76000.00,56000.00,26000.00,51000.00,40000.00,19000.00,56000.00,42000.00,20000.00,39000.00,35000.00,17000.00,76000.00,50000.00,25000.00
1996 Q2,East Midlands,E12000004,79000.00,59000.00,27000.00,56000.00,42000.00,21000.00,59000.00,44000.00,22000.00,41000.00,37000.00,17000.00,74000.00,50000.00,26000.00
1996 Q3,East Midlands,E12000004,82000.00,58000.00,30000.00,58000.00,42000.00,21000.00,62000.00,44000.00,22000.00,41000.00,37000.00,17000.00,81000.00,51000.00,27000.00
1996 Q4,East Midlands,E12000004,82000.00,61000.00,31000.00,54000.00,42000.00,21000.00,57000.00,43000.00,22000.00,42000.00,38000.00,19000.00,73000.00,49000.00,25000.00
1997 Q1,East Midlands,E12000004,83000.00,59000.00,30000.00,56000.00,43000.00,22000.00,59000.00,45000.00,23000.00,42000.00,38000.00,18000.00,77000.00,52000.00,28000.00
1997 Q2,East Midlands,E12000004,79000.00,60000.00,29000.00,59000.00,45000.00,22000.00,62000.00,47000.00,23000.00,42000.00,38000.00,18000.00,78000.00,54000.00,28000.00
1997 Q3,East Midlands,E12000004,82000.00,62000.00,31000.00,57000.00,44000.00,22000.00,61000.00,46000.00,23000.00,45000.00,40000.00,19000.00,76000.00,52000.00,27000.00
1997 Q4,East Midlands,E12000004,92000.00,62000.00,30000.00,60000.00,47000.00,22000.00,65000.00,49000.00,24000.00,47000.00,42000.00,20000.00,82000.00,55000.00,27000.00
1998 Q1,East Midlands,E12000004,99000.00,72000.00,33000.00,58000.00,44000.00,22000.00,63000.00,47000.00,23000.00,46000.00,41000.00,19000.00,80000.00,54000.00,26000.00
1998 Q2,East Midlands,E12000004,89000.00,69000.00,34000.00,61000.00,46000.00,23000.00,65000.00,49000.00,25000.00,48000.00,42000.00,20000.00,84000.00,57000.00,30000.00
1998 Q3,East Midlands,E12000004,88000.00,68000.00,32000.00,66000.00,49000.00,24000.00,69000.00,51000.00,25000.00,52000.00,43000.00,21000.00,84000.00,58000.00,29000.00
1998 Q4,East Midlands,E12000004,95000.00,70000.00,32000.00,61000.00,45000.00,22000.00,67000.00,49000.00,24000.00,52000.00,43000.00,20000.00,83000.00,56000.00,28000.00
1999 Q1,East Midlands,E12000004,93000.00,65000.00,30000.00,60000.00,46000.00,23000.00,65000.00,49000.00,24000.00,50000.00,42000.00,20000.00,81000.00,56000.00,29000.00
1999 Q2,East Midlands,E12000004,101000.00,72000.00,35000.00,70000.00,51000.00,25000.00,75000.00,54000.00,27000.00,59000.00,48000.00,23000.00,87000.00,59000.00,30000.00
1999 Q3,East Midlands,E12000004,97000.00,66000.00,33000.00,72000.00,52000.00,26000.00,75000.00,54000.00,27000.00,54000.00,44000.00,21000.00,93000.00,62000.00,32000.00
1999 Q4,East Midlands,E12000004,115000.00,78000.00,37000.00,66000.00,47000.00,24000.00,73000.00,51000.00,26000.00,57000.00,45000.00,21000.00,85000.00,56000.00,29000.00
2000 Q1,East Midlands,E12000004,111000.00,79000.00,36000.00,70000.00,50000.00,24000.00,75000.00,54000.00,26000.00,56000.00,45000.00,21000.00,93000.00,61000.00,30000.00
2000 Q2,East Midlands,E12000004,116000.00,81000.00,34000.00,75000.00,57000.00,27000.00,80000.00,60000.00,28000.00,59000.00,49000.00,23000.00,94000.00,67000.00,30000.00
2000 Q3,East Midlands,E12000004,106000.00,74000.00,33000.00,77000.00,56000.00,27000.00,81000.00,59000.00,28000.00,59000.00,50000.00,24000.00,96000.00,65000.00,31000.00
2000 Q4,East Midlands,E12000004,111000.00,75000.00,35000.00,75000.00,55000.00,26000.00,80000.00,58000.00,27000.00,62000.00,50000.00,24000.00,92000.00,63000.00,30000.00
2001 Q1,East Midlands,E12000004,108000.00,75000.00,32000.00,77000.00,55000.00,25000.00,80000.00,58000.00,26000.00,59000.00,48000.00,22000.00,95000.00,64000.00,29000.00
2001 Q2,East Midlands,E12000004,120000.00,83000.00,36000.00,82000.00,58000.00,27000.00,89000.00,62000.00,29000.00,67000.00,53000.00,23000.00,104000.00,69000.00,32000.00
2001 Q3,East Midlands,E12000004,135000.00,86000.00,36000.00,85000.00,58000.00,28000.00,88000.00,60000.00,28000.00,64000.00,52000.00,24000.00,106000.00,68000.00,32000.00
2001 Q4,East Midlands,E12000004,125000.00,88000.00,37000.00,86000.00,60000.00,28000.00,90000.00,63000.00,29000.00,66000.00,54000.00,24000.00,105000.00,71000.00,32000.00
2002 Q1,East Midlands,E12000004,137000.00,92000.00,39000.00,88000.00,63000.00,30000.00,92000.00,65000.00,31000.00,71000.00,56000.00,25000.00,102000.00,71000.00,32000.00
2002 Q2,East Midlands,E12000004,134000.00,94000.00,38000.00,98000.00,66000.00,31000.00,103000.00,69000.00,32000.00,75000.00,59000.00,25000.00,115000.00,77000.00,35000.00
2002 Q3,East Midlands,E12000004,147000.00,99000.00,45000.00,103000.00,71000.00,32000.00,108000.00,74000.00,33000.00,89000.00,71000.00,27000.00,120000.00,79000.00,36000.00
2002 Q4,East Midlands,E12000004,142000.00,93000.00,40000.00,110000.00,72000.00,32000.00,114000.00,74000.00,32000.00,93000.00,72000.00,29000.00,120000.00,77000.00,34000.00
2003 Q1,East Midlands,E12000004,142000.00,98000.00,42000.00,110000.00,72000.00,36000.00,113000.00,75000.00,36000.00,88000.00,68000.00,29000.00,122000.00,77000.00,37000.00
2003 Q2,East Midlands,E12000004,163000.00,100000.00,42000.00,114000.00,76000.00,33000.00,120000.00,79000.00,34000.00,86000.00,69000.00,27000.00,131000.00,81000.00,35000.00
2003 Q3,East Midlands,E12000004,178000.00,117000.00,47000.00,138000.00,86000.00,34000.00,140000.00,88000.00,35000.00,95000.00,75000.00,26000.00,147000.00,89000.00,35000.00
2003 Q4,East Midlands,E12000004,182000.00,122000.00,51000.00,140000.00,89000.00,35000.00,142000.00,91000.00,37000.00,101000.00,80000.00,29000.00,151000.00,94000.00,36000.00
2004 Q1,East Midlands,E12000004,174000.00,114000.00,44000.00,139000.00,88000.00,35000.00,141000.00,88000.00,35000.00,99000.00,78000.00,28000.00,151000.00,93000.00,35000.00
2004 Q2,East Midlands,E12000004,188000.00,123000.00,46000.00,149000.00,92000.00,35000.00,152000.00,93000.00,36000.00,109000.00,86000.00,31000.00,161000.00,96000.00,36000.00
2004 Q3,East Midlands,E12000004,201000.00,126000.00,49000.00,157000.00,98000.00,35000.00,160000.00,98000.00,36000.00,114000.00,90000.00,30000.00,170000.00,103000.00,37000.00
2004 Q4,East Midlands,E12000004,196000.00,129000.00,50000.00,160000.00,102000.00,35000.00,164000.00,102000.00,37000.00,120000.00,93000.00,32000.00,175000.00,108000.00,38000.00
2005 Q1,East Midlands,E12000004,195000.00,123000.00,46000.00,159000.00,99000.00,37000.00,162000.00,98000.00,38000.00,120000.00,94000.00,32000.00,171000.00,101000.00,40000.00
2005 Q2,East Midlands,E12000004,186000.00,123000.00,47000.00,157000.00,103000.00,36000.00,160000.00,103000.00,37000.00,121000.00,95000.00,31000.00,168000.00,106000.00,39000.00
2005 Q3,East Midlands,E12000004,196000.00,130000.00,49000.00,163000.00,107000.00,38000.00,166000.00,107000.00,39000.00,120000.00,96000.00,34000.00,180000.00,113000.00,42000.00
2005 Q4,East Midlands,E12000004,188000.00,132000.00,48000.00,156000.00,110000.00,42000.00,157000.00,111000.00,42000.00,112000.00,96000.00,34000.00,185000.00,121000.00,47000.00
2006 Q1,East Midlands,E12000004,197000.00,131000.00,49000.00,154000.00,107000.00,41000.00,156000.00,109000.00,41000.00,111000.00,95000.00,34000.00,184000.00,117000.00,46000.00
2006 Q2,East Midlands,E12000004,193000.00,133000.00,47000.00,158000.00,110000.00,41000.00,160000.00,111000.00,41000.00,115000.00,98000.00,34000.00,186000.00,119000.00,46000.00
2006 Q3,East Midlands,E12000004,187000.00,128000.00,47000.00,169000.00,116000.00,43000.00,170000.00,117000.00,43000.00,122000.00,102000.00,35000.00,199000.00,125000.00,47000.00
2006 Q4,East Midlands,E12000004,197000.00,136000.00,49000.00,170000.00,117000.00,43000.00,172000.00,118000.00,43000.00,120000.00,103000.00,34000.00,200000.00,127000.00,48000.00
2007 Q1,East Midlands,E12000004,193000.00,132000.00,51000.00,168000.00,117000.00,43000.00,169000.00,118000.00,44000.00,119000.00,103000.00,34000.00,197000.00,127000.00,49000.00
2007 Q2,East Midlands,E12000004,194000.00,133000.00,47000.00,170000.00,119000.00,43000.00,173000.00,120000.00,43000.00,124000.00,106000.00,35000.00,200000.00,129000.00,48000.00
2007 Q3,East Midlands,E12000004,200000.00,129000.00,49000.00,180000.00,123000.00,45000.00,181000.00,123000.00,45000.00,125000.00,105000.00,35000.00,211000.00,133000.00,51000.00
2007 Q4,East Midlands,E12000004,197000.00,132000.00,50000.00,181000.00,123000.00,45000.00,182000.00,124000.00,46000.00,127000.00,106000.00,35000.00,210000.00,133000.00,51000.00
2008 Q1,East Midlands,E12000004,192000.00,133000.00,47000.00,177000.00,120000.00,46000.00,179000.00,121000.00,46000.00,124000.00,103000.00,34000.00,208000.00,130000.00,52000.00
2008 Q2,East Midlands,E12000004,199000.00,134000.00,47000.00,176000.00,120000.00,45000.00,178000.00,122000.00,45000.00,128000.00,104000.00,35000.00,204000.00,131000.00,51000.00
2008 Q3,East Midlands,E12000004,187000.00,125000.00,46000.00,179000.00,117000.00,46000.00,179000.00,117000.00,46000.00,127000.00,98000.00,35000.00,207000.00,128000.00,52000.00
2008 Q4,East Midlands,E12000004,176000.00,112000.00,46000.00,172000.00,110000.00,45000.00,172000.00,110000.00,45000.00,123000.00,93000.00,34000.00,199000.00,120000.00,51000.00
2009 Q1,East Midlands,E12000004,172000.00,110000.00,44000.00,169000.00,108000.00,45000.00,169000.00,108000.00,45000.00,118000.00,88000.00,33000.00,202000.00,122000.00,53000.00
2009 Q2,East Midlands,E12000004,162000.00,106000.00,42000.00,167000.00,106000.00,45000.00,167000.00,106000.00,45000.00,120000.00,89000.00,34000.00,193000.00,116000.00,51000.00
2009 Q3,East Midlands,E12000004,172000.00,109000.00,46000.00,177000.00,110000.00,45000.00,177000.00,110000.00,45000.00,125000.00,90000.00,34000.00,205000.00,121000.00,51000.00
2009 Q4,East Midlands,E12000004,179000.00,113000.00,47000.00,177000.00,111000.00,45000.00,177000.00,111000.00,45000.00,127000.00,91000.00,34000.00,200000.00,120000.00,51000.00
2010 Q1,East Midlands,E12000004,162000.00,110000.00,43000.00,184000.00,114000.00,47000.00,183000.00,113000.00,46000.00,122000.00,87000.00,33000.00,212000.00,126000.00,53000.00
2010 Q2,East Midlands,E12000004,183000.00,115000.00,47000.00,186000.00,117000.00,47000.00,186000.00,117000.00,47000.00,133000.00,94000.00,36000.00,209000.00,127000.00,53000.00
2010 Q3,East Midlands,E12000004,174000.00,109000.00,45000.00,190000.00,119000.00,48000.00,189000.00,119000.00,48000.00,132000.00,96000.00,36000.00,215000.00,129000.00,53000.00
2010 Q4,East Midlands,E12000004,179000.00,118000.00,46000.00,182000.00,118000.00,47000.00,181000.00,117000.00,47000.00,126000.00,94000.00,35000.00,206000.00,128000.00,53000.00
2011 Q1,East Midlands,E12000004,187000.00,124000.00,50000.00,179000.00,116000.00,46000.00,177000.00,116000.00,46000.00,123000.00,93000.00,36000.00,204000.00,127000.00,51000.00
2011 Q2,East Midlands,E12000004,183000.00,118000.00,47000.00,174000.00,113000.00,45000.00,175000.00,114000.00,45000.00,124000.00,93000.00,35000.00,200000.00,123000.00,51000.00
2011 Q3,East Midlands,E12000004,186000.00,119000.00,48000.00,183000.00,118000.00,48000.00,183000.00,118000.00,48000.00,129000.00,97000.00,35000.00,209000.00,128000.00,54000.00
2011 Q4,East Midlands,E12000004,190000.00,125000.00,46000.00,179000.00,118000.00,46000.00,180000.00,119000.00,46000.00,124000.00,95000.00,34000.00,207000.00,131000.00,52000.00
2012 Q1,East Midlands,E12000004,187000.00,126000.00,46000.00,173000.00,115000.00,45000.00,175000.00,116000.00,45000.00,126000.00,96000.00,34000.00,202000.00,127000.00,51000.00
2012 Q2,East Midlands,E12000004,184000.00,127000.00,46000.00,173000.00,115000.00,46000.00,175000.00,117000.00,46000.00,123000.00,95000.00,35000.00,202000.00,129000.00,52000.00
2012 Q3,East Midlands,E12000004,184000.00,122000.00,45000.00,177000.00,117000.00,47000.00,177000.00,118000.00,47000.00,125000.00,98000.00,35000.00,206000.00,129000.00,54000.00
2012 Q4,East Midlands,E12000004,195000.00,128000.00,48000.00,178000.00,119000.00,46000.00,180000.00,120000.00,46000.00,126000.00,98000.00,35000.00,210000.00,133000.00,53000.00
2013 Q1,East Midlands,E12000004,185000.00,123000.00,47000.00,171000.00,114000.00,44000.00,172000.00,115000.00,45000.00,124000.00,97000.00,34000.00,204000.00,127000.00,52000.00
2013 Q2,East Midlands,E12000004,194000.00,131000.00,50000.00,172000.00,119000.00,45000.00,175000.00,120000.00,46000.00,128000.00,103000.00,36000.00,205000.00,131000.00,52000.00
2013 Q3,East Midlands,E12000004,189000.00,132000.00,49000.00,182000.00,121000.00,47000.00,182000.00,122000.00,47000.00,133000.00,104000.00,36000.00,212000.00,132000.00,54000.00
2013 Q4,East Midlands,E12000004,195000.00,142000.00,53000.00,180000.00,122000.00,46000.00,182000.00,124000.00,47000.00,132000.00,105000.00,36000.00,213000.00,136000.00,53000.00
2014 Q1,East Midlands,E12000004,199000.00,141000.00,50000.00,179000.00,122000.00,46000.00,180000.00,124000.00,46000.00,131000.00,104000.00,36000.00,211000.00,136000.00,53000.00
2014 Q2,East Midlands,E12000004,215000.00,148000.00,55000.00,183000.00,126000.00,46000.00,186000.00,129000.00,47000.00,137000.00,110000.00,37000.00,216000.00,140000.00,54000.00
2014 Q3,East Midlands,E12000004,209000.00,143000.00,53000.00,193000.00,131000.00,49000.00,195000.00,133000.00,50000.00,141000.00,113000.00,38000.00,228000.00,146000.00,57000.00
2014 Q4,East Midlands,E12000004,213000.00,149000.00,55000.00,186000.00,128000.00,49000.00,190000.00,131000.00,49000.00,141000.00,112000.00,39000.00,223000.00,144000.00,57000.00
2015 Q1,East Midlands,E12000004,206000.00,142000.00,54000.00,188000.00,131000.00,50000.00,191000.00,133000.00,50000.00,139000.00,110000.00,38000.00,226000.00,148000.00,58000.00
2015 Q2,East Midlands,E12000004,222000.00,152000.00,54000.00,192000.00,135000.00,50000.00,197000.00,138000.00,51000.00,147000.00,116000.00,40000.00,234000.00,154000.00,59000.00
2015 Q3,East Midlands,E12000004,225000.00,153000.00,55000.00,201000.00,140000.00,51000.00,204000.00,141000.00,51000.00,147000.00,117000.00,39000.00,242000.00,157000.00,59000.00
2015 Q4,East Midlands,E12000004,228000.00,153000.00,55000.00,199000.00,140000.00,50000.00,206000.00,143000.00,52000.00,150000.00,119000.00,40000.00,246000.00,160000.00,60000.00
2016 Q1,East Midlands,E12000004,238000.00,158000.00,55000.00,201000.00,141000.00,51000.00,205000.00,143000.00,51000.00,149000.00,119000.00,40000.00,246000.00,160000.00,60000.00
2016 Q2,East Midlands,E12000004,238000.00,161000.00,55000.00,193000.00,137000.00,48000.00,199000.00,141000.00,49000.00,154000.00,123000.00,40000.00,243000.00,158000.00,58000.00
2016 Q3,East Midlands,E12000004,233000.00,155000.00,54000.00,208000.00,146000.00,52000.00,211000.00,147000.00,52000.00,156000.00,126000.00,40000.00,257000.00,165000.00,61000.00
2016 Q4,East Midlands,E12000004,247000.00,166000.00,55000.00,206000.00,144000.00,50000.00,212000.00,147000.00,51000.00,160000.00,128000.00,41000.00,256000.00,164000.00,60000.00
2017 Q1,East Midlands,E12000004,237000.00,156000.00,52000.00,198000.00,141000.00,47000.00,204000.00,144000.00,48000.00,154000.00,122000.00,39000.00,250000.00,164000.00,57000.00
2017 Q2,East Midlands,E12000004,251000.00,169000.00,53000.00,202000.00,145000.00,48000.00,212000.00,149000.00,49000.00,161000.00,128000.00,40000.00,257000.00,169000.00,58000.00
2017 Q3,East Midlands,E12000004,255000.00,169000.00,55000.00,211000.00,150000.00,50000.00,217000.00,153000.00,50000.00,161000.00,129000.00,40000.00,264000.00,172000.00,59000.00
2017 Q4,East Midlands,E12000004,258000.00,175000.00,54000.00,209000.00,148000.00,49000.00,218000.00,153000.00,50000.00,166000.00,132000.00,41000.00,263000.00,171000.00,57000.00
2018 Q1,East Midlands,E12000004,257000.00,173000.00,54000.00,206000.00,146000.00,48000.00,214000.00,150000.00,49000.00,162000.00,129000.00,40000.00,263000.00,170000.00,58000.00
2018 Q2,East Midlands,E12000004,270000.00,182000.00,56000.00,211000.00,151000.00,49000.00,222000.00,157000.00,50000.00,170000.00,135000.00,41000.00,271000.00,177000.00,59000.00
2018 Q3,East Midlands,E12000004,265000.00,176000.00,56000.00,219000.00,157000.00,50000.00,226000.00,160000.00,51000.00,171000.00,136000.00,41000.00,274000.00,180000.00,60000.00
2018 Q4,East Midlands,E12000004,271000.00,184000.00,57000.00,216000.00,155000.00,49000.00,227000.00,161000.00,51000.00,174000.00,138000.00,41000.00,276000.00,181000.00,59000.00
2019 Q1,East Midlands,E12000004,259000.00,177000.00,56000.00,209000.00,152000.00,48000.00,218000.00,156000.00,50000.00,167000.00,134000.00,41000.00,267000.00,179000.00,59000.00
2019 Q2,East Midlands,E12000004,267000.00,184000.00,57000.00,213000.00,156000.00,49000.00,225000.00,162000.00,51000.00,174000.00,140000.00,42000.00,273000.00,182000.00,59000.00
2019 Q3,East Midlands,E12000004,267000.00,181000.00,57000.00,217000.00,156000.00,50000.00,225000.00,163000.00,51000.00,171000.00,138000.00,42000.00,274000.00,181000.00,60000.00
2019 Q4,East Midlands,E12000004,268000.00,183000.00,56000.00,219000.00,158000.00,50000.00,229000.00,163000.00,51000.00,174000.00,140000.00,42000.00,278000.00,184000.00,60000.00
2020 Q1,East Midlands,E12000004,265000.00,182000.00,57000.00,213000.00,155000.00,50000.00,221000.00,159000.00,51000.00,168000.00,136000.00,42000.00,273000.00,182000.00,60000.00
2020 Q2,East Midlands,E12000004,268000.00,183000.00,57000.00,211000.00,158000.00,50000.00,219000.00,162000.00,51000.00,168000.00,139000.00,41000.00,272000.00,186000.00,61000.00
2020 Q3,East Midlands,E12000004,267000.00,182000.00,57000.00,238000.00,169000.00,53000.00,243000.00,172000.00,54000.00,183000.00,145000.00,43000.00,297000.00,196000.00,64000.00
2020 Q4,East Midlands,E12000004,278000.00,188000.00,57000.00,256000.00,177000.00,56000.00,260000.00,179000.00,56000.00,193000.00,149000.00,44000.00,310000.00,202000.00,65000.00
2021 Q1,East Midlands,E12000004,290000.00,192000.00,58000.00,270000.00,181000.00,57000.00,273000.00,183000.00,58000.00,197000.00,149000.00,45000.00,321000.00,204000.00,66000.00
2021 Q2,East Midlands,E12000004,283000.00,189000.00,58000.00,263000.00,178000.00,56000.00,266000.00,180000.00,56000.00,193000.00,151000.00,45000.00,321000.00,202000.00,65000.00
2021 Q3,East Midlands,E12000004,266000.00,183000.00,56000.00,237000.00,169000.00,52000.00,242000.00,171000.00,52000.00,188000.00,150000.00,44000.00,291000.00,190000.00,60000.00
2021 Q4,East Midlands,E12000004,276000.00,187000.00,56000.00,245000.00,174000.00,53000.00,252000.00,177000.00,54000.00,195000.00,155000.00,45000.00,317000.00,202000.00,64000.00
2022 Q1,East Midlands,E12000004,287000.00,195000.00,59000.00,253000.00,180000.00,54000.00,259000.00,182000.00,55000.00,199000.00,159000.00,45000.00,320000.00,206000.00,64000.00
2022 Q2,East Midlands,E12000004,286000.00,201000.00,60000.00,263000.00,188000.00,56000.00,268000.00,191000.00,57000.00,209000.00,168000.00,48000.00,330000.00,215000.00,67000.00
2022 Q3,East Midlands,E12000004,298000.00,205000.00,61000.00,274000.00,195000.00,58000.00,278000.00,197000.00,59000.00,214000.00,173000.00,49000.00,344000.00,221000.00,69000.00
2022 Q4,East Midlands,E12000004,302000.00,207000.00,62000.00,273000.00,193000.00,59000.00,280000.00,196000.00,60000.00,216000.00,173000.00,50000.00,346000.00,220000.00,70000.00
2023 Q1,East Midlands,E12000004,292000.00,201000.00,64000.00,256000.00,179000.00,58000.00,263000.00,183000.00,59000.00,203000.00,164000.00,49000.00,326000.00,203000.00,69000.00
2023 Q2,East Midlands,E12000004,299000.00,204000.00,66000.00,260000.00,183000.00,60000.00,269000.00,188000.00,62000.00,211000.00,168000.00,52000.00,329000.00,209000.00,72000.00
2023 Q3,East Midlands,E12000004,287000.00,192000.00,66000.00,270000.00,187000.00,62000.00,273000.00,188000.00,63000.00,211000.00,170000.00,52000.00,335000.00,206000.00,74000.00
2023 Q4,East Midlands,E12000004,286000.00,193000.00,66000.00,259000.00,181000.00,61000.00,265000.00,183000.00,62000.00,208000.00,167000.00,52000.00,327000.00,201000.00,72000.00
2024 Q1,East Midlands,E12000004,273000.00,188000.00,67000.00,257000.00,179000.00,61000.00,260000.00,181000.00,62000.00,203000.00,164000.00,52000.00,325000.00,200000.00,74000.00
2024 Q2,East Midlands,E12000004,296000.00,211000.00,69000.00,260000.00,186000.00,63000.00,267000.00,191000.00,64000.00,213000.00,174000.00,54000.00,328000.00,210000.00,75000.00
2024 Q3,East Midlands,E12000004,288000.00,202000.00,68000.00,273000.00,195000.00,64000.00,276000.00,196000.00,65000.00,216000.00,177000.00,54000.00,340000.00,216000.00,76000.00
2024 Q4,East Midlands,E12000004,299000.00,216000.00,70000.00,274000.00,195000.00,64000.00,278000.00,199000.00,65000.00,218000.00,179000.00,54000.00,342000.00,219000.00,77000.00
2025 Q1,East Midlands,E12000004,296000.00,216000.00,71000.00,279000.00,199000.00,65000.00,282000.00,202000.00,66000.00,222000.00,182000.00,55000.00,340000.00,221000.00,77000.00
2025 Q2,East Midlands,E12000004,304000.00,227000.00,70000.00,256000.00,190000.00,61000.00,266000.00,198000.00,63000.00,215000.00,179000.00,54000.00,336000.00,223000.00,74000.00
2025 Q3,East Midlands,E12000004,305000.00,223000.00,70000.00,274000.00,200000.00,64000.00,279000.00,204000.00,65000.00,218000.00,181000.00,55000.00,351000.00,231000.00,77000.00
2025 Q4,East Midlands,E12000004,315000.00,232000.00,71000.00,275000.00,201000.00,63000.00,281000.00,206000.00,65000.00,219000.00,182000.00,54000.00,352000.00,233000.00,77000.00
2026 Q1,East Midlands,E12000004,307000.00,231000.00,70000.00,272000.00,200000.00,62000.00,278000.00,205000.00,64000.00,222000.00,185000.00,54000.00,341000.00,227000.00,75000.00
1992 Q1,West Midlands,E12000005,[x],[x],[x],[x],[x],[x],[x],[x],[x],[x],[x],[x],[x],[x],[x]
1992 Q2,West Midlands,E12000005,66000.00,50000.00,22000.00,58000.00,41000.00,19000.00,59000.00,42000.00,20000.00,45000.00,39000.00,17000.00,73000.00,46000.00,22000.00
1992 Q3,West Midlands,E12000005,69000.00,48000.00,22000.00,57000.00,40000.00,19000.00,58000.00,41000.00,19000.00,44000.00,37000.00,17000.00,73000.00,44000.00,22000.00
1992 Q4,West Midlands,E12000005,71000.00,52000.00,25000.00,54000.00,39000.00,19000.00,57000.00,41000.00,20000.00,42000.00,35000.00,17000.00,74000.00,46000.00,24000.00
1993 Q1,West Midlands,E12000005,64000.00,46000.00,21000.00,58000.00,42000.00,20000.00,58000.00,42000.00,20000.00,45000.00,37000.00,18000.00,75000.00,48000.00,23000.00
1993 Q2,West Midlands,E12000005,64000.00,46000.00,21000.00,55000.00,41000.00,19000.00,56000.00,41000.00,19000.00,44000.00,37000.00,16000.00,72000.00,47000.00,23000.00
1993 Q3,West Midlands,E12000005,73000.00,51000.00,24000.00,57000.00,41000.00,19000.00,59000.00,42000.00,20000.00,44000.00,38000.00,17000.00,78000.00,47000.00,24000.00
1993 Q4,West Midlands,E12000005,73000.00,55000.00,24000.00,58000.00,41000.00,20000.00,60000.00,43000.00,20000.00,46000.00,38000.00,17000.00,77000.00,49000.00,24000.00
1994 Q1,West Midlands,E12000005,78000.00,50000.00,25000.00,58000.00,41000.00,19000.00,60000.00,42000.00,19000.00,45000.00,37000.00,17000.00,81000.00,47000.00,23000.00
1994 Q2,West Midlands,E12000005,72000.00,51000.00,22000.00,56000.00,41000.00,19000.00,59000.00,42000.00,20000.00,45000.00,37000.00,17000.00,81000.00,50000.00,25000.00
1994 Q3,West Midlands,E12000005,71000.00,50000.00,24000.00,57000.00,42000.00,20000.00,59000.00,43000.00,21000.00,45000.00,37000.00,18000.00,77000.00,50000.00,25000.00
1994 Q4,West Midlands,E12000005,67000.00,51000.00,22000.00,57000.00,42000.00,19000.00,59000.00,43000.00,20000.00,47000.00,40000.00,18000.00,74000.00,48000.00,23000.00
1995 Q1,West Midlands,E12000005,71000.00,54000.00,26000.00,57000.00,42000.00,21000.00,59000.00,43000.00,21000.00,45000.00,39000.00,18000.00,77000.00,49000.00,26000.00
1995 Q2,West Midlands,E12000005,84000.00,60000.00,26000.00,60000.00,46000.00,22000.00,64000.00,48000.00,23000.00,44000.00,40000.00,18000.00,87000.00,56000.00,29000.00
1995 Q3,West Midlands,E12000005,76000.00,52000.00,25000.00,60000.00,45000.00,21000.00,63000.00,46000.00,22000.00,42000.00,38000.00,17000.00,83000.00,54000.00,27000.00
1995 Q4,West Midlands,E12000005,80000.00,54000.00,24000.00,59000.00,43000.00,21000.00,63000.00,45000.00,22000.00,43000.00,38000.00,18000.00,85000.00,52000.00,26000.00
1996 Q1,West Midlands,E12000005,81000.00,54000.00,29000.00,58000.00,42000.00,20000.00,61000.00,43000.00,21000.00,43000.00,39000.00,18000.00,80000.00,49000.00,25000.00
1996 Q2,West Midlands,E12000005,77000.00,57000.00,26000.00,64000.00,47000.00,24000.00,66000.00,48000.00,24000.00,44000.00,40000.00,19000.00,84000.00,54000.00,29000.00
1996 Q3,West Midlands,E12000005,90000.00,63000.00,29000.00,62000.00,46000.00,22000.00,65000.00,48000.00,23000.00,45000.00,41000.00,19000.00,85000.00,54000.00,27000.00
1996 Q4,West Midlands,E12000005,87000.00,63000.00,28000.00,63000.00,46000.00,23000.00,64000.00,47000.00,23000.00,46000.00,41000.00,19000.00,82000.00,52000.00,27000.00
1997 Q1,West Midlands,E12000005,92000.00,63000.00,35000.00,62000.00,47000.00,23000.00,64000.00,48000.00,23000.00,42000.00,38000.00,18000.00,85000.00,58000.00,28000.00
1997 Q2,West Midlands,E12000005,97000.00,63000.00,30000.00,64000.00,48000.00,23000.00,68000.00,49000.00,23000.00,46000.00,42000.00,19000.00,85000.00,55000.00,27000.00
1997 Q3,West Midlands,E12000005,94000.00,64000.00,29000.00,65000.00,49000.00,23000.00,68000.00,50000.00,24000.00,48000.00,43000.00,19000.00,85000.00,55000.00,28000.00
1997 Q4,West Midlands,E12000005,90000.00,61000.00,27000.00,68000.00,49000.00,23000.00,71000.00,50000.00,24000.00,47000.00,41000.00,19000.00,90000.00,58000.00,27000.00
1998 Q1,West Midlands,E12000005,94000.00,72000.00,31000.00,67000.00,50000.00,24000.00,69000.00,52000.00,25000.00,48000.00,42000.00,20000.00,89000.00,60000.00,30000.00
1998 Q2,West Midlands,E12000005,104000.00,71000.00,33000.00,68000.00,50000.00,24000.00,72000.00,51000.00,25000.00,52000.00,44000.00,21000.00,92000.00,58000.00,29000.00
1998 Q3,West Midlands,E12000005,81000.00,59000.00,27000.00,71000.00,53000.00,25000.00,73000.00,54000.00,25000.00,55000.00,47000.00,22000.00,90000.00,60000.00,29000.00
1998 Q4,West Midlands,E12000005,97000.00,73000.00,31000.00,70000.00,50000.00,24000.00,73000.00,52000.00,25000.00,54000.00,44000.00,19000.00,91000.00,59000.00,30000.00
1999 Q1,West Midlands,E12000005,99000.00,66000.00,34000.00,69000.00,50000.00,25000.00,72000.00,52000.00,26000.00,52000.00,44000.00,21000.00,90000.00,58000.00,30000.00
1999 Q2,West Midlands,E12000005,106000.00,73000.00,32000.00,74000.00,54000.00,26000.00,77000.00,56000.00,27000.00,58000.00,49000.00,23000.00,93000.00,63000.00,30000.00
1999 Q3,West Midlands,E12000005,127000.00,84000.00,38000.00,80000.00,58000.00,27000.00,85000.00,60000.00,28000.00,64000.00,49000.00,23000.00,102000.00,69000.00,32000.00
1999 Q4,West Midlands,E12000005,116000.00,82000.00,37000.00,78000.00,56000.00,26000.00,82000.00,59000.00,27000.00,63000.00,51000.00,22000.00,100000.00,66000.00,31000.00
2000 Q1,West Midlands,E12000005,108000.00,76000.00,35000.00,74000.00,55000.00,26000.00,76000.00,57000.00,26000.00,57000.00,48000.00,23000.00,96000.00,66000.00,30000.00
2000 Q2,West Midlands,E12000005,122000.00,80000.00,36000.00,85000.00,60000.00,27000.00,89000.00,62000.00,28000.00,66000.00,52000.00,23000.00,106000.00,69000.00,31000.00
2000 Q3,West Midlands,E12000005,123000.00,85000.00,37000.00,88000.00,63000.00,28000.00,91000.00,64000.00,29000.00,68000.00,54000.00,24000.00,111000.00,73000.00,33000.00
2000 Q4,West Midlands,E12000005,131000.00,85000.00,38000.00,89000.00,63000.00,29000.00,94000.00,65000.00,30000.00,63000.00,52000.00,23000.00,115000.00,75000.00,34000.00
2001 Q1,West Midlands,E12000005,121000.00,89000.00,38000.00,85000.00,61000.00,28000.00,87000.00,63000.00,28000.00,65000.00,54000.00,25000.00,103000.00,70000.00,31000.00
2001 Q2,West Midlands,E12000005,129000.00,89000.00,36000.00,92000.00,63000.00,29000.00,98000.00,67000.00,30000.00,66000.00,53000.00,23000.00,120000.00,77000.00,35000.00
2001 Q3,West Midlands,E12000005,129000.00,82000.00,33000.00,102000.00,67000.00,30000.00,104000.00,68000.00,30000.00,72000.00,57000.00,24000.00,122000.00,77000.00,33000.00
2001 Q4,West Midlands,E12000005,140000.00,97000.00,44000.00,95000.00,65000.00,29000.00,98000.00,67000.00,30000.00,69000.00,54000.00,22000.00,117000.00,79000.00,34000.00
2002 Q1,West Midlands,E12000005,131000.00,101000.00,43000.00,91000.00,63000.00,29000.00,94000.00,65000.00,30000.00,73000.00,59000.00,24000.00,107000.00,74000.00,32000.00
2002 Q2,West Midlands,E12000005,151000.00,99000.00,45000.00,104000.00,70000.00,31000.00,110000.00,74000.00,33000.00,80000.00,65000.00,28000.00,120000.00,82000.00,35000.00
2002 Q3,West Midlands,E12000005,178000.00,108000.00,43000.00,113000.00,72000.00,33000.00,118000.00,75000.00,34000.00,88000.00,67000.00,30000.00,135000.00,84000.00,36000.00
2002 Q4,West Midlands,E12000005,164000.00,110000.00,47000.00,120000.00,77000.00,35000.00,123000.00,79000.00,35000.00,97000.00,71000.00,29000.00,135000.00,87000.00,37000.00
2003 Q1,West Midlands,E12000005,162000.00,110000.00,43000.00,112000.00,73000.00,33000.00,115000.00,75000.00,33000.00,90000.00,72000.00,31000.00,117000.00,76000.00,31000.00
2003 Q2,West Midlands,E12000005,199000.00,117000.00,47000.00,126000.00,82000.00,32000.00,130000.00,84000.00,34000.00,95000.00,71000.00,27000.00,142000.00,89000.00,36000.00
2003 Q3,West Midlands,E12000005,186000.00,121000.00,44000.00,142000.00,89000.00,36000.00,144000.00,90000.00,37000.00,88000.00,68000.00,25000.00,154000.00,94000.00,37000.00
2003 Q4,West Midlands,E12000005,188000.00,126000.00,49000.00,145000.00,92000.00,36000.00,146000.00,94000.00,37000.00,97000.00,77000.00,28000.00,156000.00,97000.00,37000.00
2004 Q1,West Midlands,E12000005,187000.00,124000.00,45000.00,144000.00,91000.00,36000.00,146000.00,91000.00,36000.00,98000.00,75000.00,28000.00,156000.00,96000.00,37000.00
2004 Q2,West Midlands,E12000005,194000.00,129000.00,48000.00,155000.00,96000.00,36000.00,159000.00,97000.00,37000.00,106000.00,84000.00,29000.00,165000.00,99000.00,37000.00
2004 Q3,West Midlands,E12000005,205000.00,138000.00,52000.00,166000.00,103000.00,35000.00,170000.00,102000.00,37000.00,112000.00,87000.00,29000.00,180000.00,108000.00,38000.00
2004 Q4,West Midlands,E12000005,189000.00,127000.00,46000.00,167000.00,105000.00,35000.00,172000.00,103000.00,37000.00,116000.00,90000.00,30000.00,181000.00,109000.00,39000.00
2005 Q1,West Midlands,E12000005,192000.00,120000.00,46000.00,161000.00,101000.00,35000.00,165000.00,99000.00,36000.00,112000.00,89000.00,30000.00,176000.00,104000.00,38000.00
2005 Q2,West Midlands,E12000005,208000.00,127000.00,51000.00,168000.00,107000.00,37000.00,172000.00,106000.00,38000.00,120000.00,94000.00,31000.00,182000.00,110000.00,41000.00
2005 Q3,West Midlands,E12000005,187000.00,124000.00,45000.00,171000.00,112000.00,39000.00,173000.00,110000.00,40000.00,125000.00,99000.00,33000.00,189000.00,117000.00,43000.00
2005 Q4,West Midlands,E12000005,201000.00,138000.00,51000.00,164000.00,115000.00,42000.00,165000.00,116000.00,43000.00,118000.00,100000.00,34000.00,199000.00,127000.00,48000.00
2006 Q1,West Midlands,E12000005,198000.00,140000.00,51000.00,165000.00,113000.00,42000.00,166000.00,114000.00,42000.00,118000.00,99000.00,34000.00,198000.00,124000.00,47000.00
2006 Q2,West Midlands,E12000005,203000.00,137000.00,50000.00,170000.00,118000.00,43000.00,172000.00,119000.00,44000.00,123000.00,104000.00,35000.00,203000.00,129000.00,49000.00
2006 Q3,West Midlands,E12000005,199000.00,132000.00,49000.00,183000.00,124000.00,45000.00,184000.00,124000.00,45000.00,127000.00,106000.00,35000.00,218000.00,135000.00,51000.00
2006 Q4,West Midlands,E12000005,199000.00,135000.00,48000.00,186000.00,126000.00,46000.00,186000.00,126000.00,46000.00,127000.00,108000.00,36000.00,221000.00,137000.00,51000.00
2007 Q1,West Midlands,E12000005,197000.00,137000.00,47000.00,179000.00,124000.00,44000.00,180000.00,124000.00,45000.00,128000.00,107000.00,35000.00,213000.00,135000.00,50000.00
2007 Q2,West Midlands,E12000005,197000.00,136000.00,46000.00,181000.00,125000.00,45000.00,182000.00,126000.00,45000.00,129000.00,109000.00,35000.00,214000.00,136000.00,51000.00
2007 Q3,West Midlands,E12000005,191000.00,130000.00,45000.00,190000.00,129000.00,46000.00,190000.00,129000.00,46000.00,131000.00,109000.00,35000.00,224000.00,140000.00,52000.00
2007 Q4,West Midlands,E12000005,203000.00,136000.00,48000.00,187000.00,128000.00,45000.00,188000.00,129000.00,45000.00,131000.00,109000.00,36000.00,222000.00,140000.00,51000.00
2008 Q1,West Midlands,E12000005,198000.00,130000.00,44000.00,182000.00,125000.00,44000.00,183000.00,125000.00,44000.00,131000.00,107000.00,35000.00,214000.00,136000.00,50000.00
2008 Q2,West Midlands,E12000005,198000.00,129000.00,47000.00,183000.00,125000.00,46000.00,184000.00,125000.00,47000.00,134000.00,107000.00,36000.00,215000.00,136000.00,53000.00
2008 Q3,West Midlands,E12000005,190000.00,126000.00,49000.00,190000.00,121000.00,47000.00,190000.00,121000.00,47000.00,136000.00,103000.00,36000.00,222000.00,133000.00,54000.00
2008 Q4,West Midlands,E12000005,172000.00,108000.00,42000.00,185000.00,116000.00,46000.00,184000.00,116000.00,46000.00,130000.00,96000.00,35000.00,215000.00,127000.00,53000.00
2009 Q1,West Midlands,E12000005,177000.00,114000.00,41000.00,179000.00,111000.00,46000.00,179000.00,111000.00,45000.00,128000.00,93000.00,34000.00,210000.00,122000.00,53000.00
2009 Q2,West Midlands,E12000005,179000.00,123000.00,46000.00,178000.00,112000.00,46000.00,179000.00,113000.00,46000.00,129000.00,94000.00,35000.00,209000.00,124000.00,53000.00
2009 Q3,West Midlands,E12000005,189000.00,112000.00,46000.00,194000.00,119000.00,49000.00,194000.00,119000.00,49000.00,137000.00,98000.00,36000.00,225000.00,130000.00,55000.00
2009 Q4,West Midlands,E12000005,180000.00,110000.00,48000.00,189000.00,118000.00,46000.00,189000.00,117000.00,47000.00,138000.00,99000.00,36000.00,215000.00,127000.00,52000.00
2010 Q1,West Midlands,E12000005,177000.00,111000.00,42000.00,202000.00,123000.00,50000.00,201000.00,123000.00,49000.00,137000.00,96000.00,36000.00,231000.00,135000.00,56000.00
2010 Q2,West Midlands,E12000005,196000.00,123000.00,48000.00,201000.00,123000.00,49000.00,201000.00,123000.00,49000.00,141000.00,101000.00,37000.00,229000.00,134000.00,54000.00
2010 Q3,West Midlands,E12000005,181000.00,121000.00,47000.00,207000.00,129000.00,51000.00,206000.00,129000.00,51000.00,139000.00,102000.00,37000.00,238000.00,141000.00,57000.00
2010 Q4,West Midlands,E12000005,195000.00,129000.00,49000.00,199000.00,125000.00,49000.00,198000.00,125000.00,49000.00,136000.00,101000.00,37000.00,230000.00,138000.00,55000.00
2011 Q1,West Midlands,E12000005,169000.00,113000.00,42000.00,184000.00,120000.00,45000.00,182000.00,118000.00,45000.00,129000.00,96000.00,35000.00,213000.00,132000.00,52000.00
2011 Q2,West Midlands,E12000005,190000.00,122000.00,48000.00,188000.00,121000.00,47000.00,188000.00,122000.00,48000.00,133000.00,99000.00,36000.00,218000.00,134000.00,54000.00
2011 Q3,West Midlands,E12000005,200000.00,131000.00,46000.00,194000.00,123000.00,48000.00,194000.00,124000.00,49000.00,136000.00,101000.00,36000.00,225000.00,137000.00,55000.00
2011 Q4,West Midlands,E12000005,214000.00,138000.00,49000.00,190000.00,123000.00,46000.00,193000.00,125000.00,47000.00,136000.00,102000.00,35000.00,221000.00,137000.00,53000.00
2012 Q1,West Midlands,E12000005,188000.00,125000.00,43000.00,185000.00,120000.00,45000.00,185000.00,121000.00,45000.00,135000.00,103000.00,36000.00,214000.00,131000.00,50000.00
2012 Q2,West Midlands,E12000005,198000.00,132000.00,45000.00,185000.00,122000.00,47000.00,187000.00,123000.00,47000.00,132000.00,102000.00,36000.00,218000.00,135000.00,53000.00
2012 Q3,West Midlands,E12000005,204000.00,136000.00,51000.00,188000.00,125000.00,47000.00,190000.00,126000.00,48000.00,134000.00,104000.00,36000.00,224000.00,139000.00,55000.00
2012 Q4,West Midlands,E12000005,200000.00,132000.00,47000.00,190000.00,127000.00,48000.00,191000.00,127000.00,48000.00,137000.00,106000.00,37000.00,224000.00,140000.00,54000.00
2013 Q1,West Midlands,E12000005,191000.00,124000.00,46000.00,185000.00,123000.00,47000.00,186000.00,123000.00,47000.00,132000.00,102000.00,36000.00,225000.00,138000.00,54000.00
2013 Q2,West Midlands,E12000005,200000.00,130000.00,48000.00,182000.00,125000.00,47000.00,184000.00,126000.00,47000.00,137000.00,108000.00,37000.00,221000.00,139000.00,55000.00
2013 Q3,West Midlands,E12000005,191000.00,137000.00,49000.00,194000.00,130000.00,48000.00,194000.00,131000.00,49000.00,139000.00,109000.00,37000.00,232000.00,146000.00,56000.00
2013 Q4,West Midlands,E12000005,196000.00,138000.00,51000.00,197000.00,132000.00,49000.00,197000.00,133000.00,49000.00,142000.00,111000.00,38000.00,235000.00,148000.00,57000.00
2014 Q1,West Midlands,E12000005,188000.00,135000.00,51000.00,194000.00,132000.00,48000.00,194000.00,132000.00,48000.00,138000.00,109000.00,37000.00,234000.00,149000.00,56000.00
2014 Q2,West Midlands,E12000005,206000.00,144000.00,52000.00,201000.00,137000.00,49000.00,201000.00,138000.00,49000.00,144000.00,115000.00,37000.00,241000.00,155000.00,57000.00
2014 Q3,West Midlands,E12000005,212000.00,141000.00,54000.00,207000.00,140000.00,50000.00,207000.00,140000.00,51000.00,150000.00,119000.00,39000.00,247000.00,155000.00,59000.00
2014 Q4,West Midlands,E12000005,217000.00,148000.00,55000.00,206000.00,140000.00,51000.00,207000.00,141000.00,51000.00,151000.00,118000.00,40000.00,249000.00,158000.00,59000.00
2015 Q1,West Midlands,E12000005,215000.00,149000.00,54000.00,202000.00,141000.00,51000.00,204000.00,141000.00,51000.00,149000.00,118000.00,40000.00,246000.00,160000.00,60000.00
2015 Q2,West Midlands,E12000005,229000.00,152000.00,54000.00,202000.00,143000.00,51000.00,206000.00,145000.00,51000.00,152000.00,121000.00,40000.00,250000.00,164000.00,60000.00
2015 Q3,West Midlands,E12000005,236000.00,154000.00,55000.00,218000.00,151000.00,53000.00,220000.00,151000.00,54000.00,157000.00,124000.00,41000.00,267000.00,171000.00,63000.00
2015 Q4,West Midlands,E12000005,233000.00,159000.00,57000.00,214000.00,150000.00,52000.00,216000.00,150000.00,53000.00,157000.00,124000.00,41000.00,263000.00,172000.00,63000.00
2016 Q1,West Midlands,E12000005,222000.00,150000.00,52000.00,213000.00,150000.00,53000.00,214000.00,150000.00,52000.00,155000.00,124000.00,41000.00,263000.00,172000.00,62000.00
2016 Q2,West Midlands,E12000005,247000.00,164000.00,55000.00,205000.00,146000.00,50000.00,209000.00,148000.00,51000.00,160000.00,127000.00,42000.00,260000.00,169000.00,60000.00
2016 Q3,West Midlands,E12000005,251000.00,169000.00,58000.00,224000.00,157000.00,53000.00,226000.00,158000.00,53000.00,167000.00,133000.00,42000.00,279000.00,180000.00,64000.00
2016 Q4,West Midlands,E12000005,261000.00,170000.00,57000.00,224000.00,156000.00,53000.00,228000.00,158000.00,54000.00,168000.00,134000.00,42000.00,281000.00,179000.00,64000.00
2017 Q1,West Midlands,E12000005,245000.00,162000.00,52000.00,210000.00,149000.00,49000.00,215000.00,151000.00,50000.00,162000.00,127000.00,40000.00,271000.00,176000.00,60000.00
2017 Q2,West Midlands,E12000005,262000.00,174000.00,55000.00,214000.00,154000.00,50000.00,222000.00,157000.00,51000.00,168000.00,134000.00,41000.00,275000.00,179000.00,61000.00
2017 Q3,West Midlands,E12000005,261000.00,175000.00,57000.00,224000.00,159000.00,52000.00,228000.00,161000.00,52000.00,170000.00,135000.00,42000.00,283000.00,186000.00,62000.00
2017 Q4,West Midlands,E12000005,272000.00,182000.00,57000.00,220000.00,156000.00,50000.00,227000.00,160000.00,51000.00,170000.00,135000.00,41000.00,283000.00,184000.00,60000.00
2018 Q1,West Midlands,E12000005,259000.00,176000.00,54000.00,216000.00,154000.00,50000.00,222000.00,157000.00,50000.00,168000.00,133000.00,41000.00,279000.00,182000.00,60000.00
2018 Q2,West Midlands,E12000005,278000.00,184000.00,58000.00,222000.00,160000.00,51000.00,232000.00,164000.00,52000.00,177000.00,139000.00,42000.00,290000.00,190000.00,63000.00
2018 Q3,West Midlands,E12000005,270000.00,178000.00,59000.00,229000.00,162000.00,51000.00,234000.00,164000.00,52000.00,178000.00,141000.00,43000.00,291000.00,188000.00,62000.00
2018 Q4,West Midlands,E12000005,271000.00,181000.00,56000.00,228000.00,162000.00,51000.00,235000.00,165000.00,51000.00,179000.00,141000.00,42000.00,291000.00,188000.00,61000.00
2019 Q1,West Midlands,E12000005,271000.00,179000.00,57000.00,216000.00,157000.00,49000.00,224000.00,160000.00,50000.00,176000.00,139000.00,42000.00,278000.00,184000.00,60000.00
2019 Q2,West Midlands,E12000005,281000.00,190000.00,59000.00,220000.00,161000.00,50000.00,231000.00,166000.00,52000.00,180000.00,144000.00,43000.00,287000.00,191000.00,62000.00
2019 Q3,West Midlands,E12000005,279000.00,188000.00,59000.00,227000.00,163000.00,51000.00,233000.00,167000.00,52000.00,176000.00,142000.00,43000.00,294000.00,192000.00,62000.00
2019 Q4,West Midlands,E12000005,287000.00,193000.00,59000.00,227000.00,164000.00,51000.00,238000.00,170000.00,52000.00,182000.00,145000.00,43000.00,296000.00,195000.00,63000.00
2020 Q1,West Midlands,E12000005,280000.00,187000.00,59000.00,226000.00,164000.00,52000.00,233000.00,167000.00,53000.00,177000.00,142000.00,43000.00,293000.00,194000.00,64000.00
2020 Q2,West Midlands,E12000005,273000.00,185000.00,57000.00,222000.00,165000.00,51000.00,228000.00,167000.00,52000.00,177000.00,144000.00,43000.00,289000.00,195000.00,62000.00
2020 Q3,West Midlands,E12000005,283000.00,193000.00,59000.00,248000.00,178000.00,55000.00,254000.00,180000.00,55000.00,192000.00,151000.00,44000.00,315000.00,209000.00,66000.00
2020 Q4,West Midlands,E12000005,295000.00,196000.00,60000.00,268000.00,185000.00,57000.00,273000.00,187000.00,57000.00,201000.00,154000.00,45000.00,335000.00,215000.00,68000.00
2021 Q1,West Midlands,E12000005,301000.00,200000.00,61000.00,282000.00,189000.00,59000.00,285000.00,191000.00,59000.00,202000.00,154000.00,46000.00,344000.00,217000.00,69000.00
2021 Q2,West Midlands,E12000005,288000.00,190000.00,59000.00,276000.00,189000.00,58000.00,277000.00,189000.00,58000.00,201000.00,155000.00,46000.00,342000.00,217000.00,69000.00
2021 Q3,West Midlands,E12000005,264000.00,179000.00,56000.00,242000.00,174000.00,52000.00,245000.00,174000.00,52000.00,192000.00,153000.00,44000.00,304000.00,199000.00,62000.00
2021 Q4,West Midlands,E12000005,276000.00,190000.00,57000.00,253000.00,180000.00,54000.00,257000.00,182000.00,54000.00,198000.00,157000.00,45000.00,338000.00,215000.00,67000.00
2022 Q1,West Midlands,E12000005,286000.00,193000.00,57000.00,261000.00,185000.00,55000.00,264000.00,186000.00,55000.00,199000.00,159000.00,45000.00,341000.00,218000.00,67000.00
2022 Q2,West Midlands,E12000005,290000.00,200000.00,60000.00,270000.00,193000.00,57000.00,273000.00,195000.00,58000.00,210000.00,167000.00,47000.00,351000.00,228000.00,70000.00
2022 Q3,West Midlands,E12000005,297000.00,205000.00,62000.00,285000.00,203000.00,60000.00,286000.00,203000.00,60000.00,216000.00,174000.00,50000.00,365000.00,236000.00,72000.00
2022 Q4,West Midlands,E12000005,297000.00,207000.00,63000.00,282000.00,199000.00,60000.00,285000.00,201000.00,60000.00,217000.00,174000.00,50000.00,363000.00,231000.00,72000.00
2023 Q1,West Midlands,E12000005,295000.00,197000.00,66000.00,268000.00,187000.00,59000.00,272000.00,188000.00,60000.00,208000.00,165000.00,50000.00,351000.00,217000.00,73000.00
2023 Q2,West Midlands,E12000005,312000.00,212000.00,69000.00,272000.00,189000.00,61000.00,278000.00,193000.00,62000.00,217000.00,171000.00,52000.00,352000.00,219000.00,75000.00
2023 Q3,West Midlands,E12000005,306000.00,198000.00,69000.00,277000.00,194000.00,63000.00,281000.00,194000.00,63000.00,220000.00,175000.00,53000.00,351000.00,216000.00,75000.00
2023 Q4,West Midlands,E12000005,295000.00,199000.00,67000.00,271000.00,188000.00,63000.00,275000.00,189000.00,63000.00,217000.00,172000.00,54000.00,348000.00,211000.00,75000.00
2024 Q1,West Midlands,E12000005,281000.00,195000.00,67000.00,266000.00,188000.00,63000.00,268000.00,189000.00,64000.00,210000.00,168000.00,53000.00,343000.00,215000.00,78000.00
2024 Q2,West Midlands,E12000005,305000.00,213000.00,69000.00,273000.00,194000.00,63000.00,278000.00,197000.00,64000.00,219000.00,177000.00,54000.00,354000.00,223000.00,78000.00
2024 Q3,West Midlands,E12000005,300000.00,213000.00,71000.00,283000.00,202000.00,66000.00,285000.00,203000.00,66000.00,225000.00,183000.00,56000.00,360000.00,227000.00,79000.00
2024 Q4,West Midlands,E12000005,314000.00,227000.00,73000.00,285000.00,202000.00,65000.00,289000.00,206000.00,66000.00,227000.00,186000.00,56000.00,364000.00,230000.00,79000.00
2025 Q1,West Midlands,E12000005,318000.00,232000.00,73000.00,293000.00,209000.00,67000.00,295000.00,211000.00,67000.00,236000.00,192000.00,57000.00,364000.00,234000.00,79000.00
2025 Q2,West Midlands,E12000005,319000.00,237000.00,76000.00,269000.00,198000.00,62000.00,276000.00,203000.00,64000.00,223000.00,184000.00,55000.00,357000.00,232000.00,78000.00
2025 Q3,West Midlands,E12000005,323000.00,239000.00,74000.00,288000.00,210000.00,65000.00,291000.00,213000.00,66000.00,229000.00,189000.00,56000.00,373000.00,244000.00,79000.00
2025 Q4,West Midlands,E12000005,341000.00,248000.00,76000.00,289000.00,211000.00,65000.00,295000.00,215000.00,67000.00,229000.00,190000.00,55000.00,379000.00,247000.00,81000.00
2026 Q1,West Midlands,E12000005,327000.00,240000.00,74000.00,292000.00,212000.00,64000.00,295000.00,214000.00,65000.00,234000.00,193000.00,55000.00,374000.00,242000.00,78000.00
1992 Q1,East of England,E12000006,[x],[x],[x],[x],[x],[x],[x],[x],[x],[x],[x],[x],[x],[x],[x]
1992 Q2,East of England,E12000006,76000.00,54000.00,24000.00,63000.00,45000.00,22000.00,65000.00,46000.00,22000.00,49000.00,41000.00,19000.00,82000.00,52000.00,26000.00
1992 Q3,East of England,E12000006,67000.00,49000.00,21000.00,65000.00,47000.00,22000.00,67000.00,48000.00,22000.00,51000.00,43000.00,19000.00,83000.00,51000.00,24000.00
1992 Q4,East of England,E12000006,66000.00,52000.00,23000.00,61000.00,44000.00,22000.00,63000.00,45000.00,22000.00,45000.00,38000.00,18000.00,84000.00,53000.00,27000.00
1993 Q1,East of England,E12000006,75000.00,54000.00,24000.00,63000.00,44000.00,22000.00,64000.00,45000.00,22000.00,49000.00,40000.00,18000.00,80000.00,50000.00,26000.00
1993 Q2,East of England,E12000006,72000.00,52000.00,23000.00,65000.00,48000.00,22000.00,66000.00,48000.00,22000.00,49000.00,41000.00,18000.00,87000.00,57000.00,27000.00
1993 Q3,East of England,E12000006,70000.00,50000.00,23000.00,68000.00,48000.00,23000.00,70000.00,49000.00,23000.00,51000.00,42000.00,19000.00,90000.00,56000.00,29000.00
1993 Q4,East of England,E12000006,75000.00,55000.00,25000.00,64000.00,46000.00,22000.00,66000.00,48000.00,23000.00,50000.00,42000.00,19000.00,82000.00,54000.00,26000.00
1994 Q1,East of England,E12000006,78000.00,52000.00,23000.00,66000.00,48000.00,23000.00,68000.00,49000.00,23000.00,50000.00,41000.00,19000.00,88000.00,57000.00,28000.00
1994 Q2,East of England,E12000006,82000.00,58000.00,27000.00,66000.00,48000.00,22000.00,68000.00,49000.00,23000.00,50000.00,42000.00,19000.00,88000.00,57000.00,27000.00
1994 Q3,East of England,E12000006,73000.00,55000.00,25000.00,69000.00,51000.00,24000.00,71000.00,52000.00,24000.00,50000.00,43000.00,19000.00,94000.00,61000.00,30000.00
1994 Q4,East of England,E12000006,82000.00,60000.00,28000.00,68000.00,49000.00,23000.00,70000.00,51000.00,23000.00,52000.00,44000.00,19000.00,90000.00,57000.00,28000.00
1995 Q1,East of England,E12000006,74000.00,52000.00,24000.00,65000.00,47000.00,23000.00,67000.00,48000.00,23000.00,47000.00,41000.00,18000.00,89000.00,56000.00,28000.00
1995 Q2,East of England,E12000006,84000.00,65000.00,30000.00,66000.00,51000.00,23000.00,68000.00,53000.00,24000.00,49000.00,44000.00,19000.00,91000.00,63000.00,30000.00
1995 Q3,East of England,E12000006,80000.00,58000.00,27000.00,68000.00,50000.00,23000.00,69000.00,51000.00,23000.00,49000.00,44000.00,19000.00,90000.00,57000.00,28000.00
1995 Q4,East of England,E12000006,90000.00,66000.00,30000.00,71000.00,53000.00,26000.00,74000.00,55000.00,27000.00,52000.00,47000.00,21000.00,95000.00,63000.00,32000.00
1996 Q1,East of England,E12000006,83000.00,60000.00,28000.00,66000.00,51000.00,23000.00,68000.00,52000.00,23000.00,47000.00,42000.00,18000.00,92000.00,62000.00,29000.00
1996 Q2,East of England,E12000006,85000.00,64000.00,29000.00,68000.00,51000.00,25000.00,70000.00,53000.00,26000.00,52000.00,47000.00,21000.00,85000.00,57000.00,30000.00
1996 Q3,East of England,E12000006,91000.00,65000.00,29000.00,77000.00,53000.00,27000.00,79000.00,55000.00,27000.00,53000.00,47000.00,21000.00,99000.00,61000.00,32000.00
1996 Q4,East of England,E12000006,92000.00,66000.00,33000.00,70000.00,53000.00,26000.00,72000.00,54000.00,27000.00,51000.00,46000.00,22000.00,91000.00,61000.00,32000.00
1997 Q1,East of England,E12000006,101000.00,73000.00,35000.00,72000.00,54000.00,26000.00,75000.00,55000.00,27000.00,53000.00,48000.00,22000.00,91000.00,60000.00,31000.00
1997 Q2,East of England,E12000006,97000.00,71000.00,33000.00,80000.00,57000.00,27000.00,82000.00,58000.00,28000.00,55000.00,50000.00,22000.00,101000.00,64000.00,31000.00
1997 Q3,East of England,E12000006,109000.00,77000.00,35000.00,81000.00,58000.00,28000.00,85000.00,60000.00,29000.00,60000.00,52000.00,23000.00,103000.00,66000.00,33000.00
1997 Q4,East of England,E12000006,104000.00,76000.00,35000.00,77000.00,55000.00,26000.00,80000.00,58000.00,27000.00,58000.00,49000.00,23000.00,99000.00,65000.00,31000.00
1998 Q1,East of England,E12000006,107000.00,76000.00,35000.00,76000.00,56000.00,27000.00,81000.00,58000.00,28000.00,57000.00,50000.00,22000.00,101000.00,65000.00,33000.00
1998 Q2,East of England,E12000006,113000.00,81000.00,37000.00,85000.00,61000.00,28000.00,88000.00,63000.00,29000.00,64000.00,54000.00,24000.00,110000.00,71000.00,33000.00
1998 Q3,East of England,E12000006,113000.00,83000.00,38000.00,89000.00,61000.00,29000.00,92000.00,63000.00,30000.00,67000.00,54000.00,23000.00,109000.00,69000.00,35000.00
1998 Q4,East of England,E12000006,114000.00,79000.00,38000.00,90000.00,62000.00,29000.00,94000.00,64000.00,30000.00,72000.00,56000.00,25000.00,110000.00,71000.00,34000.00
1999 Q1,East of England,E12000006,120000.00,79000.00,37000.00,86000.00,62000.00,29000.00,91000.00,64000.00,30000.00,69000.00,56000.00,25000.00,109000.00,70000.00,34000.00
1999 Q2,East of England,E12000006,123000.00,86000.00,39000.00,90000.00,63000.00,29000.00,94000.00,66000.00,30000.00,71000.00,58000.00,25000.00,113000.00,73000.00,34000.00
1999 Q3,East of England,E12000006,116000.00,79000.00,35000.00,93000.00,66000.00,30000.00,95000.00,67000.00,30000.00,74000.00,60000.00,26000.00,111000.00,72000.00,33000.00
1999 Q4,East of England,E12000006,133000.00,92000.00,40000.00,102000.00,70000.00,32000.00,106000.00,73000.00,33000.00,81000.00,64000.00,28000.00,124000.00,79000.00,36000.00
2000 Q1,East of England,E12000006,141000.00,95000.00,40000.00,102000.00,70000.00,31000.00,106000.00,72000.00,32000.00,79000.00,61000.00,27000.00,128000.00,81000.00,36000.00
2000 Q2,East of England,E12000006,129000.00,85000.00,38000.00,106000.00,75000.00,32000.00,108000.00,76000.00,32000.00,82000.00,67000.00,28000.00,129000.00,83000.00,36000.00
2000 Q3,East of England,E12000006,160000.00,102000.00,45000.00,110000.00,75000.00,32000.00,114000.00,77000.00,33000.00,85000.00,67000.00,28000.00,134000.00,85000.00,37000.00
2000 Q4,East of England,E12000006,142000.00,87000.00,37000.00,115000.00,78000.00,34000.00,119000.00,79000.00,34000.00,90000.00,71000.00,30000.00,139000.00,84000.00,37000.00
2001 Q1,East of England,E12000006,180000.00,118000.00,46000.00,121000.00,81000.00,35000.00,126000.00,84000.00,35000.00,91000.00,71000.00,29000.00,147000.00,93000.00,39000.00
2001 Q2,East of England,E12000006,144000.00,96000.00,42000.00,122000.00,82000.00,36000.00,124000.00,84000.00,37000.00,90000.00,72000.00,30000.00,144000.00,90000.00,40000.00
2001 Q3,East of England,E12000006,161000.00,109000.00,46000.00,125000.00,79000.00,35000.00,130000.00,82000.00,36000.00,99000.00,76000.00,32000.00,148000.00,89000.00,38000.00
2001 Q4,East of England,E12000006,166000.00,107000.00,46000.00,127000.00,81000.00,37000.00,131000.00,84000.00,38000.00,99000.00,76000.00,31000.00,151000.00,91000.00,41000.00
2002 Q1,East of England,E12000006,201000.00,140000.00,57000.00,138000.00,89000.00,37000.00,141000.00,92000.00,39000.00,111000.00,88000.00,34000.00,162000.00,99000.00,43000.00
2002 Q2,East of England,E12000006,185000.00,105000.00,45000.00,144000.00,90000.00,38000.00,148000.00,93000.00,38000.00,115000.00,91000.00,34000.00,162000.00,97000.00,40000.00
2002 Q3,East of England,E12000006,190000.00,121000.00,47000.00,150000.00,94000.00,38000.00,154000.00,97000.00,40000.00,124000.00,93000.00,39000.00,168000.00,101000.00,40000.00
2002 Q4,East of England,E12000006,192000.00,114000.00,44000.00,156000.00,97000.00,42000.00,160000.00,99000.00,42000.00,133000.00,99000.00,38000.00,173000.00,101000.00,44000.00
2003 Q1,East of England,E12000006,196000.00,133000.00,53000.00,161000.00,101000.00,42000.00,165000.00,104000.00,43000.00,124000.00,98000.00,35000.00,179000.00,108000.00,44000.00
2003 Q2,East of England,E12000006,227000.00,136000.00,51000.00,173000.00,106000.00,43000.00,177000.00,109000.00,44000.00,141000.00,104000.00,38000.00,189000.00,110000.00,44000.00
2003 Q3,East of England,E12000006,236000.00,142000.00,55000.00,187000.00,113000.00,41000.00,189000.00,115000.00,42000.00,135000.00,103000.00,32000.00,201000.00,117000.00,43000.00
2003 Q4,East of England,E12000006,234000.00,145000.00,57000.00,189000.00,116000.00,42000.00,191000.00,118000.00,43000.00,136000.00,105000.00,33000.00,202000.00,120000.00,43000.00
2004 Q1,East of England,E12000006,241000.00,146000.00,53000.00,188000.00,115000.00,42000.00,191000.00,115000.00,42000.00,139000.00,106000.00,34000.00,203000.00,118000.00,42000.00
2004 Q2,East of England,E12000006,239000.00,152000.00,52000.00,195000.00,119000.00,42000.00,199000.00,119000.00,42000.00,144000.00,111000.00,34000.00,211000.00,123000.00,42000.00
2004 Q3,East of England,E12000006,247000.00,153000.00,54000.00,207000.00,125000.00,41000.00,212000.00,125000.00,42000.00,150000.00,117000.00,36000.00,224000.00,130000.00,43000.00
2004 Q4,East of England,E12000006,228000.00,145000.00,51000.00,207000.00,127000.00,40000.00,210000.00,125000.00,41000.00,153000.00,118000.00,35000.00,223000.00,129000.00,42000.00
2005 Q1,East of England,E12000006,241000.00,151000.00,55000.00,206000.00,125000.00,41000.00,209000.00,124000.00,42000.00,154000.00,119000.00,35000.00,223000.00,128000.00,44000.00
2005 Q2,East of England,E12000006,237000.00,149000.00,55000.00,207000.00,130000.00,42000.00,210000.00,128000.00,43000.00,158000.00,120000.00,36000.00,222000.00,134000.00,45000.00
2005 Q3,East of England,E12000006,244000.00,155000.00,57000.00,218000.00,137000.00,46000.00,220000.00,136000.00,47000.00,161000.00,126000.00,39000.00,236000.00,142000.00,50000.00
2005 Q4,East of England,E12000006,240000.00,164000.00,61000.00,207000.00,138000.00,51000.00,208000.00,139000.00,51000.00,149000.00,124000.00,42000.00,238000.00,147000.00,56000.00
2006 Q1,East of England,E12000006,251000.00,165000.00,62000.00,208000.00,136000.00,50000.00,209000.00,137000.00,51000.00,148000.00,123000.00,41000.00,239000.00,144000.00,55000.00
2006 Q2,East of England,E12000006,255000.00,162000.00,62000.00,214000.00,143000.00,51000.00,216000.00,144000.00,52000.00,154000.00,129000.00,41000.00,245000.00,151000.00,56000.00
2006 Q3,East of England,E12000006,251000.00,165000.00,62000.00,230000.00,149000.00,55000.00,231000.00,150000.00,55000.00,162000.00,132000.00,43000.00,263000.00,157000.00,61000.00
2006 Q4,East of England,E12000006,240000.00,159000.00,57000.00,227000.00,148000.00,53000.00,228000.00,149000.00,54000.00,162000.00,135000.00,43000.00,257000.00,155000.00,58000.00
2007 Q1,East of England,E12000006,231000.00,150000.00,57000.00,232000.00,152000.00,55000.00,232000.00,152000.00,56000.00,164000.00,135000.00,43000.00,263000.00,159000.00,61000.00
2007 Q2,East of England,E12000006,234000.00,155000.00,56000.00,230000.00,154000.00,54000.00,231000.00,154000.00,54000.00,167000.00,138000.00,43000.00,261000.00,162000.00,59000.00
2007 Q3,East of England,E12000006,239000.00,155000.00,57000.00,247000.00,160000.00,56000.00,247000.00,160000.00,56000.00,174000.00,142000.00,44000.00,279000.00,167000.00,61000.00
2007 Q4,East of England,E12000006,238000.00,158000.00,55000.00,243000.00,158000.00,55000.00,243000.00,158000.00,55000.00,172000.00,140000.00,43000.00,273000.00,166000.00,60000.00
2008 Q1,East of England,E12000006,228000.00,149000.00,55000.00,245000.00,158000.00,56000.00,244000.00,158000.00,56000.00,170000.00,137000.00,42000.00,280000.00,168000.00,63000.00
2008 Q2,East of England,E12000006,233000.00,152000.00,53000.00,247000.00,160000.00,58000.00,246000.00,159000.00,57000.00,177000.00,139000.00,44000.00,278000.00,168000.00,63000.00
2008 Q3,East of England,E12000006,224000.00,135000.00,49000.00,253000.00,154000.00,59000.00,251000.00,153000.00,58000.00,177000.00,129000.00,43000.00,284000.00,163000.00,65000.00
2008 Q4,East of England,E12000006,206000.00,129000.00,47000.00,239000.00,142000.00,55000.00,237000.00,141000.00,54000.00,166000.00,121000.00,42000.00,271000.00,152000.00,61000.00
2009 Q1,East of England,E12000006,216000.00,137000.00,48000.00,229000.00,138000.00,55000.00,228000.00,138000.00,54000.00,161000.00,115000.00,41000.00,264000.00,150000.00,62000.00
2009 Q2,East of England,E12000006,202000.00,123000.00,49000.00,227000.00,137000.00,54000.00,225000.00,136000.00,53000.00,158000.00,112000.00,40000.00,258000.00,148000.00,60000.00
2009 Q3,East of England,E12000006,214000.00,127000.00,48000.00,242000.00,145000.00,56000.00,241000.00,144000.00,55000.00,170000.00,119000.00,42000.00,273000.00,155000.00,61000.00
2009 Q4,East of England,E12000006,214000.00,132000.00,55000.00,242000.00,145000.00,55000.00,240000.00,145000.00,55000.00,171000.00,121000.00,42000.00,270000.00,155000.00,61000.00
2010 Q1,East of England,E12000006,219000.00,131000.00,50000.00,264000.00,155000.00,59000.00,261000.00,154000.00,59000.00,180000.00,123000.00,43000.00,292000.00,165000.00,65000.00
2010 Q2,East of England,E12000006,214000.00,133000.00,50000.00,262000.00,157000.00,58000.00,259000.00,156000.00,58000.00,183000.00,128000.00,43000.00,290000.00,167000.00,63000.00
2010 Q3,East of England,E12000006,237000.00,141000.00,55000.00,271000.00,164000.00,60000.00,269000.00,163000.00,60000.00,190000.00,136000.00,46000.00,301000.00,174000.00,66000.00
2010 Q4,East of England,E12000006,246000.00,151000.00,54000.00,259000.00,159000.00,59000.00,256000.00,158000.00,58000.00,179000.00,130000.00,44000.00,289000.00,171000.00,64000.00
2011 Q1,East of England,E12000006,238000.00,151000.00,56000.00,257000.00,158000.00,59000.00,254000.00,157000.00,58000.00,178000.00,130000.00,44000.00,290000.00,170000.00,65000.00
2011 Q2,East of England,E12000006,246000.00,158000.00,59000.00,255000.00,158000.00,58000.00,253000.00,158000.00,58000.00,177000.00,131000.00,44000.00,287000.00,170000.00,65000.00
2011 Q3,East of England,E12000006,247000.00,152000.00,54000.00,263000.00,161000.00,58000.00,262000.00,162000.00,58000.00,181000.00,132000.00,43000.00,295000.00,174000.00,64000.00
2011 Q4,East of England,E12000006,262000.00,161000.00,57000.00,254000.00,158000.00,57000.00,254000.00,159000.00,57000.00,180000.00,132000.00,43000.00,285000.00,170000.00,63000.00
2012 Q1,East of England,E12000006,237000.00,150000.00,50000.00,248000.00,159000.00,56000.00,247000.00,158000.00,56000.00,179000.00,135000.00,43000.00,282000.00,170000.00,62000.00
2012 Q2,East of England,E12000006,262000.00,176000.00,59000.00,256000.00,162000.00,58000.00,256000.00,163000.00,59000.00,184000.00,139000.00,45000.00,285000.00,173000.00,64000.00
2012 Q3,East of England,E12000006,263000.00,165000.00,59000.00,265000.00,166000.00,60000.00,264000.00,166000.00,60000.00,187000.00,140000.00,46000.00,301000.00,178000.00,66000.00
2012 Q4,East of England,E12000006,252000.00,153000.00,55000.00,255000.00,162000.00,58000.00,254000.00,162000.00,57000.00,179000.00,136000.00,44000.00,292000.00,175000.00,64000.00
2013 Q1,East of England,E12000006,274000.00,168000.00,59000.00,251000.00,162000.00,58000.00,253000.00,162000.00,58000.00,180000.00,137000.00,45000.00,294000.00,176000.00,66000.00
2013 Q2,East of England,E12000006,275000.00,174000.00,65000.00,250000.00,162000.00,58000.00,252000.00,163000.00,59000.00,183000.00,140000.00,45000.00,295000.00,176000.00,67000.00
2013 Q3,East of England,E12000006,281000.00,181000.00,65000.00,263000.00,167000.00,58000.00,263000.00,167000.00,58000.00,191000.00,146000.00,46000.00,301000.00,179000.00,65000.00
2013 Q4,East of England,E12000006,277000.00,185000.00,62000.00,264000.00,172000.00,58000.00,265000.00,173000.00,58000.00,192000.00,147000.00,46000.00,306000.00,188000.00,65000.00
2014 Q1,East of England,E12000006,290000.00,191000.00,67000.00,267000.00,175000.00,58000.00,267000.00,176000.00,59000.00,193000.00,149000.00,46000.00,309000.00,190000.00,66000.00
2014 Q2,East of England,E12000006,303000.00,195000.00,73000.00,276000.00,184000.00,60000.00,277000.00,185000.00,61000.00,202000.00,158000.00,48000.00,320000.00,200000.00,68000.00
2014 Q3,East of England,E12000006,314000.00,197000.00,72000.00,289000.00,188000.00,62000.00,290000.00,189000.00,62000.00,209000.00,164000.00,49000.00,335000.00,204000.00,70000.00
2014 Q4,East of England,E12000006,303000.00,194000.00,69000.00,285000.00,186000.00,61000.00,285000.00,187000.00,61000.00,210000.00,162000.00,49000.00,334000.00,203000.00,69000.00
2015 Q1,East of England,E12000006,298000.00,191000.00,64000.00,294000.00,193000.00,63000.00,295000.00,193000.00,63000.00,212000.00,163000.00,49000.00,348000.00,213000.00,73000.00
2015 Q2,East of England,E12000006,317000.00,204000.00,70000.00,292000.00,195000.00,63000.00,295000.00,196000.00,64000.00,220000.00,171000.00,51000.00,348000.00,214000.00,73000.00
2015 Q3,East of England,E12000006,318000.00,197000.00,66000.00,316000.00,205000.00,66000.00,317000.00,204000.00,66000.00,227000.00,174000.00,52000.00,370000.00,222000.00,75000.00
2015 Q4,East of England,E12000006,323000.00,208000.00,68000.00,317000.00,207000.00,66000.00,317000.00,206000.00,66000.00,227000.00,176000.00,52000.00,376000.00,226000.00,76000.00
2016 Q1,East of England,E12000006,335000.00,214000.00,69000.00,330000.00,215000.00,69000.00,330000.00,215000.00,69000.00,229000.00,178000.00,53000.00,393000.00,237000.00,79000.00
2016 Q2,East of England,E12000006,323000.00,204000.00,64000.00,308000.00,206000.00,63000.00,310000.00,206000.00,63000.00,234000.00,183000.00,52000.00,380000.00,227000.00,73000.00
2016 Q3,East of England,E12000006,341000.00,215000.00,75000.00,332000.00,217000.00,66000.00,332000.00,217000.00,67000.00,241000.00,189000.00,53000.00,405000.00,239000.00,77000.00
2016 Q4,East of England,E12000006,342000.00,219000.00,66000.00,332000.00,217000.00,66000.00,333000.00,217000.00,66000.00,240000.00,189000.00,52000.00,406000.00,239000.00,77000.00
2017 Q1,East of England,E12000006,317000.00,206000.00,64000.00,327000.00,212000.00,64000.00,326000.00,211000.00,64000.00,241000.00,181000.00,51000.00,391000.00,234000.00,74000.00
2017 Q2,East of England,E12000006,350000.00,223000.00,67000.00,331000.00,220000.00,65000.00,334000.00,220000.00,65000.00,250000.00,192000.00,53000.00,400000.00,243000.00,75000.00
2017 Q3,East of England,E12000006,346000.00,224000.00,67000.00,343000.00,226000.00,66000.00,343000.00,226000.00,66000.00,253000.00,195000.00,53000.00,411000.00,248000.00,76000.00
2017 Q4,East of England,E12000006,359000.00,230000.00,68000.00,332000.00,219000.00,63000.00,337000.00,221000.00,64000.00,252000.00,194000.00,53000.00,403000.00,242000.00,72000.00
2018 Q1,East of England,E12000006,352000.00,224000.00,67000.00,335000.00,221000.00,64000.00,338000.00,222000.00,65000.00,252000.00,193000.00,53000.00,405000.00,245000.00,74000.00
2018 Q2,East of England,E12000006,350000.00,226000.00,66000.00,332000.00,222000.00,64000.00,336000.00,223000.00,64000.00,258000.00,197000.00,53000.00,402000.00,245000.00,74000.00
2018 Q3,East of England,E12000006,357000.00,229000.00,68000.00,341000.00,227000.00,66000.00,343000.00,228000.00,66000.00,261000.00,201000.00,54000.00,411000.00,250000.00,76000.00
2018 Q4,East of England,E12000006,350000.00,227000.00,66000.00,333000.00,224000.00,63000.00,337000.00,225000.00,64000.00,256000.00,197000.00,53000.00,404000.00,248000.00,73000.00
2019 Q1,East of England,E12000006,344000.00,221000.00,65000.00,328000.00,224000.00,64000.00,331000.00,223000.00,64000.00,253000.00,197000.00,52000.00,400000.00,246000.00,74000.00
2019 Q2,East of England,E12000006,352000.00,231000.00,67000.00,332000.00,228000.00,66000.00,336000.00,228000.00,66000.00,259000.00,202000.00,54000.00,403000.00,251000.00,77000.00
2019 Q3,East of England,E12000006,350000.00,229000.00,68000.00,342000.00,235000.00,67000.00,343000.00,234000.00,67000.00,262000.00,206000.00,55000.00,413000.00,258000.00,77000.00
2019 Q4,East of England,E12000006,357000.00,232000.00,68000.00,343000.00,235000.00,67000.00,346000.00,235000.00,67000.00,264000.00,206000.00,56000.00,415000.00,259000.00,77000.00
2020 Q1,East of England,E12000006,350000.00,226000.00,66000.00,340000.00,236000.00,67000.00,342000.00,234000.00,67000.00,262000.00,205000.00,55000.00,409000.00,260000.00,77000.00
2020 Q2,East of England,E12000006,333000.00,221000.00,65000.00,328000.00,231000.00,65000.00,329000.00,229000.00,65000.00,254000.00,202000.00,54000.00,399000.00,256000.00,76000.00
2020 Q3,East of England,E12000006,356000.00,235000.00,69000.00,372000.00,254000.00,73000.00,369000.00,250000.00,73000.00,278000.00,216000.00,58000.00,445000.00,279000.00,85000.00
2020 Q4,East of England,E12000006,364000.00,241000.00,71000.00,391000.00,260000.00,75000.00,386000.00,256000.00,74000.00,289000.00,218000.00,59000.00,455000.00,283000.00,85000.00
2021 Q1,East of England,E12000006,378000.00,243000.00,72000.00,398000.00,259000.00,74000.00,395000.00,256000.00,74000.00,292000.00,217000.00,59000.00,456000.00,279000.00,83000.00
2021 Q2,East of England,E12000006,383000.00,246000.00,73000.00,394000.00,259000.00,74000.00,392000.00,257000.00,74000.00,286000.00,216000.00,58000.00,465000.00,285000.00,85000.00
2021 Q3,East of England,E12000006,343000.00,226000.00,67000.00,349000.00,237000.00,67000.00,348000.00,236000.00,67000.00,266000.00,206000.00,56000.00,424000.00,262000.00,78000.00
2021 Q4,East of England,E12000006,363000.00,240000.00,69000.00,380000.00,256000.00,72000.00,376000.00,253000.00,71000.00,278000.00,215000.00,57000.00,481000.00,293000.00,86000.00
2022 Q1,East of England,E12000006,373000.00,243000.00,70000.00,389000.00,264000.00,74000.00,386000.00,260000.00,73000.00,284000.00,221000.00,58000.00,484000.00,298000.00,88000.00
2022 Q2,East of England,E12000006,381000.00,253000.00,72000.00,397000.00,273000.00,75000.00,393000.00,268000.00,74000.00,297000.00,230000.00,60000.00,489000.00,307000.00,88000.00
2022 Q3,East of England,E12000006,390000.00,263000.00,76000.00,414000.00,283000.00,79000.00,410000.00,280000.00,78000.00,307000.00,241000.00,63000.00,502000.00,314000.00,92000.00
2022 Q4,East of England,E12000006,380000.00,259000.00,76000.00,410000.00,276000.00,78000.00,403000.00,272000.00,78000.00,307000.00,240000.00,64000.00,497000.00,304000.00,91000.00
2023 Q1,East of England,E12000006,382000.00,252000.00,79000.00,389000.00,259000.00,77000.00,388000.00,258000.00,78000.00,296000.00,228000.00,64000.00,480000.00,288000.00,92000.00
2023 Q2,East of England,E12000006,376000.00,244000.00,78000.00,388000.00,261000.00,79000.00,386000.00,258000.00,79000.00,291000.00,226000.00,64000.00,478000.00,289000.00,94000.00
2023 Q3,East of England,E12000006,365000.00,234000.00,77000.00,403000.00,268000.00,81000.00,397000.00,263000.00,81000.00,300000.00,235000.00,66000.00,490000.00,290000.00,95000.00
2023 Q4,East of England,E12000006,366000.00,240000.00,82000.00,384000.00,255000.00,79000.00,381000.00,253000.00,80000.00,290000.00,226000.00,66000.00,473000.00,280000.00,94000.00
2024 Q1,East of England,E12000006,339000.00,229000.00,78000.00,378000.00,256000.00,80000.00,372000.00,251000.00,80000.00,283000.00,222000.00,65000.00,468000.00,283000.00,97000.00
2024 Q2,East of England,E12000006,370000.00,255000.00,82000.00,382000.00,263000.00,80000.00,380000.00,261000.00,80000.00,296000.00,236000.00,67000.00,476000.00,291000.00,96000.00
2024 Q3,East of England,E12000006,370000.00,248000.00,82000.00,399000.00,273000.00,83000.00,395000.00,270000.00,83000.00,303000.00,241000.00,68000.00,491000.00,299000.00,99000.00
2024 Q4,East of England,E12000006,379000.00,266000.00,86000.00,397000.00,272000.00,84000.00,394000.00,271000.00,85000.00,304000.00,244000.00,69000.00,488000.00,300000.00,101000.00
2025 Q1,East of England,E12000006,385000.00,269000.00,83000.00,403000.00,281000.00,84000.00,400000.00,279000.00,84000.00,316000.00,254000.00,70000.00,488000.00,305000.00,98000.00
2025 Q2,East of England,E12000006,387000.00,275000.00,83000.00,368000.00,262000.00,77000.00,371000.00,264000.00,78000.00,286000.00,232000.00,64000.00,477000.00,303000.00,96000.00
2025 Q3,East of England,E12000006,384000.00,269000.00,84000.00,403000.00,280000.00,83000.00,400000.00,278000.00,83000.00,302000.00,243000.00,67000.00,508000.00,316000.00,100000.00
2025 Q4,East of England,E12000006,391000.00,282000.00,83000.00,397000.00,281000.00,82000.00,397000.00,281000.00,82000.00,303000.00,246000.00,66000.00,496000.00,317000.00,98000.00
2026 Q1,East of England,E12000006,364000.00,261000.00,77000.00,391000.00,278000.00,79000.00,387000.00,276000.00,79000.00,300000.00,245000.00,65000.00,483000.00,311000.00,94000.00
1992 Q1,London,E12000007,[x],[x],[x],[x],[x],[x],[x],[x],[x],[x],[x],[x],[x],[x],[x]
1992 Q2,London,E12000007,76000.00,56000.00,25000.00,80000.00,58000.00,27000.00,80000.00,58000.00,27000.00,65000.00,54000.00,24000.00,100000.00,63000.00,31000.00
1992 Q3,London,E12000007,67000.00,52000.00,24000.00,80000.00,59000.00,27000.00,80000.00,58000.00,27000.00,65000.00,53000.00,24000.00,105000.00,67000.00,33000.00
1992 Q4,London,E12000007,73000.00,55000.00,24000.00,76000.00,56000.00,26000.00,76000.00,56000.00,26000.00,63000.00,51000.00,23000.00,104000.00,65000.00,33000.00
1993 Q1,London,E12000007,73000.00,55000.00,26000.00,79000.00,57000.00,28000.00,79000.00,57000.00,28000.00,63000.00,50000.00,23000.00,112000.00,69000.00,37000.00
1993 Q2,London,E12000007,79000.00,58000.00,28000.00,82000.00,59000.00,28000.00,81000.00,59000.00,28000.00,67000.00,54000.00,24000.00,110000.00,69000.00,36000.00
1993 Q3,London,E12000007,85000.00,62000.00,28000.00,82000.00,60000.00,28000.00,83000.00,61000.00,28000.00,66000.00,54000.00,24000.00,111000.00,72000.00,35000.00
1993 Q4,London,E12000007,75000.00,53000.00,25000.00,80000.00,59000.00,28000.00,81000.00,59000.00,28000.00,65000.00,53000.00,24000.00,109000.00,68000.00,34000.00
1994 Q1,London,E12000007,72000.00,52000.00,22000.00,79000.00,58000.00,27000.00,80000.00,58000.00,27000.00,63000.00,51000.00,22000.00,113000.00,72000.00,35000.00
1994 Q2,London,E12000007,75000.00,55000.00,23000.00,89000.00,65000.00,30000.00,90000.00,64000.00,30000.00,71000.00,57000.00,26000.00,120000.00,76000.00,37000.00
1994 Q3,London,E12000007,74000.00,55000.00,26000.00,93000.00,66000.00,30000.00,93000.00,66000.00,30000.00,71000.00,58000.00,25000.00,126000.00,77000.00,38000.00
1994 Q4,London,E12000007,79000.00,61000.00,28000.00,87000.00,66000.00,29000.00,87000.00,65000.00,29000.00,71000.00,57000.00,25000.00,118000.00,80000.00,37000.00
1995 Q1,London,E12000007,93000.00,65000.00,36000.00,86000.00,65000.00,30000.00,88000.00,65000.00,31000.00,71000.00,59000.00,26000.00,117000.00,76000.00,40000.00
1995 Q2,London,E12000007,82000.00,65000.00,29000.00,87000.00,65000.00,30000.00,88000.00,65000.00,31000.00,66000.00,59000.00,25000.00,119000.00,73000.00,39000.00
1995 Q3,London,E12000007,81000.00,65000.00,31000.00,91000.00,67000.00,30000.00,92000.00,67000.00,30000.00,63000.00,57000.00,24000.00,126000.00,79000.00,38000.00
1995 Q4,London,E12000007,80000.00,60000.00,28000.00,90000.00,64000.00,29000.00,90000.00,64000.00,29000.00,63000.00,56000.00,24000.00,125000.00,74000.00,37000.00
1996 Q1,London,E12000007,85000.00,63000.00,30000.00,89000.00,65000.00,30000.00,90000.00,65000.00,31000.00,64000.00,57000.00,24000.00,120000.00,74000.00,38000.00
1996 Q2,London,E12000007,105000.00,79000.00,36000.00,87000.00,66000.00,30000.00,89000.00,67000.00,31000.00,65000.00,59000.00,25000.00,116000.00,77000.00,39000.00
1996 Q3,London,E12000007,95000.00,65000.00,29000.00,97000.00,70000.00,32000.00,96000.00,70000.00,32000.00,69000.00,62000.00,26000.00,124000.00,78000.00,38000.00
1996 Q4,London,E12000007,112000.00,74000.00,32000.00,100000.00,73000.00,32000.00,100000.00,73000.00,32000.00,70000.00,63000.00,27000.00,131000.00,83000.00,39000.00
1997 Q1,London,E12000007,138000.00,74000.00,31000.00,100000.00,72000.00,33000.00,102000.00,71000.00,32000.00,69000.00,62000.00,26000.00,130000.00,79000.00,38000.00
1997 Q2,London,E12000007,111000.00,81000.00,38000.00,104000.00,74000.00,33000.00,105000.00,75000.00,34000.00,69000.00,63000.00,26000.00,139000.00,85000.00,41000.00
1997 Q3,London,E12000007,111000.00,80000.00,37000.00,109000.00,79000.00,35000.00,110000.00,79000.00,35000.00,79000.00,68000.00,29000.00,143000.00,91000.00,42000.00
1997 Q4,London,E12000007,119000.00,81000.00,37000.00,104000.00,75000.00,33000.00,104000.00,75000.00,33000.00,77000.00,65000.00,27000.00,134000.00,85000.00,40000.00
1998 Q1,London,E12000007,117000.00,81000.00,33000.00,105000.00,75000.00,32000.00,106000.00,75000.00,32000.00,78000.00,67000.00,27000.00,137000.00,83000.00,38000.00
1998 Q2,London,E12000007,126000.00,91000.00,39000.00,115000.00,82000.00,36000.00,115000.00,83000.00,37000.00,90000.00,75000.00,31000.00,148000.00,92000.00,43000.00
1998 Q3,London,E12000007,126000.00,96000.00,42000.00,120000.00,83000.00,36000.00,121000.00,84000.00,37000.00,101000.00,78000.00,32000.00,150000.00,92000.00,43000.00
1998 Q4,London,E12000007,133000.00,101000.00,45000.00,119000.00,84000.00,36000.00,119000.00,85000.00,36000.00,91000.00,72000.00,29000.00,152000.00,100000.00,44000.00
1999 Q1,London,E12000007,145000.00,100000.00,51000.00,125000.00,87000.00,37000.00,126000.00,88000.00,38000.00,99000.00,78000.00,31000.00,156000.00,99000.00,46000.00
1999 Q2,London,E12000007,192000.00,130000.00,56000.00,134000.00,93000.00,40000.00,137000.00,95000.00,41000.00,116000.00,90000.00,37000.00,167000.00,100000.00,47000.00
1999 Q3,London,E12000007,186000.00,135000.00,59000.00,148000.00,101000.00,43000.00,150000.00,103000.00,44000.00,120000.00,93000.00,37000.00,184000.00,113000.00,51000.00
1999 Q4,London,E12000007,185000.00,127000.00,51000.00,149000.00,102000.00,41000.00,151000.00,103000.00,41000.00,121000.00,94000.00,36000.00,185000.00,113000.00,47000.00
2000 Q1,London,E12000007,170000.00,120000.00,57000.00,156000.00,104000.00,43000.00,156000.00,105000.00,44000.00,130000.00,98000.00,39000.00,188000.00,113000.00,49000.00
2000 Q2,London,E12000007,209000.00,135000.00,59000.00,165000.00,112000.00,43000.00,167000.00,113000.00,44000.00,122000.00,96000.00,36000.00,218000.00,132000.00,53000.00
2000 Q3,London,E12000007,203000.00,141000.00,58000.00,159000.00,107000.00,42000.00,161000.00,109000.00,43000.00,124000.00,98000.00,38000.00,200000.00,119000.00,48000.00
2000 Q4,London,E12000007,260000.00,163000.00,55000.00,165000.00,117000.00,46000.00,170000.00,119000.00,46000.00,125000.00,99000.00,37000.00,215000.00,139000.00,56000.00
2001 Q1,London,E12000007,215000.00,146000.00,61000.00,176000.00,118000.00,49000.00,173000.00,117000.00,50000.00,137000.00,106000.00,41000.00,210000.00,128000.00,58000.00
2001 Q2,London,E12000007,208000.00,153000.00,54000.00,189000.00,126000.00,48000.00,184000.00,125000.00,47000.00,141000.00,111000.00,41000.00,224000.00,138000.00,53000.00
2001 Q3,London,E12000007,238000.00,156000.00,57000.00,185000.00,124000.00,49000.00,187000.00,126000.00,50000.00,143000.00,110000.00,42000.00,231000.00,144000.00,57000.00
2001 Q4,London,E12000007,207000.00,159000.00,64000.00,182000.00,120000.00,48000.00,183000.00,122000.00,48000.00,144000.00,114000.00,42000.00,219000.00,132000.00,53000.00
2002 Q1,London,E12000007,197000.00,146000.00,50000.00,183000.00,128000.00,49000.00,184000.00,129000.00,50000.00,149000.00,120000.00,43000.00,209000.00,137000.00,55000.00
2002 Q2,London,E12000007,233000.00,156000.00,60000.00,203000.00,137000.00,52000.00,206000.00,138000.00,54000.00,163000.00,126000.00,45000.00,231000.00,146000.00,58000.00
2002 Q3,London,E12000007,258000.00,152000.00,55000.00,219000.00,142000.00,53000.00,222000.00,144000.00,53000.00,185000.00,137000.00,48000.00,246000.00,149000.00,57000.00
2002 Q4,London,E12000007,249000.00,190000.00,76000.00,209000.00,140000.00,54000.00,210000.00,142000.00,55000.00,178000.00,134000.00,49000.00,227000.00,148000.00,57000.00
2003 Q1,London,E12000007,281000.00,192000.00,73000.00,215000.00,146000.00,56000.00,217000.00,147000.00,58000.00,176000.00,135000.00,50000.00,229000.00,148000.00,59000.00
2003 Q2,London,E12000007,319000.00,215000.00,102000.00,218000.00,146000.00,54000.00,224000.00,149000.00,56000.00,181000.00,138000.00,48000.00,245000.00,152000.00,60000.00
2003 Q3,London,E12000007,326000.00,210000.00,72000.00,250000.00,158000.00,55000.00,252000.00,160000.00,56000.00,179000.00,131000.00,40000.00,285000.00,169000.00,59000.00
2003 Q4,London,E12000007,314000.00,221000.00,69000.00,252000.00,163000.00,56000.00,254000.00,166000.00,57000.00,187000.00,139000.00,43000.00,280000.00,172000.00,59000.00
2004 Q1,London,E12000007,314000.00,222000.00,84000.00,260000.00,164000.00,56000.00,264000.00,167000.00,58000.00,194000.00,142000.00,43000.00,294000.00,174000.00,60000.00
2004 Q2,London,E12000007,319000.00,225000.00,70000.00,274000.00,175000.00,59000.00,277000.00,176000.00,60000.00,204000.00,151000.00,46000.00,303000.00,181000.00,63000.00
2004 Q3,London,E12000007,309000.00,215000.00,63000.00,276000.00,178000.00,54000.00,281000.00,179000.00,55000.00,211000.00,157000.00,45000.00,306000.00,186000.00,60000.00
2004 Q4,London,E12000007,300000.00,210000.00,77000.00,265000.00,174000.00,51000.00,269000.00,174000.00,53000.00,207000.00,153000.00,43000.00,294000.00,181000.00,58000.00
2005 Q1,London,E12000007,307000.00,195000.00,73000.00,270000.00,176000.00,55000.00,273000.00,175000.00,56000.00,208000.00,151000.00,44000.00,299000.00,184000.00,64000.00
2005 Q2,London,E12000007,330000.00,228000.00,74000.00,282000.00,188000.00,57000.00,287000.00,189000.00,58000.00,217000.00,160000.00,46000.00,311000.00,198000.00,66000.00
2005 Q3,London,E12000007,326000.00,221000.00,75000.00,294000.00,198000.00,62000.00,296000.00,197000.00,63000.00,223000.00,170000.00,51000.00,326000.00,206000.00,70000.00
2005 Q4,London,E12000007,294000.00,218000.00,83000.00,273000.00,196000.00,69000.00,274000.00,196000.00,70000.00,216000.00,176000.00,57000.00,328000.00,216000.00,81000.00
2006 Q1,London,E12000007,276000.00,188000.00,73000.00,294000.00,204000.00,75000.00,293000.00,204000.00,75000.00,229000.00,182000.00,60000.00,348000.00,223000.00,87000.00
2006 Q2,London,E12000007,288000.00,184000.00,72000.00,304000.00,212000.00,77000.00,303000.00,211000.00,77000.00,238000.00,190000.00,63000.00,356000.00,229000.00,88000.00
2006 Q3,London,E12000007,267000.00,174000.00,64000.00,317000.00,218000.00,78000.00,315000.00,216000.00,78000.00,241000.00,192000.00,62000.00,376000.00,236000.00,90000.00
2006 Q4,London,E12000007,277000.00,182000.00,68000.00,313000.00,217000.00,76000.00,311000.00,216000.00,76000.00,240000.00,193000.00,61000.00,369000.00,234000.00,87000.00
2007 Q1,London,E12000007,271000.00,178000.00,63000.00,336000.00,235000.00,84000.00,333000.00,233000.00,83000.00,250000.00,201000.00,64000.00,398000.00,258000.00,97000.00
2007 Q2,London,E12000007,284000.00,185000.00,65000.00,343000.00,240000.00,84000.00,340000.00,237000.00,83000.00,258000.00,206000.00,64000.00,405000.00,261000.00,97000.00
2007 Q3,London,E12000007,250000.00,155000.00,56000.00,361000.00,247000.00,84000.00,355000.00,242000.00,82000.00,268000.00,210000.00,64000.00,424000.00,267000.00,97000.00
2007 Q4,London,E12000007,255000.00,158000.00,57000.00,347000.00,238000.00,79000.00,341000.00,233000.00,78000.00,259000.00,203000.00,61000.00,407000.00,257000.00,92000.00
2008 Q1,London,E12000007,259000.00,160000.00,58000.00,350000.00,236000.00,81000.00,345000.00,231000.00,79000.00,255000.00,198000.00,59000.00,418000.00,259000.00,96000.00
2008 Q2,London,E12000007,293000.00,183000.00,69000.00,359000.00,240000.00,84000.00,355000.00,236000.00,83000.00,271000.00,206000.00,64000.00,422000.00,260000.00,98000.00
2008 Q3,London,E12000007,261000.00,149000.00,60000.00,366000.00,229000.00,86000.00,360000.00,224000.00,84000.00,272000.00,192000.00,63000.00,426000.00,248000.00,101000.00
2008 Q4,London,E12000007,243000.00,153000.00,58000.00,351000.00,207000.00,81000.00,346000.00,205000.00,80000.00,252000.00,173000.00,57000.00,417000.00,229000.00,98000.00
2009 Q1,London,E12000007,249000.00,145000.00,56000.00,330000.00,196000.00,74000.00,327000.00,194000.00,74000.00,234000.00,155000.00,53000.00,410000.00,228000.00,92000.00
2009 Q2,London,E12000007,204000.00,122000.00,57000.00,330000.00,194000.00,73000.00,323000.00,190000.00,72000.00,243000.00,157000.00,54000.00,392000.00,218000.00,88000.00
2009 Q3,London,E12000007,205000.00,116000.00,54000.00,361000.00,213000.00,80000.00,352000.00,207000.00,78000.00,267000.00,171000.00,58000.00,427000.00,239000.00,96000.00
2009 Q4,London,E12000007,229000.00,133000.00,59000.00,357000.00,211000.00,77000.00,350000.00,207000.00,76000.00,273000.00,175000.00,60000.00,422000.00,237000.00,92000.00
2010 Q1,London,E12000007,234000.00,141000.00,56000.00,385000.00,222000.00,82000.00,380000.00,219000.00,81000.00,290000.00,184000.00,63000.00,455000.00,249000.00,97000.00
2010 Q2,London,E12000007,264000.00,144000.00,60000.00,388000.00,228000.00,83000.00,381000.00,224000.00,82000.00,297000.00,190000.00,64000.00,456000.00,253000.00,98000.00
2010 Q3,London,E12000007,272000.00,135000.00,73000.00,402000.00,237000.00,86000.00,397000.00,233000.00,85000.00,302000.00,193000.00,66000.00,478000.00,266000.00,102000.00
2010 Q4,London,E12000007,253000.00,141000.00,57000.00,388000.00,235000.00,84000.00,380000.00,231000.00,82000.00,285000.00,191000.00,62000.00,464000.00,267000.00,100000.00
2011 Q1,London,E12000007,257000.00,141000.00,49000.00,409000.00,244000.00,86000.00,401000.00,240000.00,84000.00,296000.00,196000.00,63000.00,491000.00,278000.00,102000.00
2011 Q2,London,E12000007,295000.00,167000.00,59000.00,398000.00,240000.00,84000.00,396000.00,240000.00,84000.00,303000.00,203000.00,66000.00,481000.00,273000.00,101000.00
2011 Q3,London,E12000007,301000.00,169000.00,62000.00,411000.00,248000.00,84000.00,414000.00,251000.00,85000.00,318000.00,210000.00,67000.00,491000.00,283000.00,100000.00
2011 Q4,London,E12000007,349000.00,205000.00,75000.00,390000.00,240000.00,81000.00,395000.00,244000.00,82000.00,298000.00,203000.00,62000.00,476000.00,278000.00,99000.00
2012 Q1,London,E12000007,327000.00,196000.00,72000.00,381000.00,237000.00,79000.00,384000.00,239000.00,80000.00,296000.00,205000.00,65000.00,469000.00,272000.00,95000.00
2012 Q2,London,E12000007,335000.00,207000.00,72000.00,419000.00,258000.00,87000.00,422000.00,259000.00,89000.00,331000.00,227000.00,71000.00,494000.00,286000.00,103000.00
2012 Q3,London,E12000007,313000.00,193000.00,70000.00,426000.00,260000.00,88000.00,429000.00,262000.00,90000.00,331000.00,228000.00,73000.00,513000.00,291000.00,104000.00
2012 Q4,London,E12000007,328000.00,201000.00,73000.00,408000.00,253000.00,85000.00,407000.00,252000.00,85000.00,313000.00,217000.00,68000.00,496000.00,285000.00,102000.00
2013 Q1,London,E12000007,357000.00,213000.00,72000.00,399000.00,249000.00,85000.00,405000.00,254000.00,87000.00,310000.00,214000.00,67000.00,502000.00,294000.00,107000.00
2013 Q2,London,E12000007,384000.00,234000.00,86000.00,421000.00,263000.00,86000.00,427000.00,266000.00,89000.00,342000.00,237000.00,73000.00,523000.00,299000.00,106000.00
2013 Q3,London,E12000007,341000.00,214000.00,78000.00,446000.00,275000.00,89000.00,449000.00,277000.00,92000.00,346000.00,239000.00,73000.00,560000.00,319000.00,112000.00
2013 Q4,London,E12000007,365000.00,230000.00,79000.00,429000.00,274000.00,86000.00,430000.00,275000.00,86000.00,334000.00,237000.00,71000.00,536000.00,317000.00,104000.00
2014 Q1,London,E12000007,423000.00,261000.00,90000.00,447000.00,283000.00,87000.00,452000.00,287000.00,89000.00,347000.00,245000.00,71000.00,570000.00,333000.00,109000.00
2014 Q2,London,E12000007,511000.00,302000.00,113000.00,476000.00,302000.00,88000.00,479000.00,304000.00,91000.00,374000.00,262000.00,74000.00,594000.00,349000.00,109000.00
2014 Q3,London,E12000007,441000.00,264000.00,94000.00,497000.00,309000.00,91000.00,490000.00,305000.00,93000.00,376000.00,262000.00,75000.00,614000.00,352000.00,112000.00
2014 Q4,London,E12000007,467000.00,287000.00,109000.00,458000.00,290000.00,87000.00,457000.00,290000.00,88000.00,356000.00,250000.00,72000.00,573000.00,336000.00,107000.00
2015 Q1,London,E12000007,477000.00,283000.00,96000.00,476000.00,304000.00,92000.00,477000.00,303000.00,92000.00,361000.00,252000.00,71000.00,619000.00,365000.00,118000.00
2015 Q2,London,E12000007,527000.00,321000.00,114000.00,495000.00,319000.00,96000.00,499000.00,319000.00,98000.00,376000.00,269000.00,78000.00,636000.00,375000.00,121000.00
2015 Q3,London,E12000007,459000.00,276000.00,93000.00,555000.00,347000.00,105000.00,547000.00,340000.00,104000.00,398000.00,281000.00,82000.00,696000.00,400000.00,126000.00
2015 Q4,London,E12000007,472000.00,295000.00,95000.00,545000.00,343000.00,102000.00,533000.00,339000.00,101000.00,395000.00,281000.00,81000.00,676000.00,400000.00,122000.00
2016 Q1,London,E12000007,454000.00,282000.00,96000.00,573000.00,365000.00,109000.00,561000.00,357000.00,108000.00,414000.00,291000.00,84000.00,703000.00,419000.00,129000.00
2016 Q2,London,E12000007,462000.00,291000.00,92000.00,514000.00,333000.00,93000.00,508000.00,328000.00,93000.00,404000.00,287000.00,79000.00,671000.00,392000.00,115000.00
2016 Q3,London,E12000007,458000.00,280000.00,89000.00,542000.00,350000.00,99000.00,535000.00,344000.00,98000.00,417000.00,294000.00,82000.00,689000.00,409000.00,119000.00
2016 Q4,London,E12000007,499000.00,289000.00,92000.00,537000.00,344000.00,97000.00,532000.00,338000.00,96000.00,420000.00,289000.00,79000.00,678000.00,401000.00,118000.00
2017 Q1,London,E12000007,448000.00,258000.00,88000.00,541000.00,345000.00,98000.00,526000.00,331000.00,96000.00,412000.00,275000.00,76000.00,677000.00,406000.00,124000.00
2017 Q2,London,E12000007,488000.00,287000.00,94000.00,554000.00,356000.00,101000.00,543000.00,344000.00,100000.00,431000.00,291000.00,82000.00,690000.00,415000.00,124000.00
2017 Q3,London,E12000007,453000.00,269000.00,87000.00,562000.00,361000.00,103000.00,548000.00,349000.00,100000.00,429000.00,293000.00,81000.00,694000.00,417000.00,124000.00
2017 Q4,London,E12000007,501000.00,293000.00,94000.00,531000.00,345000.00,96000.00,526000.00,338000.00,95000.00,418000.00,284000.00,80000.00,664000.00,406000.00,115000.00
2018 Q1,London,E12000007,452000.00,267000.00,85000.00,545000.00,354000.00,98000.00,530000.00,340000.00,96000.00,421000.00,286000.00,79000.00,682000.00,414000.00,120000.00
2018 Q2,London,E12000007,495000.00,285000.00,91000.00,550000.00,359000.00,101000.00,541000.00,347000.00,99000.00,436000.00,296000.00,81000.00,688000.00,418000.00,125000.00
2018 Q3,London,E12000007,479000.00,275000.00,86000.00,565000.00,371000.00,104000.00,553000.00,357000.00,102000.00,436000.00,302000.00,82000.00,715000.00,434000.00,129000.00
2018 Q4,London,E12000007,483000.00,272000.00,84000.00,537000.00,354000.00,99000.00,528000.00,341000.00,96000.00,422000.00,289000.00,77000.00,681000.00,415000.00,123000.00
2019 Q1,London,E12000007,460000.00,257000.00,80000.00,533000.00,357000.00,100000.00,520000.00,339000.00,96000.00,420000.00,285000.00,77000.00,670000.00,419000.00,124000.00
2019 Q2,London,E12000007,482000.00,272000.00,87000.00,546000.00,371000.00,104000.00,534000.00,352000.00,101000.00,431000.00,295000.00,81000.00,691000.00,440000.00,132000.00
2019 Q3,London,E12000007,463000.00,263000.00,87000.00,567000.00,382000.00,107000.00,550000.00,363000.00,104000.00,429000.00,299000.00,82000.00,719000.00,453000.00,135000.00
2019 Q4,London,E12000007,477000.00,274000.00,88000.00,562000.00,375000.00,104000.00,549000.00,360000.00,101000.00,433000.00,301000.00,81000.00,707000.00,440000.00,128000.00
2020 Q1,London,E12000007,473000.00,266000.00,88000.00,567000.00,384000.00,108000.00,551000.00,364000.00,104000.00,436000.00,302000.00,82000.00,724000.00,457000.00,138000.00
2020 Q2,London,E12000007,447000.00,264000.00,85000.00,559000.00,385000.00,107000.00,540000.00,364000.00,103000.00,433000.00,305000.00,83000.00,719000.00,462000.00,137000.00
2020 Q3,London,E12000007,483000.00,282000.00,92000.00,633000.00,423000.00,120000.00,607000.00,399000.00,115000.00,481000.00,332000.00,92000.00,785000.00,495000.00,149000.00
2020 Q4,London,E12000007,482000.00,276000.00,85000.00,627000.00,420000.00,117000.00,603000.00,396000.00,112000.00,478000.00,328000.00,89000.00,772000.00,488000.00,144000.00
2021 Q1,London,E12000007,458000.00,259000.00,87000.00,615000.00,409000.00,115000.00,594000.00,389000.00,111000.00,476000.00,328000.00,90000.00,740000.00,465000.00,137000.00
2021 Q2,London,E12000007,469000.00,268000.00,84000.00,625000.00,411000.00,117000.00,604000.00,392000.00,113000.00,478000.00,326000.00,90000.00,770000.00,479000.00,142000.00
2021 Q3,London,E12000007,419000.00,238000.00,76000.00,642000.00,422000.00,119000.00,609000.00,395000.00,112000.00,449000.00,309000.00,85000.00,863000.00,533000.00,157000.00
2021 Q4,London,E12000007,457000.00,259000.00,82000.00,632000.00,413000.00,113000.00,604000.00,388000.00,108000.00,449000.00,307000.00,82000.00,865000.00,526000.00,152000.00
2022 Q1,London,E12000007,464000.00,262000.00,84000.00,641000.00,426000.00,117000.00,614000.00,402000.00,112000.00,470000.00,324000.00,86000.00,852000.00,529000.00,156000.00
2022 Q2,London,E12000007,471000.00,271000.00,81000.00,650000.00,440000.00,122000.00,620000.00,413000.00,115000.00,478000.00,330000.00,88000.00,858000.00,550000.00,162000.00
2022 Q3,London,E12000007,449000.00,260000.00,83000.00,674000.00,452000.00,125000.00,638000.00,421000.00,118000.00,490000.00,343000.00,92000.00,877000.00,548000.00,161000.00
2022 Q4,London,E12000007,426000.00,243000.00,81000.00,616000.00,416000.00,116000.00,582000.00,384000.00,110000.00,461000.00,320000.00,88000.00,798000.00,500000.00,148000.00
2023 Q1,London,E12000007,402000.00,225000.00,78000.00,606000.00,396000.00,117000.00,563000.00,360000.00,109000.00,444000.00,298000.00,86000.00,791000.00,478000.00,153000.00
2023 Q2,London,E12000007,392000.00,235000.00,90000.00,618000.00,401000.00,122000.00,591000.00,380000.00,118000.00,462000.00,319000.00,94000.00,810000.00,485000.00,160000.00
2023 Q3,London,E12000007,377000.00,227000.00,92000.00,652000.00,417000.00,129000.00,626000.00,399000.00,126000.00,478000.00,330000.00,98000.00,849000.00,502000.00,169000.00
2023 Q4,London,E12000007,395000.00,236000.00,98000.00,601000.00,384000.00,121000.00,582000.00,370000.00,119000.00,462000.00,318000.00,96000.00,783000.00,457000.00,158000.00
2024 Q1,London,E12000007,388000.00,237000.00,101000.00,620000.00,400000.00,130000.00,597000.00,384000.00,127000.00,459000.00,320000.00,98000.00,840000.00,497000.00,177000.00
2024 Q2,London,E12000007,414000.00,263000.00,110000.00,631000.00,414000.00,132000.00,610000.00,399000.00,130000.00,481000.00,338000.00,103000.00,844000.00,509000.00,178000.00
2024 Q3,London,E12000007,421000.00,257000.00,101000.00,657000.00,431000.00,137000.00,639000.00,419000.00,134000.00,497000.00,354000.00,104000.00,880000.00,529000.00,185000.00
2024 Q4,London,E12000007,407000.00,256000.00,95000.00,621000.00,416000.00,127000.00,602000.00,402000.00,124000.00,478000.00,346000.00,99000.00,832000.00,505000.00,170000.00
2025 Q1,London,E12000007,444000.00,300000.00,103000.00,606000.00,409000.00,121000.00,593000.00,401000.00,120000.00,486000.00,353000.00,98000.00,807000.00,497000.00,162000.00
2025 Q2,London,E12000007,399000.00,252000.00,92000.00,638000.00,423000.00,130000.00,617000.00,407000.00,126000.00,476000.00,340000.00,97000.00,873000.00,530000.00,179000.00
2025 Q3,London,E12000007,442000.00,285000.00,96000.00,663000.00,443000.00,133000.00,648000.00,432000.00,131000.00,494000.00,359000.00,100000.00,904000.00,553000.00,182000.00
2025 Q4,London,E12000007,438000.00,297000.00,100000.00,620000.00,421000.00,122000.00,607000.00,413000.00,121000.00,479000.00,350000.00,96000.00,835000.00,525000.00,166000.00
2026 Q1,London,E12000007,407000.00,277000.00,91000.00,614000.00,424000.00,120000.00,598000.00,412000.00,118000.00,465000.00,347000.00,93000.00,831000.00,526000.00,161000.00
1992 Q1,South East,E12000008,[x],[x],[x],[x],[x],[x],[x],[x],[x],[x],[x],[x],[x],[x],[x]
1992 Q2,South East,E12000008,98000.00,60000.00,28000.00,74000.00,52000.00,23000.00,77000.00,53000.00,24000.00,54000.00,45000.00,19000.00,96000.00,59000.00,28000.00
1992 Q3,South East,E12000008,84000.00,57000.00,26000.00,76000.00,53000.00,24000.00,77000.00,53000.00,25000.00,57000.00,46000.00,21000.00,98000.00,60000.00,28000.00
1992 Q4,South East,E12000008,74000.00,54000.00,24000.00,73000.00,49000.00,23000.00,74000.00,50000.00,23000.00,54000.00,44000.00,20000.00,93000.00,55000.00,27000.00
1993 Q1,South East,E12000008,94000.00,66000.00,30000.00,71000.00,50000.00,23000.00,74000.00,52000.00,24000.00,54000.00,44000.00,20000.00,93000.00,59000.00,28000.00
1993 Q2,South East,E12000008,87000.00,61000.00,26000.00,75000.00,53000.00,25000.00,77000.00,54000.00,25000.00,60000.00,47000.00,21000.00,94000.00,60000.00,29000.00
1993 Q3,South East,E12000008,85000.00,58000.00,26000.00,76000.00,53000.00,25000.00,78000.00,54000.00,25000.00,56000.00,45000.00,20000.00,99000.00,63000.00,30000.00
1993 Q4,South East,E12000008,88000.00,63000.00,27000.00,76000.00,53000.00,25000.00,79000.00,54000.00,25000.00,57000.00,46000.00,21000.00,98000.00,61000.00,29000.00
1994 Q1,South East,E12000008,86000.00,61000.00,27000.00,77000.00,54000.00,25000.00,79000.00,55000.00,25000.00,56000.00,46000.00,20000.00,102000.00,64000.00,31000.00
1994 Q2,South East,E12000008,90000.00,65000.00,29000.00,80000.00,57000.00,26000.00,81000.00,58000.00,26000.00,58000.00,48000.00,21000.00,103000.00,67000.00,31000.00
1994 Q3,South East,E12000008,94000.00,65000.00,29000.00,81000.00,56000.00,26000.00,83000.00,57000.00,26000.00,59000.00,48000.00,21000.00,104000.00,65000.00,30000.00
1994 Q4,South East,E12000008,100000.00,68000.00,30000.00,83000.00,58000.00,27000.00,86000.00,59000.00,27000.00,60000.00,49000.00,22000.00,110000.00,69000.00,33000.00
1995 Q1,South East,E12000008,96000.00,71000.00,34000.00,78000.00,57000.00,25000.00,80000.00,58000.00,26000.00,56000.00,49000.00,22000.00,103000.00,67000.00,31000.00
1995 Q2,South East,E12000008,103000.00,72000.00,31000.00,78000.00,57000.00,26000.00,82000.00,59000.00,26000.00,56000.00,50000.00,22000.00,106000.00,66000.00,31000.00
1995 Q3,South East,E12000008,111000.00,75000.00,35000.00,83000.00,60000.00,27000.00,88000.00,62000.00,28000.00,54000.00,49000.00,21000.00,112000.00,71000.00,33000.00
1995 Q4,South East,E12000008,111000.00,77000.00,36000.00,77000.00,55000.00,25000.00,81000.00,57000.00,26000.00,56000.00,50000.00,21000.00,100000.00,62000.00,31000.00
1996 Q1,South East,E12000008,116000.00,77000.00,37000.00,80000.00,58000.00,27000.00,84000.00,60000.00,28000.00,56000.00,50000.00,22000.00,109000.00,67000.00,33000.00
1996 Q2,South East,E12000008,113000.00,79000.00,35000.00,83000.00,58000.00,27000.00,87000.00,60000.00,28000.00,58000.00,52000.00,22000.00,106000.00,66000.00,32000.00
1996 Q3,South East,E12000008,113000.00,80000.00,38000.00,89000.00,63000.00,29000.00,92000.00,64000.00,30000.00,61000.00,55000.00,24000.00,111000.00,70000.00,35000.00
1996 Q4,South East,E12000008,113000.00,79000.00,34000.00,83000.00,59000.00,27000.00,85000.00,60000.00,28000.00,57000.00,52000.00,22000.00,108000.00,67000.00,32000.00
1997 Q1,South East,E12000008,139000.00,89000.00,41000.00,87000.00,63000.00,28000.00,92000.00,65000.00,29000.00,59000.00,53000.00,23000.00,113000.00,72000.00,33000.00
1997 Q2,South East,E12000008,119000.00,81000.00,36000.00,91000.00,64000.00,29000.00,94000.00,66000.00,30000.00,60000.00,55000.00,23000.00,114000.00,72000.00,34000.00
1997 Q3,South East,E12000008,121000.00,84000.00,39000.00,96000.00,67000.00,31000.00,98000.00,68000.00,31000.00,68000.00,59000.00,26000.00,117000.00,74000.00,35000.00
1997 Q4,South East,E12000008,115000.00,82000.00,35000.00,91000.00,64000.00,29000.00,94000.00,66000.00,30000.00,67000.00,57000.00,25000.00,113000.00,71000.00,33000.00
1998 Q1,South East,E12000008,114000.00,81000.00,35000.00,95000.00,65000.00,30000.00,97000.00,67000.00,31000.00,66000.00,58000.00,24000.00,116000.00,72000.00,35000.00
1998 Q2,South East,E12000008,132000.00,92000.00,38000.00,102000.00,70000.00,31000.00,105000.00,72000.00,31000.00,76000.00,63000.00,26000.00,125000.00,78000.00,35000.00
1998 Q3,South East,E12000008,130000.00,82000.00,37000.00,111000.00,73000.00,33000.00,113000.00,74000.00,34000.00,86000.00,66000.00,28000.00,131000.00,79000.00,37000.00
1998 Q4,South East,E12000008,130000.00,96000.00,40000.00,108000.00,72000.00,32000.00,111000.00,74000.00,33000.00,82000.00,65000.00,28000.00,130000.00,80000.00,36000.00
1999 Q1,South East,E12000008,150000.00,95000.00,41000.00,107000.00,72000.00,33000.00,112000.00,74000.00,34000.00,89000.00,70000.00,30000.00,127000.00,76000.00,36000.00
1999 Q2,South East,E12000008,173000.00,113000.00,48000.00,111000.00,75000.00,33000.00,117000.00,78000.00,35000.00,88000.00,69000.00,29000.00,136000.00,84000.00,39000.00
1999 Q3,South East,E12000008,171000.00,109000.00,48000.00,124000.00,81000.00,36000.00,128000.00,83000.00,36000.00,95000.00,75000.00,32000.00,144000.00,87000.00,39000.00
1999 Q4,South East,E12000008,167000.00,106000.00,45000.00,123000.00,82000.00,35000.00,126000.00,84000.00,35000.00,93000.00,73000.00,29000.00,147000.00,90000.00,39000.00
2000 Q1,South East,E12000008,171000.00,107000.00,42000.00,123000.00,85000.00,35000.00,128000.00,87000.00,36000.00,96000.00,76000.00,30000.00,149000.00,94000.00,40000.00
2000 Q2,South East,E12000008,168000.00,109000.00,45000.00,136000.00,90000.00,36000.00,138000.00,91000.00,36000.00,103000.00,80000.00,31000.00,158000.00,98000.00,39000.00
2000 Q3,South East,E12000008,196000.00,118000.00,47000.00,146000.00,93000.00,39000.00,150000.00,95000.00,39000.00,106000.00,82000.00,33000.00,172000.00,102000.00,42000.00
2000 Q4,South East,E12000008,215000.00,131000.00,58000.00,150000.00,95000.00,39000.00,155000.00,98000.00,40000.00,114000.00,86000.00,35000.00,176000.00,104000.00,44000.00
2001 Q1,South East,E12000008,179000.00,123000.00,49000.00,141000.00,91000.00,36000.00,144000.00,94000.00,37000.00,103000.00,81000.00,32000.00,165000.00,100000.00,40000.00
2001 Q2,South East,E12000008,200000.00,130000.00,53000.00,163000.00,105000.00,42000.00,163000.00,106000.00,43000.00,119000.00,91000.00,40000.00,184000.00,114000.00,45000.00
2001 Q3,South East,E12000008,198000.00,120000.00,48000.00,160000.00,97000.00,41000.00,162000.00,99000.00,42000.00,125000.00,91000.00,36000.00,182000.00,108000.00,45000.00
2001 Q4,South East,E12000008,208000.00,133000.00,56000.00,152000.00,94000.00,42000.00,156000.00,96000.00,43000.00,120000.00,91000.00,35000.00,176000.00,104000.00,47000.00
2002 Q1,South East,E12000008,208000.00,138000.00,55000.00,151000.00,97000.00,41000.00,156000.00,100000.00,41000.00,121000.00,95000.00,34000.00,171000.00,106000.00,44000.00
2002 Q2,South East,E12000008,213000.00,130000.00,52000.00,168000.00,103000.00,41000.00,170000.00,104000.00,42000.00,139000.00,103000.00,38000.00,180000.00,109000.00,43000.00
2002 Q3,South East,E12000008,246000.00,144000.00,56000.00,189000.00,113000.00,44000.00,193000.00,116000.00,45000.00,154000.00,111000.00,40000.00,209000.00,120000.00,47000.00
2002 Q4,South East,E12000008,249000.00,156000.00,58000.00,190000.00,113000.00,45000.00,194000.00,116000.00,46000.00,152000.00,112000.00,40000.00,212000.00,122000.00,48000.00
2003 Q1,South East,E12000008,231000.00,127000.00,46000.00,191000.00,120000.00,47000.00,194000.00,120000.00,47000.00,149000.00,112000.00,39000.00,204000.00,121000.00,48000.00
2003 Q2,South East,E12000008,233000.00,154000.00,59000.00,201000.00,121000.00,48000.00,203000.00,123000.00,49000.00,150000.00,113000.00,40000.00,216000.00,126000.00,49000.00
2003 Q3,South East,E12000008,293000.00,177000.00,61000.00,220000.00,130000.00,47000.00,222000.00,133000.00,48000.00,154000.00,115000.00,35000.00,234000.00,134000.00,47000.00
2003 Q4,South East,E12000008,282000.00,175000.00,61000.00,222000.00,132000.00,47000.00,224000.00,135000.00,48000.00,159000.00,118000.00,37000.00,235000.00,136000.00,48000.00
2004 Q1,South East,E12000008,277000.00,169000.00,58000.00,223000.00,131000.00,46000.00,226000.00,131000.00,47000.00,162000.00,120000.00,37000.00,240000.00,136000.00,47000.00
2004 Q2,South East,E12000008,274000.00,172000.00,63000.00,231000.00,136000.00,47000.00,234000.00,136000.00,48000.00,168000.00,126000.00,38000.00,246000.00,140000.00,48000.00
2004 Q3,South East,E12000008,299000.00,183000.00,57000.00,242000.00,144000.00,45000.00,247000.00,143000.00,46000.00,176000.00,132000.00,38000.00,258000.00,148000.00,47000.00
2004 Q4,South East,E12000008,271000.00,169000.00,63000.00,236000.00,143000.00,43000.00,241000.00,141000.00,45000.00,174000.00,128000.00,37000.00,252000.00,146000.00,47000.00
2005 Q1,South East,E12000008,280000.00,170000.00,57000.00,236000.00,141000.00,46000.00,240000.00,139000.00,47000.00,175000.00,129000.00,38000.00,253000.00,144000.00,49000.00
2005 Q2,South East,E12000008,272000.00,166000.00,62000.00,239000.00,147000.00,46000.00,243000.00,146000.00,47000.00,179000.00,133000.00,39000.00,253000.00,149000.00,50000.00
2005 Q3,South East,E12000008,274000.00,171000.00,60000.00,250000.00,155000.00,51000.00,253000.00,154000.00,51000.00,177000.00,136000.00,41000.00,272000.00,160000.00,55000.00
2005 Q4,South East,E12000008,280000.00,189000.00,69000.00,237000.00,158000.00,56000.00,238000.00,159000.00,57000.00,166000.00,136000.00,44000.00,274000.00,170000.00,63000.00
2006 Q1,South East,E12000008,281000.00,177000.00,68000.00,244000.00,158000.00,57000.00,245000.00,159000.00,57000.00,169000.00,137000.00,45000.00,280000.00,169000.00,63000.00
2006 Q2,South East,E12000008,264000.00,174000.00,61000.00,250000.00,164000.00,58000.00,251000.00,165000.00,58000.00,174000.00,142000.00,46000.00,285000.00,175000.00,64000.00
2006 Q3,South East,E12000008,269000.00,171000.00,61000.00,267000.00,170000.00,60000.00,267000.00,170000.00,60000.00,181000.00,145000.00,46000.00,303000.00,180000.00,66000.00
2006 Q4,South East,E12000008,268000.00,172000.00,61000.00,264000.00,171000.00,60000.00,265000.00,171000.00,60000.00,181000.00,147000.00,46000.00,298000.00,181000.00,65000.00
2007 Q1,South East,E12000008,258000.00,171000.00,65000.00,269000.00,175000.00,61000.00,269000.00,175000.00,62000.00,183000.00,148000.00,46000.00,305000.00,186000.00,68000.00
2007 Q2,South East,E12000008,260000.00,170000.00,62000.00,271000.00,177000.00,62000.00,270000.00,177000.00,62000.00,188000.00,152000.00,47000.00,306000.00,188000.00,69000.00
2007 Q3,South East,E12000008,261000.00,167000.00,62000.00,292000.00,186000.00,64000.00,290000.00,185000.00,64000.00,193000.00,155000.00,47000.00,329000.00,198000.00,70000.00
2007 Q4,South East,E12000008,265000.00,172000.00,59000.00,285000.00,181000.00,62000.00,283000.00,180000.00,61000.00,191000.00,151000.00,46000.00,322000.00,192000.00,68000.00
2008 Q1,South East,E12000008,262000.00,170000.00,60000.00,286000.00,181000.00,61000.00,284000.00,180000.00,61000.00,191000.00,148000.00,45000.00,325000.00,194000.00,68000.00
2008 Q2,South East,E12000008,267000.00,173000.00,60000.00,288000.00,180000.00,62000.00,286000.00,180000.00,62000.00,196000.00,151000.00,47000.00,325000.00,192000.00,69000.00
2008 Q3,South East,E12000008,252000.00,151000.00,62000.00,296000.00,177000.00,66000.00,293000.00,175000.00,66000.00,201000.00,142000.00,46000.00,334000.00,190000.00,74000.00
2008 Q4,South East,E12000008,232000.00,143000.00,54000.00,281000.00,166000.00,63000.00,278000.00,164000.00,62000.00,187000.00,133000.00,44000.00,321000.00,179000.00,71000.00
2009 Q1,South East,E12000008,208000.00,138000.00,53000.00,271000.00,159000.00,61000.00,268000.00,158000.00,60000.00,186000.00,128000.00,44000.00,309000.00,173000.00,69000.00
2009 Q2,South East,E12000008,237000.00,147000.00,57000.00,266000.00,158000.00,60000.00,264000.00,157000.00,60000.00,183000.00,125000.00,43000.00,303000.00,173000.00,69000.00
2009 Q3,South East,E12000008,228000.00,132000.00,51000.00,287000.00,167000.00,62000.00,284000.00,165000.00,61000.00,190000.00,130000.00,44000.00,324000.00,181000.00,69000.00
2009 Q4,South East,E12000008,245000.00,146000.00,56000.00,282000.00,167000.00,61000.00,280000.00,166000.00,61000.00,197000.00,134000.00,46000.00,317000.00,180000.00,68000.00
2010 Q1,South East,E12000008,268000.00,161000.00,58000.00,307000.00,179000.00,66000.00,305000.00,178000.00,66000.00,206000.00,138000.00,47000.00,343000.00,193000.00,73000.00
2010 Q2,South East,E12000008,259000.00,158000.00,59000.00,310000.00,181000.00,66000.00,307000.00,179000.00,65000.00,209000.00,143000.00,48000.00,345000.00,193000.00,72000.00
2010 Q3,South East,E12000008,258000.00,155000.00,56000.00,324000.00,190000.00,68000.00,321000.00,188000.00,68000.00,212000.00,148000.00,49000.00,363000.00,204000.00,75000.00
2010 Q4,South East,E12000008,275000.00,166000.00,61000.00,308000.00,183000.00,64000.00,304000.00,182000.00,64000.00,202000.00,142000.00,47000.00,345000.00,198000.00,71000.00
2011 Q1,South East,E12000008,257000.00,159000.00,56000.00,305000.00,183000.00,66000.00,300000.00,182000.00,65000.00,199000.00,140000.00,47000.00,345000.00,200000.00,73000.00
2011 Q2,South East,E12000008,290000.00,178000.00,67000.00,293000.00,179000.00,63000.00,293000.00,180000.00,64000.00,204000.00,145000.00,48000.00,331000.00,195000.00,71000.00
2011 Q3,South East,E12000008,318000.00,183000.00,65000.00,313000.00,187000.00,65000.00,313000.00,188000.00,66000.00,211000.00,148000.00,48000.00,354000.00,204000.00,73000.00
2011 Q4,South East,E12000008,298000.00,179000.00,63000.00,298000.00,182000.00,62000.00,299000.00,183000.00,63000.00,204000.00,146000.00,46000.00,338000.00,198000.00,70000.00
2012 Q1,South East,E12000008,302000.00,181000.00,58000.00,288000.00,178000.00,61000.00,290000.00,179000.00,61000.00,202000.00,148000.00,47000.00,336000.00,195000.00,68000.00
2012 Q2,South East,E12000008,305000.00,187000.00,62000.00,301000.00,187000.00,65000.00,303000.00,188000.00,65000.00,213000.00,155000.00,50000.00,338000.00,201000.00,71000.00
2012 Q3,South East,E12000008,314000.00,188000.00,70000.00,312000.00,192000.00,66000.00,314000.00,193000.00,67000.00,213000.00,158000.00,50000.00,357000.00,207000.00,74000.00
2012 Q4,South East,E12000008,320000.00,189000.00,69000.00,302000.00,185000.00,64000.00,305000.00,186000.00,65000.00,208000.00,154000.00,49000.00,349000.00,201000.00,72000.00
2013 Q1,South East,E12000008,301000.00,187000.00,65000.00,291000.00,182000.00,64000.00,293000.00,183000.00,65000.00,205000.00,152000.00,48000.00,339000.00,200000.00,73000.00
2013 Q2,South East,E12000008,341000.00,201000.00,69000.00,296000.00,187000.00,64000.00,299000.00,188000.00,64000.00,212000.00,160000.00,50000.00,350000.00,204000.00,73000.00
2013 Q3,South East,E12000008,305000.00,190000.00,69000.00,317000.00,195000.00,66000.00,316000.00,196000.00,66000.00,221000.00,166000.00,51000.00,364000.00,211000.00,73000.00
2013 Q4,South East,E12000008,325000.00,210000.00,72000.00,310000.00,196000.00,64000.00,311000.00,197000.00,65000.00,220000.00,166000.00,51000.00,359000.00,214000.00,73000.00
2014 Q1,South East,E12000008,370000.00,228000.00,81000.00,314000.00,200000.00,64000.00,316000.00,202000.00,65000.00,219000.00,167000.00,50000.00,368000.00,220000.00,73000.00
2014 Q2,South East,E12000008,379000.00,227000.00,85000.00,323000.00,210000.00,66000.00,327000.00,211000.00,67000.00,229000.00,176000.00,51000.00,381000.00,231000.00,76000.00
2014 Q3,South East,E12000008,351000.00,208000.00,77000.00,344000.00,215000.00,68000.00,344000.00,215000.00,69000.00,240000.00,183000.00,54000.00,400000.00,232000.00,77000.00
2014 Q4,South East,E12000008,343000.00,214000.00,78000.00,333000.00,210000.00,67000.00,333000.00,211000.00,68000.00,235000.00,179000.00,53000.00,391000.00,229000.00,77000.00
2015 Q1,South East,E12000008,338000.00,211000.00,75000.00,334000.00,213000.00,68000.00,334000.00,213000.00,69000.00,238000.00,179000.00,53000.00,394000.00,234000.00,78000.00
2015 Q2,South East,E12000008,373000.00,231000.00,78000.00,343000.00,223000.00,70000.00,347000.00,224000.00,72000.00,248000.00,188000.00,55000.00,409000.00,247000.00,82000.00
2015 Q3,South East,E12000008,362000.00,221000.00,76000.00,373000.00,235000.00,74000.00,372000.00,234000.00,74000.00,250000.00,189000.00,55000.00,439000.00,258000.00,84000.00
2015 Q4,South East,E12000008,366000.00,234000.00,73000.00,372000.00,236000.00,73000.00,371000.00,235000.00,73000.00,257000.00,196000.00,56000.00,440000.00,259000.00,83000.00
2016 Q1,South East,E12000008,364000.00,229000.00,76000.00,383000.00,244000.00,76000.00,381000.00,242000.00,76000.00,258000.00,197000.00,57000.00,453000.00,269000.00,87000.00
2016 Q2,South East,E12000008,363000.00,234000.00,71000.00,357000.00,234000.00,69000.00,357000.00,234000.00,69000.00,262000.00,202000.00,56000.00,437000.00,260000.00,79000.00
2016 Q3,South East,E12000008,354000.00,223000.00,70000.00,384000.00,246000.00,73000.00,381000.00,244000.00,73000.00,268000.00,207000.00,57000.00,465000.00,271000.00,85000.00
2016 Q4,South East,E12000008,402000.00,254000.00,80000.00,377000.00,241000.00,71000.00,380000.00,242000.00,72000.00,270000.00,206000.00,57000.00,463000.00,270000.00,84000.00
2017 Q1,South East,E12000008,371000.00,236000.00,73000.00,371000.00,237000.00,70000.00,371000.00,237000.00,71000.00,270000.00,201000.00,56000.00,444000.00,263000.00,82000.00
2017 Q2,South East,E12000008,385000.00,245000.00,73000.00,377000.00,245000.00,71000.00,379000.00,245000.00,71000.00,277000.00,209000.00,57000.00,453000.00,272000.00,82000.00
2017 Q3,South East,E12000008,376000.00,238000.00,71000.00,392000.00,251000.00,72000.00,390000.00,249000.00,72000.00,278000.00,210000.00,57000.00,470000.00,277000.00,83000.00
2017 Q4,South East,E12000008,377000.00,241000.00,71000.00,378000.00,244000.00,70000.00,378000.00,243000.00,70000.00,276000.00,209000.00,56000.00,453000.00,269000.00,80000.00
2018 Q1,South East,E12000008,371000.00,238000.00,70000.00,381000.00,246000.00,71000.00,380000.00,245000.00,71000.00,277000.00,209000.00,57000.00,460000.00,273000.00,81000.00
2018 Q2,South East,E12000008,395000.00,256000.00,74000.00,374000.00,248000.00,70000.00,378000.00,249000.00,71000.00,283000.00,214000.00,57000.00,458000.00,279000.00,82000.00
2018 Q3,South East,E12000008,376000.00,242000.00,73000.00,393000.00,256000.00,74000.00,391000.00,254000.00,73000.00,283000.00,215000.00,59000.00,473000.00,283000.00,85000.00
2018 Q4,South East,E12000008,382000.00,247000.00,73000.00,378000.00,249000.00,70000.00,379000.00,249000.00,71000.00,284000.00,214000.00,57000.00,456000.00,276000.00,81000.00
2019 Q1,South East,E12000008,367000.00,236000.00,70000.00,371000.00,247000.00,70000.00,370000.00,245000.00,70000.00,272000.00,208000.00,56000.00,453000.00,277000.00,82000.00
2019 Q2,South East,E12000008,379000.00,249000.00,72000.00,376000.00,255000.00,72000.00,376000.00,254000.00,72000.00,282000.00,216000.00,58000.00,460000.00,286000.00,85000.00
2019 Q3,South East,E12000008,373000.00,242000.00,71000.00,394000.00,263000.00,75000.00,391000.00,260000.00,74000.00,284000.00,220000.00,59000.00,474000.00,291000.00,86000.00
2019 Q4,South East,E12000008,379000.00,246000.00,71000.00,388000.00,260000.00,73000.00,386000.00,257000.00,73000.00,284000.00,217000.00,58000.00,469000.00,290000.00,85000.00
2020 Q1,South East,E12000008,374000.00,243000.00,72000.00,384000.00,261000.00,74000.00,382000.00,257000.00,74000.00,279000.00,216000.00,58000.00,465000.00,291000.00,86000.00
2020 Q2,South East,E12000008,378000.00,251000.00,74000.00,377000.00,260000.00,74000.00,377000.00,258000.00,74000.00,279000.00,218000.00,58000.00,466000.00,295000.00,88000.00
2020 Q3,South East,E12000008,397000.00,258000.00,77000.00,427000.00,284000.00,81000.00,422000.00,279000.00,80000.00,300000.00,228000.00,62000.00,516000.00,318000.00,95000.00
2020 Q4,South East,E12000008,397000.00,257000.00,76000.00,446000.00,291000.00,83000.00,436000.00,284000.00,82000.00,308000.00,227000.00,62000.00,524000.00,323000.00,96000.00
2021 Q1,South East,E12000008,399000.00,254000.00,74000.00,450000.00,287000.00,82000.00,443000.00,282000.00,81000.00,312000.00,229000.00,62000.00,515000.00,311000.00,91000.00
2021 Q2,South East,E12000008,388000.00,248000.00,74000.00,442000.00,285000.00,81000.00,433000.00,279000.00,80000.00,307000.00,229000.00,63000.00,516000.00,312000.00,91000.00
2021 Q3,South East,E12000008,363000.00,235000.00,70000.00,413000.00,271000.00,76000.00,404000.00,264000.00,75000.00,285000.00,216000.00,58000.00,513000.00,308000.00,91000.00
2021 Q4,South East,E12000008,376000.00,246000.00,72000.00,434000.00,285000.00,78000.00,422000.00,277000.00,77000.00,297000.00,224000.00,59000.00,548000.00,330000.00,95000.00
2022 Q1,South East,E12000008,393000.00,254000.00,74000.00,449000.00,295000.00,81000.00,439000.00,288000.00,79000.00,306000.00,231000.00,61000.00,555000.00,337000.00,96000.00
2022 Q2,South East,E12000008,414000.00,276000.00,78000.00,460000.00,306000.00,84000.00,450000.00,300000.00,83000.00,323000.00,247000.00,64000.00,567000.00,349000.00,100000.00
2022 Q3,South East,E12000008,399000.00,265000.00,77000.00,482000.00,318000.00,89000.00,469000.00,310000.00,87000.00,327000.00,252000.00,66000.00,594000.00,361000.00,105000.00
2022 Q4,South East,E12000008,391000.00,260000.00,77000.00,463000.00,305000.00,86000.00,450000.00,296000.00,84000.00,323000.00,249000.00,66000.00,568000.00,340000.00,101000.00
2023 Q1,South East,E12000008,378000.00,246000.00,78000.00,436000.00,284000.00,84000.00,426000.00,278000.00,83000.00,310000.00,237000.00,66000.00,537000.00,316000.00,100000.00
2023 Q2,South East,E12000008,395000.00,256000.00,84000.00,443000.00,286000.00,89000.00,435000.00,281000.00,88000.00,318000.00,243000.00,69000.00,541000.00,316000.00,106000.00
2023 Q3,South East,E12000008,383000.00,244000.00,81000.00,453000.00,293000.00,90000.00,444000.00,286000.00,89000.00,319000.00,246000.00,69000.00,555000.00,323000.00,106000.00
2023 Q4,South East,E12000008,359000.00,236000.00,82000.00,435000.00,279000.00,87000.00,423000.00,272000.00,87000.00,305000.00,234000.00,68000.00,535000.00,309000.00,104000.00
2024 Q1,South East,E12000008,350000.00,227000.00,80000.00,427000.00,283000.00,89000.00,417000.00,275000.00,88000.00,303000.00,235000.00,68000.00,534000.00,316000.00,109000.00
2024 Q2,South East,E12000008,393000.00,263000.00,88000.00,432000.00,289000.00,90000.00,426000.00,286000.00,89000.00,316000.00,247000.00,70000.00,537000.00,324000.00,109000.00
2024 Q3,South East,E12000008,397000.00,261000.00,90000.00,451000.00,298000.00,91000.00,446000.00,294000.00,91000.00,322000.00,253000.00,71000.00,562000.00,333000.00,110000.00
2024 Q4,South East,E12000008,397000.00,270000.00,88000.00,439000.00,294000.00,88000.00,434000.00,291000.00,88000.00,320000.00,253000.00,70000.00,549000.00,329000.00,107000.00
2025 Q1,South East,E12000008,391000.00,268000.00,86000.00,445000.00,302000.00,89000.00,440000.00,299000.00,88000.00,335000.00,266000.00,72000.00,543000.00,331000.00,105000.00
2025 Q2,South East,E12000008,412000.00,281000.00,86000.00,425000.00,293000.00,87000.00,423000.00,291000.00,87000.00,307000.00,244000.00,68000.00,552000.00,342000.00,108000.00
2025 Q3,South East,E12000008,405000.00,277000.00,87000.00,456000.00,309000.00,90000.00,451000.00,306000.00,90000.00,328000.00,260000.00,71000.00,574000.00,351000.00,109000.00
2025 Q4,South East,E12000008,401000.00,283000.00,87000.00,442000.00,306000.00,88000.00,437000.00,303000.00,87000.00,319000.00,256000.00,68000.00,554000.00,350000.00,107000.00
2026 Q1,South East,E12000008,371000.00,268000.00,82000.00,440000.00,306000.00,87000.00,432000.00,302000.00,87000.00,316000.00,255000.00,68000.00,548000.00,348000.00,105000.00
1992 Q1,South West,E12000009,[x],[x],[x],[x],[x],[x],[x],[x],[x],[x],[x],[x],[x],[x],[x]
1992 Q2,South West,E12000009,75000.00,52000.00,22000.00,59000.00,42000.00,19000.00,61000.00,43000.00,20000.00,48000.00,40000.00,18000.00,75000.00,46000.00,22000.00
1992 Q3,South West,E12000009,70000.00,48000.00,21000.00,65000.00,44000.00,21000.00,66000.00,44000.00,21000.00,48000.00,39000.00,18000.00,79000.00,48000.00,23000.00
1992 Q4,South West,E12000009,68000.00,44000.00,21000.00,57000.00,40000.00,20000.00,58000.00,41000.00,20000.00,45000.00,36000.00,17000.00,74000.00,46000.00,24000.00
1993 Q1,South West,E12000009,59000.00,46000.00,20000.00,58000.00,41000.00,19000.00,58000.00,41000.00,19000.00,49000.00,40000.00,18000.00,67000.00,43000.00,21000.00
1993 Q2,South West,E12000009,68000.00,47000.00,22000.00,60000.00,42000.00,20000.00,61000.00,42000.00,20000.00,47000.00,39000.00,17000.00,74000.00,45000.00,23000.00
1993 Q3,South West,E12000009,66000.00,46000.00,21000.00,62000.00,44000.00,20000.00,63000.00,44000.00,21000.00,49000.00,40000.00,17000.00,76000.00,49000.00,23000.00
1993 Q4,South West,E12000009,73000.00,49000.00,23000.00,61000.00,43000.00,20000.00,63000.00,44000.00,21000.00,48000.00,38000.00,17000.00,76000.00,48000.00,23000.00
1994 Q1,South West,E12000009,72000.00,50000.00,24000.00,59000.00,44000.00,20000.00,61000.00,45000.00,21000.00,48000.00,40000.00,18000.00,75000.00,49000.00,25000.00
1994 Q2,South West,E12000009,81000.00,55000.00,25000.00,64000.00,46000.00,21000.00,65000.00,46000.00,21000.00,50000.00,40000.00,18000.00,80000.00,52000.00,25000.00
1994 Q3,South West,E12000009,79000.00,53000.00,24000.00,62000.00,46000.00,21000.00,65000.00,46000.00,22000.00,51000.00,42000.00,19000.00,80000.00,51000.00,24000.00
1994 Q4,South West,E12000009,75000.00,50000.00,22000.00,66000.00,45000.00,21000.00,68000.00,46000.00,21000.00,52000.00,41000.00,18000.00,82000.00,50000.00,25000.00
1995 Q1,South West,E12000009,72000.00,50000.00,22000.00,61000.00,44000.00,21000.00,63000.00,45000.00,21000.00,50000.00,42000.00,18000.00,79000.00,48000.00,24000.00
1995 Q2,South West,E12000009,69000.00,53000.00,23000.00,62000.00,45000.00,21000.00,63000.00,46000.00,21000.00,46000.00,42000.00,18000.00,80000.00,50000.00,25000.00
1995 Q3,South West,E12000009,84000.00,58000.00,26000.00,65000.00,46000.00,22000.00,68000.00,47000.00,23000.00,47000.00,41000.00,18000.00,84000.00,51000.00,26000.00
1995 Q4,South West,E12000009,77000.00,53000.00,26000.00,63000.00,45000.00,21000.00,65000.00,46000.00,22000.00,46000.00,42000.00,18000.00,81000.00,49000.00,25000.00
1996 Q1,South West,E12000009,76000.00,57000.00,27000.00,65000.00,48000.00,22000.00,66000.00,49000.00,23000.00,46000.00,41000.00,18000.00,85000.00,55000.00,27000.00
1996 Q2,South West,E12000009,79000.00,56000.00,26000.00,66000.00,46000.00,23000.00,68000.00,47000.00,23000.00,49000.00,44000.00,19000.00,81000.00,49000.00,26000.00
1996 Q3,South West,E12000009,85000.00,64000.00,27000.00,68000.00,48000.00,23000.00,70000.00,49000.00,24000.00,51000.00,45000.00,20000.00,83000.00,53000.00,26000.00
1996 Q4,South West,E12000009,96000.00,59000.00,26000.00,65000.00,46000.00,22000.00,67000.00,47000.00,22000.00,51000.00,44000.00,19000.00,81000.00,50000.00,25000.00
1997 Q1,South West,E12000009,86000.00,55000.00,26000.00,67000.00,48000.00,23000.00,68000.00,49000.00,23000.00,51000.00,45000.00,20000.00,80000.00,51000.00,25000.00
1997 Q2,South West,E12000009,90000.00,66000.00,30000.00,71000.00,51000.00,24000.00,73000.00,52000.00,24000.00,50000.00,45000.00,19000.00,90000.00,57000.00,28000.00
1997 Q3,South West,E12000009,88000.00,57000.00,27000.00,73000.00,50000.00,25000.00,74000.00,51000.00,25000.00,54000.00,45000.00,20000.00,88000.00,54000.00,28000.00
1997 Q4,South West,E12000009,88000.00,58000.00,25000.00,72000.00,51000.00,24000.00,74000.00,52000.00,24000.00,58000.00,48000.00,21000.00,85000.00,54000.00,26000.00
1998 Q1,South West,E12000009,96000.00,70000.00,29000.00,75000.00,52000.00,24000.00,78000.00,54000.00,25000.00,58000.00,50000.00,21000.00,94000.00,56000.00,28000.00
1998 Q2,South West,E12000009,95000.00,63000.00,28000.00,76000.00,54000.00,25000.00,78000.00,55000.00,25000.00,61000.00,52000.00,22000.00,91000.00,58000.00,27000.00
1998 Q3,South West,E12000009,94000.00,62000.00,30000.00,81000.00,54000.00,25000.00,82000.00,55000.00,26000.00,61000.00,49000.00,21000.00,99000.00,59000.00,29000.00
1998 Q4,South West,E12000009,111000.00,79000.00,33000.00,78000.00,55000.00,25000.00,82000.00,58000.00,26000.00,64000.00,51000.00,22000.00,94000.00,63000.00,29000.00
1999 Q1,South West,E12000009,107000.00,72000.00,32000.00,78000.00,55000.00,26000.00,81000.00,57000.00,26000.00,65000.00,52000.00,22000.00,94000.00,62000.00,30000.00
1999 Q2,South West,E12000009,108000.00,70000.00,31000.00,83000.00,58000.00,27000.00,85000.00,60000.00,27000.00,70000.00,55000.00,24000.00,97000.00,63000.00,29000.00
1999 Q3,South West,E12000009,113000.00,81000.00,33000.00,93000.00,63000.00,29000.00,95000.00,65000.00,29000.00,76000.00,59000.00,26000.00,109000.00,69000.00,32000.00
1999 Q4,South West,E12000009,112000.00,74000.00,33000.00,90000.00,62000.00,27000.00,93000.00,63000.00,27000.00,72000.00,57000.00,24000.00,108000.00,68000.00,30000.00
2000 Q1,South West,E12000009,125000.00,79000.00,34000.00,91000.00,62000.00,26000.00,95000.00,64000.00,27000.00,76000.00,58000.00,24000.00,109000.00,68000.00,30000.00
2000 Q2,South West,E12000009,125000.00,83000.00,36000.00,99000.00,69000.00,30000.00,102000.00,70000.00,30000.00,80000.00,63000.00,27000.00,113000.00,74000.00,32000.00
2000 Q3,South West,E12000009,132000.00,84000.00,37000.00,107000.00,68000.00,31000.00,109000.00,70000.00,31000.00,83000.00,60000.00,26000.00,124000.00,75000.00,34000.00
2000 Q4,South West,E12000009,130000.00,82000.00,34000.00,108000.00,71000.00,30000.00,110000.00,72000.00,31000.00,81000.00,63000.00,26000.00,126000.00,77000.00,33000.00
2001 Q1,South West,E12000009,145000.00,86000.00,42000.00,112000.00,71000.00,30000.00,113000.00,72000.00,30000.00,89000.00,66000.00,26000.00,124000.00,75000.00,32000.00
2001 Q2,South West,E12000009,137000.00,88000.00,34000.00,110000.00,72000.00,30000.00,112000.00,74000.00,30000.00,86000.00,67000.00,26000.00,127000.00,78000.00,33000.00
2001 Q3,South West,E12000009,141000.00,101000.00,46000.00,124000.00,74000.00,34000.00,124000.00,76000.00,34000.00,95000.00,71000.00,28000.00,139000.00,80000.00,36000.00
2001 Q4,South West,E12000009,149000.00,94000.00,36000.00,121000.00,73000.00,32000.00,123000.00,75000.00,33000.00,99000.00,75000.00,30000.00,135000.00,82000.00,34000.00
2002 Q1,South West,E12000009,149000.00,87000.00,38000.00,121000.00,76000.00,34000.00,122000.00,77000.00,34000.00,94000.00,74000.00,28000.00,132000.00,82000.00,34000.00
2002 Q2,South West,E12000009,173000.00,116000.00,51000.00,132000.00,81000.00,35000.00,136000.00,84000.00,36000.00,112000.00,83000.00,31000.00,142000.00,90000.00,38000.00
2002 Q3,South West,E12000009,167000.00,99000.00,50000.00,152000.00,86000.00,38000.00,154000.00,88000.00,39000.00,126000.00,88000.00,34000.00,166000.00,95000.00,42000.00
2002 Q4,South West,E12000009,174000.00,99000.00,38000.00,150000.00,89000.00,40000.00,153000.00,91000.00,40000.00,124000.00,91000.00,33000.00,163000.00,94000.00,44000.00
2003 Q1,South West,E12000009,192000.00,111000.00,52000.00,155000.00,93000.00,39000.00,157000.00,94000.00,39000.00,132000.00,99000.00,36000.00,165000.00,96000.00,39000.00
2003 Q2,South West,E12000009,184000.00,119000.00,44000.00,162000.00,97000.00,39000.00,163000.00,98000.00,39000.00,137000.00,98000.00,35000.00,172000.00,99000.00,39000.00
2003 Q3,South West,E12000009,208000.00,119000.00,50000.00,181000.00,103000.00,40000.00,181000.00,104000.00,41000.00,130000.00,99000.00,32000.00,185000.00,103000.00,38000.00
2003 Q4,South West,E12000009,216000.00,133000.00,49000.00,180000.00,106000.00,40000.00,181000.00,108000.00,41000.00,132000.00,100000.00,33000.00,185000.00,107000.00,39000.00
2004 Q1,South West,E12000009,209000.00,121000.00,47000.00,183000.00,105000.00,40000.00,184000.00,104000.00,40000.00,136000.00,102000.00,34000.00,191000.00,107000.00,39000.00
2004 Q2,South West,E12000009,225000.00,139000.00,50000.00,190000.00,110000.00,39000.00,193000.00,109000.00,40000.00,143000.00,109000.00,34000.00,198000.00,110000.00,39000.00
2004 Q3,South West,E12000009,213000.00,132000.00,49000.00,204000.00,115000.00,39000.00,207000.00,112000.00,40000.00,150000.00,111000.00,34000.00,214000.00,118000.00,40000.00
2004 Q4,South West,E12000009,221000.00,127000.00,47000.00,206000.00,118000.00,38000.00,208000.00,114000.00,39000.00,153000.00,111000.00,35000.00,216000.00,120000.00,40000.00
2005 Q1,South West,E12000009,226000.00,141000.00,49000.00,205000.00,118000.00,41000.00,209000.00,115000.00,42000.00,156000.00,115000.00,35000.00,213000.00,117000.00,43000.00
2005 Q2,South West,E12000009,219000.00,133000.00,50000.00,199000.00,120000.00,40000.00,203000.00,117000.00,41000.00,153000.00,115000.00,35000.00,207000.00,120000.00,42000.00
2005 Q3,South West,E12000009,223000.00,136000.00,51000.00,205000.00,125000.00,42000.00,208000.00,122000.00,43000.00,152000.00,116000.00,36000.00,219000.00,128000.00,46000.00
2005 Q4,South West,E12000009,215000.00,145000.00,54000.00,198000.00,131000.00,47000.00,199000.00,131000.00,47000.00,144000.00,119000.00,39000.00,224000.00,137000.00,51000.00
2006 Q1,South West,E12000009,214000.00,140000.00,53000.00,203000.00,131000.00,48000.00,204000.00,131000.00,48000.00,144000.00,119000.00,39000.00,230000.00,137000.00,53000.00
2006 Q2,South West,E12000009,220000.00,140000.00,52000.00,208000.00,135000.00,48000.00,208000.00,135000.00,48000.00,150000.00,123000.00,40000.00,234000.00,140000.00,52000.00
2006 Q3,South West,E12000009,211000.00,134000.00,46000.00,221000.00,139000.00,51000.00,220000.00,139000.00,50000.00,157000.00,127000.00,41000.00,246000.00,143000.00,54000.00
2006 Q4,South West,E12000009,223000.00,142000.00,53000.00,222000.00,141000.00,51000.00,222000.00,141000.00,51000.00,156000.00,127000.00,40000.00,248000.00,146000.00,55000.00
2007 Q1,South West,E12000009,216000.00,135000.00,50000.00,225000.00,144000.00,53000.00,225000.00,143000.00,52000.00,159000.00,129000.00,40000.00,252000.00,150000.00,58000.00
2007 Q2,South West,E12000009,214000.00,141000.00,51000.00,230000.00,147000.00,52000.00,229000.00,147000.00,52000.00,164000.00,132000.00,41000.00,256000.00,153000.00,57000.00
2007 Q3,South West,E12000009,226000.00,145000.00,55000.00,240000.00,149000.00,53000.00,239000.00,149000.00,53000.00,167000.00,133000.00,41000.00,268000.00,155000.00,57000.00
2007 Q4,South West,E12000009,219000.00,139000.00,49000.00,232000.00,147000.00,52000.00,231000.00,147000.00,52000.00,164000.00,131000.00,41000.00,259000.00,153000.00,56000.00
2008 Q1,South West,E12000009,210000.00,136000.00,53000.00,233000.00,145000.00,51000.00,231000.00,144000.00,51000.00,159000.00,125000.00,38000.00,261000.00,152000.00,56000.00
2008 Q2,South West,E12000009,225000.00,145000.00,54000.00,231000.00,145000.00,52000.00,230000.00,145000.00,52000.00,166000.00,128000.00,42000.00,257000.00,152000.00,57000.00
2008 Q3,South West,E12000009,214000.00,129000.00,51000.00,241000.00,142000.00,56000.00,239000.00,141000.00,55000.00,168000.00,119000.00,40000.00,269000.00,150000.00,62000.00
2008 Q4,South West,E12000009,186000.00,121000.00,48000.00,224000.00,132000.00,51000.00,220000.00,131000.00,51000.00,156000.00,112000.00,38000.00,253000.00,140000.00,57000.00
2009 Q1,South West,E12000009,180000.00,120000.00,46000.00,216000.00,126000.00,50000.00,214000.00,126000.00,50000.00,156000.00,108000.00,38000.00,244000.00,135000.00,56000.00
2009 Q2,South West,E12000009,188000.00,119000.00,48000.00,215000.00,128000.00,50000.00,213000.00,127000.00,50000.00,157000.00,109000.00,39000.00,240000.00,136000.00,56000.00
2009 Q3,South West,E12000009,207000.00,120000.00,50000.00,230000.00,133000.00,52000.00,228000.00,133000.00,52000.00,163000.00,112000.00,40000.00,257000.00,141000.00,57000.00
2009 Q4,South West,E12000009,208000.00,126000.00,46000.00,228000.00,132000.00,51000.00,226000.00,131000.00,50000.00,164000.00,112000.00,39000.00,253000.00,139000.00,55000.00
2010 Q1,South West,E12000009,195000.00,114000.00,43000.00,241000.00,139000.00,54000.00,239000.00,138000.00,53000.00,174000.00,117000.00,42000.00,265000.00,146000.00,58000.00
2010 Q2,South West,E12000009,211000.00,126000.00,49000.00,241000.00,142000.00,54000.00,239000.00,142000.00,54000.00,176000.00,120000.00,41000.00,263000.00,149000.00,59000.00
2010 Q3,South West,E12000009,198000.00,121000.00,46000.00,249000.00,145000.00,55000.00,247000.00,144000.00,54000.00,172000.00,120000.00,41000.00,276000.00,153000.00,59000.00
2010 Q4,South West,E12000009,211000.00,134000.00,52000.00,235000.00,141000.00,53000.00,234000.00,140000.00,53000.00,166000.00,118000.00,40000.00,262000.00,150000.00,58000.00
2011 Q1,South West,E12000009,208000.00,127000.00,46000.00,232000.00,140000.00,53000.00,229000.00,140000.00,52000.00,167000.00,119000.00,41000.00,257000.00,149000.00,58000.00
2011 Q2,South West,E12000009,202000.00,126000.00,51000.00,231000.00,140000.00,53000.00,228000.00,139000.00,53000.00,165000.00,118000.00,40000.00,257000.00,149000.00,59000.00
2011 Q3,South West,E12000009,235000.00,127000.00,48000.00,240000.00,143000.00,54000.00,239000.00,143000.00,54000.00,167000.00,120000.00,40000.00,267000.00,152000.00,59000.00
2011 Q4,South West,E12000009,245000.00,135000.00,50000.00,230000.00,141000.00,51000.00,232000.00,141000.00,52000.00,169000.00,121000.00,40000.00,257000.00,149000.00,57000.00
2012 Q1,South West,E12000009,235000.00,146000.00,50000.00,230000.00,142000.00,50000.00,232000.00,143000.00,50000.00,166000.00,122000.00,39000.00,264000.00,153000.00,55000.00
2012 Q2,South West,E12000009,240000.00,145000.00,49000.00,232000.00,142000.00,51000.00,234000.00,143000.00,51000.00,169000.00,122000.00,40000.00,258000.00,151000.00,56000.00
2012 Q3,South West,E12000009,227000.00,139000.00,51000.00,233000.00,143000.00,52000.00,233000.00,143000.00,52000.00,167000.00,124000.00,40000.00,265000.00,153000.00,58000.00
2012 Q4,South West,E12000009,237000.00,138000.00,53000.00,229000.00,143000.00,52000.00,232000.00,143000.00,52000.00,166000.00,124000.00,40000.00,265000.00,153000.00,58000.00
2013 Q1,South West,E12000009,235000.00,138000.00,51000.00,225000.00,141000.00,52000.00,226000.00,141000.00,52000.00,163000.00,124000.00,39000.00,260000.00,150000.00,58000.00
2013 Q2,South West,E12000009,246000.00,145000.00,51000.00,222000.00,142000.00,50000.00,224000.00,143000.00,50000.00,168000.00,129000.00,41000.00,257000.00,151000.00,56000.00
2013 Q3,South West,E12000009,208000.00,131000.00,50000.00,238000.00,147000.00,52000.00,236000.00,147000.00,52000.00,171000.00,129000.00,41000.00,270000.00,156000.00,58000.00
2013 Q4,South West,E12000009,220000.00,147000.00,54000.00,234000.00,148000.00,51000.00,233000.00,149000.00,51000.00,172000.00,131000.00,41000.00,268000.00,159000.00,57000.00
2014 Q1,South West,E12000009,235000.00,152000.00,55000.00,236000.00,149000.00,51000.00,235000.00,150000.00,51000.00,173000.00,131000.00,40000.00,272000.00,161000.00,58000.00
2014 Q2,South West,E12000009,249000.00,161000.00,57000.00,239000.00,154000.00,51000.00,239000.00,156000.00,51000.00,180000.00,139000.00,42000.00,273000.00,165000.00,57000.00
2014 Q3,South West,E12000009,244000.00,151000.00,60000.00,254000.00,160000.00,54000.00,252000.00,160000.00,54000.00,188000.00,143000.00,44000.00,289000.00,169000.00,60000.00
2014 Q4,South West,E12000009,242000.00,155000.00,59000.00,248000.00,159000.00,55000.00,247000.00,159000.00,55000.00,182000.00,140000.00,43000.00,287000.00,171000.00,62000.00
2015 Q1,South West,E12000009,236000.00,152000.00,56000.00,252000.00,162000.00,55000.00,251000.00,161000.00,55000.00,189000.00,143000.00,44000.00,289000.00,173000.00,62000.00
2015 Q2,South West,E12000009,256000.00,161000.00,56000.00,251000.00,164000.00,55000.00,252000.00,164000.00,55000.00,191000.00,145000.00,44000.00,293000.00,176000.00,63000.00
2015 Q3,South West,E12000009,262000.00,162000.00,58000.00,271000.00,174000.00,58000.00,270000.00,173000.00,58000.00,196000.00,149000.00,45000.00,313000.00,187000.00,66000.00
2015 Q4,South West,E12000009,257000.00,166000.00,55000.00,269000.00,173000.00,58000.00,265000.00,172000.00,57000.00,196000.00,150000.00,45000.00,311000.00,186000.00,65000.00
2016 Q1,South West,E12000009,260000.00,165000.00,57000.00,271000.00,177000.00,59000.00,270000.00,176000.00,59000.00,196000.00,152000.00,46000.00,314000.00,190000.00,67000.00
2016 Q2,South West,E12000009,268000.00,169000.00,56000.00,260000.00,173000.00,54000.00,261000.00,173000.00,54000.00,201000.00,156000.00,45000.00,313000.00,187000.00,62000.00
2016 Q3,South West,E12000009,273000.00,171000.00,55000.00,281000.00,182000.00,58000.00,281000.00,181000.00,57000.00,205000.00,159000.00,45000.00,338000.00,198000.00,67000.00
2016 Q4,South West,E12000009,262000.00,166000.00,54000.00,271000.00,176000.00,56000.00,270000.00,175000.00,56000.00,204000.00,158000.00,45000.00,324000.00,189000.00,64000.00
2017 Q1,South West,E12000009,268000.00,167000.00,53000.00,271000.00,177000.00,55000.00,271000.00,176000.00,55000.00,204000.00,155000.00,44000.00,321000.00,192000.00,63000.00
2017 Q2,South West,E12000009,282000.00,181000.00,56000.00,270000.00,180000.00,55000.00,272000.00,180000.00,55000.00,210000.00,160000.00,45000.00,323000.00,197000.00,63000.00
2017 Q3,South West,E12000009,294000.00,184000.00,58000.00,285000.00,185000.00,56000.00,286000.00,185000.00,57000.00,214000.00,164000.00,46000.00,337000.00,200000.00,64000.00
2017 Q4,South West,E12000009,289000.00,186000.00,55000.00,278000.00,181000.00,54000.00,280000.00,182000.00,54000.00,213000.00,162000.00,45000.00,331000.00,197000.00,62000.00
2018 Q1,South West,E12000009,287000.00,182000.00,56000.00,280000.00,183000.00,56000.00,281000.00,183000.00,56000.00,212000.00,162000.00,45000.00,335000.00,200000.00,64000.00
2018 Q2,South West,E12000009,290000.00,186000.00,55000.00,276000.00,183000.00,54000.00,278000.00,183000.00,54000.00,216000.00,164000.00,45000.00,330000.00,199000.00,62000.00
2018 Q3,South West,E12000009,291000.00,185000.00,58000.00,289000.00,190000.00,57000.00,289000.00,190000.00,57000.00,217000.00,167000.00,46000.00,347000.00,207000.00,66000.00
2018 Q4,South West,E12000009,290000.00,187000.00,55000.00,281000.00,187000.00,55000.00,283000.00,187000.00,55000.00,219000.00,168000.00,46000.00,337000.00,203000.00,63000.00
2019 Q1,South West,E12000009,283000.00,179000.00,55000.00,278000.00,186000.00,56000.00,279000.00,185000.00,55000.00,213000.00,165000.00,45000.00,334000.00,201000.00,64000.00
2019 Q2,South West,E12000009,289000.00,188000.00,56000.00,276000.00,188000.00,55000.00,279000.00,188000.00,56000.00,218000.00,169000.00,46000.00,332000.00,205000.00,64000.00
2019 Q3,South West,E12000009,284000.00,180000.00,56000.00,293000.00,195000.00,58000.00,292000.00,193000.00,58000.00,219000.00,172000.00,47000.00,349000.00,210000.00,67000.00
2019 Q4,South West,E12000009,290000.00,187000.00,56000.00,290000.00,195000.00,58000.00,290000.00,194000.00,57000.00,220000.00,171000.00,47000.00,345000.00,211000.00,66000.00
2020 Q1,South West,E12000009,291000.00,188000.00,58000.00,290000.00,197000.00,59000.00,290000.00,195000.00,58000.00,217000.00,170000.00,47000.00,347000.00,216000.00,68000.00
2020 Q2,South West,E12000009,278000.00,185000.00,56000.00,280000.00,194000.00,57000.00,280000.00,193000.00,57000.00,218000.00,173000.00,47000.00,339000.00,212000.00,66000.00
2020 Q3,South West,E12000009,315000.00,205000.00,62000.00,316000.00,209000.00,63000.00,315000.00,208000.00,63000.00,236000.00,181000.00,50000.00,373000.00,228000.00,72000.00
2020 Q4,South West,E12000009,314000.00,203000.00,61000.00,334000.00,215000.00,65000.00,331000.00,213000.00,65000.00,243000.00,181000.00,50000.00,389000.00,233000.00,74000.00
2021 Q1,South West,E12000009,327000.00,206000.00,62000.00,346000.00,217000.00,66000.00,344000.00,215000.00,65000.00,243000.00,179000.00,50000.00,396000.00,235000.00,73000.00
2021 Q2,South West,E12000009,314000.00,202000.00,62000.00,341000.00,217000.00,66000.00,337000.00,215000.00,65000.00,245000.00,183000.00,51000.00,397000.00,236000.00,75000.00
2021 Q3,South West,E12000009,285000.00,184000.00,56000.00,307000.00,202000.00,59000.00,304000.00,200000.00,58000.00,230000.00,175000.00,48000.00,366000.00,220000.00,67000.00
2021 Q4,South West,E12000009,293000.00,189000.00,56000.00,324000.00,212000.00,61000.00,318000.00,207000.00,60000.00,236000.00,179000.00,48000.00,402000.00,236000.00,72000.00
2022 Q1,South West,E12000009,310000.00,196000.00,60000.00,339000.00,221000.00,64000.00,335000.00,218000.00,64000.00,247000.00,188000.00,51000.00,410000.00,243000.00,75000.00
2022 Q2,South West,E12000009,316000.00,208000.00,61000.00,344000.00,229000.00,66000.00,339000.00,225000.00,65000.00,255000.00,195000.00,52000.00,416000.00,253000.00,77000.00
2022 Q3,South West,E12000009,326000.00,213000.00,63000.00,366000.00,238000.00,69000.00,360000.00,235000.00,68000.00,268000.00,205000.00,55000.00,439000.00,260000.00,79000.00
2022 Q4,South West,E12000009,325000.00,212000.00,63000.00,358000.00,232000.00,68000.00,353000.00,228000.00,67000.00,264000.00,203000.00,55000.00,432000.00,252000.00,78000.00
2023 Q1,South West,E12000009,302000.00,192000.00,61000.00,343000.00,218000.00,67000.00,337000.00,214000.00,66000.00,248000.00,189000.00,53000.00,416000.00,237000.00,77000.00
2023 Q2,South West,E12000009,331000.00,211000.00,71000.00,337000.00,219000.00,68000.00,336000.00,218000.00,68000.00,254000.00,194000.00,56000.00,411000.00,240000.00,80000.00
2023 Q3,South West,E12000009,322000.00,204000.00,68000.00,351000.00,225000.00,71000.00,348000.00,223000.00,71000.00,262000.00,201000.00,58000.00,422000.00,241000.00,82000.00
2023 Q4,South West,E12000009,310000.00,194000.00,66000.00,337000.00,215000.00,69000.00,333000.00,212000.00,69000.00,249000.00,193000.00,57000.00,407000.00,230000.00,79000.00
2024 Q1,South West,E12000009,288000.00,193000.00,65000.00,331000.00,215000.00,70000.00,326000.00,212000.00,69000.00,247000.00,192000.00,57000.00,405000.00,232000.00,82000.00
2024 Q2,South West,E12000009,318000.00,213000.00,69000.00,335000.00,223000.00,71000.00,333000.00,222000.00,71000.00,256000.00,202000.00,58000.00,410000.00,241000.00,83000.00
2024 Q3,South West,E12000009,323000.00,208000.00,69000.00,347000.00,230000.00,72000.00,345000.00,227000.00,72000.00,262000.00,207000.00,59000.00,424000.00,247000.00,84000.00
2024 Q4,South West,E12000009,323000.00,223000.00,71000.00,341000.00,227000.00,70000.00,338000.00,227000.00,70000.00,262000.00,208000.00,58000.00,413000.00,245000.00,81000.00
2025 Q1,South West,E12000009,319000.00,218000.00,70000.00,351000.00,237000.00,72000.00,348000.00,235000.00,72000.00,272000.00,216000.00,61000.00,419000.00,253000.00,83000.00
2025 Q2,South West,E12000009,324000.00,231000.00,70000.00,320000.00,223000.00,67000.00,321000.00,224000.00,68000.00,252000.00,203000.00,57000.00,406000.00,251000.00,81000.00
2025 Q3,South West,E12000009,323000.00,229000.00,70000.00,349000.00,237000.00,72000.00,346000.00,237000.00,72000.00,264000.00,212000.00,59000.00,431000.00,262000.00,85000.00
2025 Q4,South West,E12000009,345000.00,243000.00,73000.00,344000.00,236000.00,70000.00,344000.00,237000.00,70000.00,266000.00,213000.00,58000.00,422000.00,261000.00,82000.00
2026 Q1,South West,E12000009,292000.00,207000.00,65000.00,344000.00,238000.00,69000.00,338000.00,235000.00,69000.00,259000.00,210000.00,57000.00,420000.00,261000.00,81000.00
1992 Q1,Wales,W92000004,[x],[x],[x],[x],[x],[x],[x],[x],[x],[x],[x],[x],[x],[x],[x]
1992 Q2,Wales,W92000004,71000.00,45000.00,19000.00,48000.00,36000.00,17000.00,50000.00,36000.00,17000.00,37000.00,32000.00,15000.00,64000.00,41000.00,20000.00
1992 Q3,Wales,W92000004,61000.00,45000.00,21000.00,47000.00,36000.00,18000.00,49000.00,37000.00,18000.00,40000.00,34000.00,16000.00,64000.00,42000.00,21000.00
1992 Q4,Wales,W92000004,59000.00,36000.00,20000.00,49000.00,36000.00,18000.00,50000.00,35000.00,18000.00,38000.00,31000.00,15000.00,67000.00,42000.00,23000.00
1993 Q1,Wales,W92000004,64000.00,44000.00,22000.00,51000.00,37000.00,18000.00,53000.00,38000.00,19000.00,41000.00,33000.00,15000.00,69000.00,44000.00,23000.00
1993 Q2,Wales,W92000004,62000.00,46000.00,22000.00,52000.00,38000.00,19000.00,53000.00,39000.00,19000.00,41000.00,35000.00,17000.00,68000.00,43000.00,23000.00
1993 Q3,Wales,W92000004,76000.00,54000.00,26000.00,47000.00,37000.00,19000.00,50000.00,39000.00,19000.00,37000.00,33000.00,16000.00,68000.00,48000.00,25000.00
1993 Q4,Wales,W92000004,68000.00,47000.00,21000.00,50000.00,39000.00,18000.00,54000.00,40000.00,19000.00,40000.00,34000.00,16000.00,72000.00,47000.00,23000.00
1994 Q1,Wales,W92000004,65000.00,52000.00,26000.00,46000.00,35000.00,18000.00,49000.00,37000.00,19000.00,37000.00,32000.00,15000.00,66000.00,45000.00,25000.00
1994 Q2,Wales,W92000004,67000.00,51000.00,23000.00,54000.00,40000.00,20000.00,56000.00,42000.00,20000.00,42000.00,35000.00,16000.00,73000.00,49000.00,26000.00
1994 Q3,Wales,W92000004,71000.00,47000.00,30000.00,54000.00,40000.00,20000.00,57000.00,41000.00,20000.00,41000.00,35000.00,16000.00,77000.00,49000.00,24000.00
1994 Q4,Wales,W92000004,60000.00,44000.00,20000.00,46000.00,36000.00,18000.00,49000.00,38000.00,18000.00,40000.00,34000.00,16000.00,63000.00,43000.00,21000.00
1995 Q1,Wales,W92000004,66000.00,54000.00,22000.00,49000.00,37000.00,18000.00,51000.00,39000.00,18000.00,40000.00,35000.00,17000.00,70000.00,45000.00,21000.00
1995 Q2,Wales,W92000004,65000.00,52000.00,22000.00,53000.00,39000.00,19000.00,54000.00,40000.00,20000.00,39000.00,34000.00,16000.00,72000.00,47000.00,24000.00
1995 Q3,Wales,W92000004,72000.00,48000.00,22000.00,51000.00,39000.00,19000.00,54000.00,40000.00,19000.00,38000.00,34000.00,16000.00,72000.00,46000.00,23000.00
1995 Q4,Wales,W92000004,65000.00,50000.00,23000.00,51000.00,38000.00,19000.00,53000.00,39000.00,19000.00,36000.00,33000.00,15000.00,70000.00,47000.00,23000.00
1996 Q1,Wales,W92000004,69000.00,51000.00,22000.00,50000.00,39000.00,19000.00,53000.00,40000.00,19000.00,40000.00,36000.00,17000.00,69000.00,46000.00,23000.00
1996 Q2,Wales,W92000004,69000.00,55000.00,24000.00,53000.00,40000.00,21000.00,55000.00,42000.00,21000.00,42000.00,38000.00,18000.00,70000.00,47000.00,24000.00
1996 Q3,Wales,W92000004,65000.00,52000.00,24000.00,54000.00,41000.00,21000.00,56000.00,42000.00,22000.00,43000.00,39000.00,19000.00,68000.00,45000.00,24000.00
1996 Q4,Wales,W92000004,71000.00,61000.00,29000.00,55000.00,41000.00,21000.00,56000.00,42000.00,21000.00,42000.00,38000.00,18000.00,72000.00,46000.00,26000.00
1997 Q1,Wales,W92000004,75000.00,56000.00,27000.00,56000.00,41000.00,20000.00,58000.00,43000.00,21000.00,40000.00,35000.00,16000.00,74000.00,51000.00,25000.00
1997 Q2,Wales,W92000004,83000.00,56000.00,26000.00,57000.00,42000.00,22000.00,59000.00,44000.00,22000.00,41000.00,37000.00,18000.00,76000.00,50000.00,26000.00
1997 Q3,Wales,W92000004,74000.00,56000.00,27000.00,58000.00,43000.00,22000.00,59000.00,44000.00,22000.00,43000.00,38000.00,19000.00,76000.00,50000.00,26000.00
1997 Q4,Wales,W92000004,76000.00,62000.00,27000.00,55000.00,41000.00,20000.00,57000.00,43000.00,21000.00,43000.00,39000.00,18000.00,74000.00,49000.00,25000.00
1998 Q1,Wales,W92000004,70000.00,54000.00,25000.00,55000.00,41000.00,21000.00,57000.00,42000.00,21000.00,41000.00,36000.00,17000.00,76000.00,50000.00,26000.00
1998 Q2,Wales,W92000004,78000.00,51000.00,23000.00,55000.00,43000.00,22000.00,58000.00,44000.00,22000.00,48000.00,41000.00,19000.00,75000.00,48000.00,26000.00
1998 Q3,Wales,W92000004,76000.00,56000.00,25000.00,62000.00,46000.00,23000.00,64000.00,47000.00,23000.00,52000.00,40000.00,19000.00,78000.00,56000.00,28000.00
1998 Q4,Wales,W92000004,78000.00,61000.00,31000.00,62000.00,46000.00,23000.00,65000.00,48000.00,24000.00,51000.00,45000.00,20000.00,77000.00,51000.00,28000.00
1999 Q1,Wales,W92000004,85000.00,59000.00,24000.00,61000.00,47000.00,24000.00,65000.00,49000.00,24000.00,49000.00,41000.00,19000.00,82000.00,57000.00,29000.00
1999 Q2,Wales,W92000004,75000.00,53000.00,30000.00,64000.00,47000.00,24000.00,65000.00,48000.00,25000.00,52000.00,43000.00,21000.00,81000.00,54000.00,30000.00
1999 Q3,Wales,W92000004,90000.00,67000.00,30000.00,65000.00,48000.00,25000.00,68000.00,51000.00,25000.00,54000.00,43000.00,21000.00,82000.00,58000.00,30000.00
1999 Q4,Wales,W92000004,82000.00,65000.00,30000.00,69000.00,50000.00,24000.00,71000.00,52000.00,25000.00,55000.00,46000.00,22000.00,84000.00,56000.00,28000.00
2000 Q1,Wales,W92000004,106000.00,67000.00,31000.00,65000.00,47000.00,23000.00,70000.00,50000.00,24000.00,56000.00,46000.00,22000.00,83000.00,53000.00,27000.00
2000 Q2,Wales,W92000004,91000.00,67000.00,31000.00,71000.00,54000.00,26000.00,73000.00,56000.00,26000.00,57000.00,47000.00,22000.00,87000.00,63000.00,30000.00
2000 Q3,Wales,W92000004,95000.00,59000.00,27000.00,71000.00,53000.00,26000.00,72000.00,54000.00,26000.00,55000.00,46000.00,22000.00,87000.00,60000.00,31000.00
2000 Q4,Wales,W92000004,101000.00,73000.00,35000.00,69000.00,53000.00,25000.00,73000.00,55000.00,27000.00,53000.00,44000.00,22000.00,90000.00,65000.00,31000.00
2001 Q1,Wales,W92000004,122000.00,88000.00,44000.00,68000.00,50000.00,26000.00,73000.00,54000.00,27000.00,53000.00,44000.00,21000.00,88000.00,62000.00,32000.00
2001 Q2,Wales,W92000004,106000.00,84000.00,36000.00,84000.00,61000.00,29000.00,86000.00,63000.00,29000.00,67000.00,55000.00,24000.00,99000.00,69000.00,32000.00
2001 Q3,Wales,W92000004,111000.00,71000.00,34000.00,76000.00,54000.00,26000.00,79000.00,55000.00,27000.00,62000.00,50000.00,24000.00,93000.00,61000.00,30000.00
2001 Q4,Wales,W92000004,119000.00,87000.00,36000.00,76000.00,55000.00,27000.00,79000.00,58000.00,28000.00,65000.00,55000.00,24000.00,85000.00,62000.00,30000.00
2002 Q1,Wales,W92000004,158000.00,81000.00,40000.00,79000.00,57000.00,28000.00,84000.00,59000.00,29000.00,69000.00,55000.00,24000.00,93000.00,62000.00,33000.00
2002 Q2,Wales,W92000004,146000.00,89000.00,35000.00,81000.00,58000.00,28000.00,87000.00,61000.00,29000.00,70000.00,57000.00,25000.00,92000.00,65000.00,31000.00
2002 Q3,Wales,W92000004,145000.00,75000.00,34000.00,91000.00,64000.00,29000.00,95000.00,65000.00,29000.00,80000.00,62000.00,27000.00,106000.00,69000.00,31000.00
2002 Q4,Wales,W92000004,149000.00,88000.00,39000.00,82000.00,59000.00,28000.00,87000.00,61000.00,29000.00,74000.00,61000.00,28000.00,96000.00,65000.00,30000.00
2003 Q1,Wales,W92000004,140000.00,95000.00,51000.00,97000.00,68000.00,32000.00,99000.00,69000.00,33000.00,76000.00,59000.00,24000.00,103000.00,73000.00,35000.00
2003 Q2,Wales,W92000004,146000.00,104000.00,44000.00,103000.00,69000.00,30000.00,108000.00,73000.00,32000.00,83000.00,63000.00,26000.00,115000.00,78000.00,33000.00
2003 Q3,Wales,W92000004,151000.00,96000.00,42000.00,113000.00,72000.00,31000.00,115000.00,73000.00,31000.00,72000.00,58000.00,23000.00,123000.00,76000.00,32000.00
2003 Q4,Wales,W92000004,163000.00,105000.00,43000.00,119000.00,77000.00,32000.00,122000.00,79000.00,32000.00,80000.00,62000.00,24000.00,131000.00,82000.00,33000.00
2004 Q1,Wales,W92000004,168000.00,107000.00,44000.00,120000.00,76000.00,32000.00,122000.00,77000.00,33000.00,82000.00,62000.00,25000.00,131000.00,81000.00,33000.00
2004 Q2,Wales,W92000004,183000.00,114000.00,44000.00,131000.00,82000.00,33000.00,135000.00,83000.00,34000.00,91000.00,71000.00,26000.00,142000.00,86000.00,34000.00
2004 Q3,Wales,W92000004,192000.00,127000.00,48000.00,143000.00,89000.00,33000.00,147000.00,89000.00,35000.00,102000.00,79000.00,28000.00,155000.00,93000.00,36000.00
2004 Q4,Wales,W92000004,190000.00,116000.00,46000.00,144000.00,90000.00,33000.00,148000.00,89000.00,34000.00,106000.00,78000.00,28000.00,156000.00,93000.00,36000.00
2005 Q1,Wales,W92000004,189000.00,113000.00,50000.00,142000.00,88000.00,33000.00,146000.00,89000.00,34000.00,102000.00,80000.00,30000.00,156000.00,92000.00,36000.00
2005 Q2,Wales,W92000004,198000.00,121000.00,47000.00,147000.00,96000.00,33000.00,153000.00,96000.00,35000.00,109000.00,85000.00,29000.00,161000.00,100000.00,37000.00
2005 Q3,Wales,W92000004,198000.00,132000.00,48000.00,150000.00,99000.00,36000.00,154000.00,100000.00,37000.00,114000.00,92000.00,31000.00,166000.00,103000.00,40000.00
2005 Q4,Wales,W92000004,197000.00,132000.00,48000.00,145000.00,101000.00,40000.00,147000.00,102000.00,40000.00,106000.00,89000.00,32000.00,174000.00,111000.00,45000.00
2006 Q1,Wales,W92000004,209000.00,131000.00,65000.00,146000.00,100000.00,40000.00,148000.00,101000.00,41000.00,106000.00,89000.00,33000.00,174000.00,108000.00,46000.00
2006 Q2,Wales,W92000004,201000.00,131000.00,50000.00,152000.00,104000.00,39000.00,154000.00,105000.00,40000.00,112000.00,95000.00,33000.00,180000.00,111000.00,44000.00
2006 Q3,Wales,W92000004,198000.00,131000.00,47000.00,162000.00,109000.00,41000.00,164000.00,110000.00,42000.00,119000.00,99000.00,34000.00,189000.00,116000.00,46000.00
2006 Q4,Wales,W92000004,198000.00,132000.00,48000.00,162000.00,110000.00,43000.00,164000.00,111000.00,44000.00,117000.00,99000.00,34000.00,191000.00,118000.00,49000.00
2007 Q1,Wales,W92000004,193000.00,129000.00,46000.00,165000.00,111000.00,44000.00,167000.00,112000.00,45000.00,119000.00,100000.00,34000.00,194000.00,120000.00,51000.00
2007 Q2,Wales,W92000004,203000.00,132000.00,51000.00,163000.00,113000.00,42000.00,166000.00,114000.00,43000.00,121000.00,102000.00,34000.00,191000.00,122000.00,48000.00
2007 Q3,Wales,W92000004,211000.00,139000.00,51000.00,172000.00,116000.00,43000.00,174000.00,118000.00,44000.00,124000.00,103000.00,34000.00,201000.00,125000.00,49000.00
2007 Q4,Wales,W92000004,206000.00,139000.00,50000.00,169000.00,115000.00,42000.00,172000.00,117000.00,43000.00,124000.00,103000.00,34000.00,199000.00,125000.00,48000.00
2008 Q1,Wales,W92000004,217000.00,143000.00,51000.00,168000.00,113000.00,43000.00,171000.00,114000.00,43000.00,126000.00,102000.00,35000.00,194000.00,121000.00,47000.00
2008 Q2,Wales,W92000004,209000.00,135000.00,50000.00,166000.00,114000.00,44000.00,170000.00,115000.00,44000.00,126000.00,101000.00,35000.00,194000.00,123000.00,49000.00
2008 Q3,Wales,W92000004,201000.00,119000.00,44000.00,170000.00,110000.00,45000.00,172000.00,111000.00,45000.00,129000.00,99000.00,34000.00,194000.00,117000.00,50000.00
2008 Q4,Wales,W92000004,184000.00,120000.00,46000.00,165000.00,107000.00,46000.00,167000.00,108000.00,46000.00,123000.00,93000.00,35000.00,189000.00,116000.00,51000.00
2009 Q1,Wales,W92000004,161000.00,108000.00,38000.00,164000.00,103000.00,43000.00,164000.00,103000.00,43000.00,119000.00,90000.00,33000.00,189000.00,111000.00,49000.00
2009 Q2,Wales,W92000004,163000.00,111000.00,41000.00,160000.00,100000.00,43000.00,160000.00,101000.00,43000.00,122000.00,90000.00,33000.00,181000.00,108000.00,48000.00
2009 Q3,Wales,W92000004,184000.00,114000.00,45000.00,167000.00,105000.00,44000.00,168000.00,105000.00,44000.00,126000.00,90000.00,33000.00,189000.00,113000.00,49000.00
2009 Q4,Wales,W92000004,175000.00,109000.00,46000.00,170000.00,106000.00,44000.00,170000.00,106000.00,44000.00,127000.00,91000.00,35000.00,191000.00,113000.00,49000.00
2010 Q1,Wales,W92000004,180000.00,111000.00,43000.00,174000.00,109000.00,46000.00,174000.00,109000.00,46000.00,125000.00,90000.00,34000.00,195000.00,117000.00,51000.00
2010 Q2,Wales,W92000004,175000.00,117000.00,45000.00,169000.00,109000.00,44000.00,170000.00,110000.00,44000.00,126000.00,94000.00,35000.00,190000.00,117000.00,49000.00
2010 Q3,Wales,W92000004,179000.00,119000.00,48000.00,174000.00,112000.00,46000.00,175000.00,113000.00,46000.00,129000.00,97000.00,35000.00,197000.00,121000.00,51000.00
2010 Q4,Wales,W92000004,174000.00,117000.00,44000.00,167000.00,107000.00,44000.00,168000.00,108000.00,44000.00,126000.00,93000.00,35000.00,189000.00,116000.00,49000.00
2011 Q1,Wales,W92000004,174000.00,120000.00,44000.00,159000.00,105000.00,42000.00,160000.00,106000.00,43000.00,119000.00,90000.00,34000.00,183000.00,116000.00,48000.00
2011 Q2,Wales,W92000004,177000.00,122000.00,45000.00,159000.00,103000.00,42000.00,160000.00,105000.00,43000.00,121000.00,91000.00,34000.00,181000.00,112000.00,47000.00
2011 Q3,Wales,W92000004,192000.00,122000.00,46000.00,170000.00,110000.00,44000.00,172000.00,111000.00,45000.00,127000.00,94000.00,35000.00,194000.00,120000.00,50000.00
2011 Q4,Wales,W92000004,186000.00,118000.00,44000.00,164000.00,108000.00,45000.00,166000.00,109000.00,45000.00,123000.00,94000.00,34000.00,187000.00,117000.00,51000.00
2012 Q1,Wales,W92000004,190000.00,127000.00,47000.00,161000.00,107000.00,42000.00,163000.00,109000.00,43000.00,121000.00,95000.00,34000.00,187000.00,117000.00,48000.00
2012 Q2,Wales,W92000004,194000.00,126000.00,49000.00,158000.00,106000.00,43000.00,162000.00,108000.00,44000.00,117000.00,92000.00,34000.00,185000.00,117000.00,49000.00
2012 Q3,Wales,W92000004,184000.00,121000.00,49000.00,165000.00,111000.00,43000.00,167000.00,113000.00,44000.00,126000.00,98000.00,35000.00,192000.00,122000.00,50000.00
2012 Q4,Wales,W92000004,184000.00,122000.00,46000.00,165000.00,111000.00,44000.00,167000.00,113000.00,44000.00,123000.00,96000.00,34000.00,195000.00,123000.00,51000.00
2013 Q1,Wales,W92000004,186000.00,122000.00,49000.00,161000.00,109000.00,45000.00,164000.00,111000.00,45000.00,117000.00,94000.00,34000.00,197000.00,123000.00,54000.00
2013 Q2,Wales,W92000004,191000.00,121000.00,45000.00,162000.00,110000.00,45000.00,165000.00,112000.00,45000.00,125000.00,99000.00,36000.00,195000.00,121000.00,52000.00
2013 Q3,Wales,W92000004,195000.00,134000.00,54000.00,170000.00,115000.00,46000.00,172000.00,117000.00,46000.00,129000.00,102000.00,36000.00,201000.00,127000.00,53000.00
2013 Q4,Wales,W92000004,193000.00,133000.00,48000.00,172000.00,117000.00,45000.00,174000.00,119000.00,45000.00,129000.00,103000.00,35000.00,205000.00,130000.00,52000.00
2014 Q1,Wales,W92000004,207000.00,140000.00,54000.00,171000.00,117000.00,45000.00,174000.00,119000.00,46000.00,133000.00,105000.00,36000.00,202000.00,129000.00,52000.00
2014 Q2,Wales,W92000004,199000.00,136000.00,53000.00,170000.00,117000.00,44000.00,173000.00,120000.00,45000.00,129000.00,104000.00,36000.00,206000.00,131000.00,52000.00
2014 Q3,Wales,W92000004,209000.00,145000.00,57000.00,181000.00,124000.00,47000.00,184000.00,127000.00,48000.00,137000.00,109000.00,38000.00,217000.00,139000.00,56000.00
2014 Q4,Wales,W92000004,196000.00,138000.00,52000.00,178000.00,122000.00,47000.00,181000.00,125000.00,47000.00,134000.00,107000.00,37000.00,214000.00,137000.00,55000.00
2015 Q1,Wales,W92000004,196000.00,133000.00,52000.00,177000.00,126000.00,48000.00,180000.00,127000.00,48000.00,136000.00,108000.00,37000.00,213000.00,142000.00,57000.00
2015 Q2,Wales,W92000004,198000.00,137000.00,51000.00,168000.00,121000.00,45000.00,174000.00,124000.00,46000.00,136000.00,108000.00,37000.00,208000.00,138000.00,55000.00
2015 Q3,Wales,W92000004,205000.00,141000.00,50000.00,176000.00,126000.00,46000.00,179000.00,127000.00,46000.00,137000.00,110000.00,37000.00,217000.00,143000.00,55000.00
2015 Q4,Wales,W92000004,203000.00,142000.00,50000.00,177000.00,127000.00,46000.00,182000.00,129000.00,48000.00,138000.00,112000.00,38000.00,218000.00,143000.00,56000.00
2016 Q1,Wales,W92000004,215000.00,148000.00,53000.00,178000.00,128000.00,48000.00,181000.00,130000.00,48000.00,138000.00,113000.00,39000.00,216000.00,144000.00,56000.00
2016 Q2,Wales,W92000004,219000.00,154000.00,52000.00,172000.00,124000.00,45000.00,177000.00,128000.00,45000.00,140000.00,113000.00,38000.00,218000.00,144000.00,54000.00
2016 Q3,Wales,W92000004,218000.00,152000.00,52000.00,182000.00,130000.00,47000.00,185000.00,132000.00,47000.00,144000.00,117000.00,39000.00,225000.00,147000.00,56000.00
2016 Q4,Wales,W92000004,218000.00,150000.00,53000.00,180000.00,130000.00,47000.00,185000.00,132000.00,47000.00,142000.00,115000.00,38000.00,228000.00,150000.00,57000.00
2017 Q1,Wales,W92000004,227000.00,153000.00,50000.00,175000.00,127000.00,45000.00,180000.00,129000.00,45000.00,139000.00,113000.00,36000.00,222000.00,146000.00,55000.00
2017 Q2,Wales,W92000004,225000.00,154000.00,50000.00,178000.00,129000.00,46000.00,183000.00,132000.00,46000.00,143000.00,115000.00,37000.00,224000.00,150000.00,55000.00
2017 Q3,Wales,W92000004,228000.00,155000.00,54000.00,183000.00,134000.00,46000.00,187000.00,135000.00,47000.00,143000.00,117000.00,38000.00,231000.00,154000.00,57000.00
2017 Q4,Wales,W92000004,227000.00,158000.00,52000.00,180000.00,130000.00,45000.00,185000.00,133000.00,45000.00,143000.00,116000.00,37000.00,231000.00,152000.00,55000.00
2018 Q1,Wales,W92000004,233000.00,160000.00,51000.00,185000.00,135000.00,46000.00,190000.00,138000.00,47000.00,147000.00,119000.00,38000.00,236000.00,157000.00,55000.00
2018 Q2,Wales,W92000004,235000.00,163000.00,52000.00,176000.00,129000.00,44000.00,183000.00,133000.00,45000.00,143000.00,116000.00,37000.00,224000.00,151000.00,54000.00
2018 Q3,Wales,W92000004,237000.00,165000.00,55000.00,186000.00,136000.00,46000.00,190000.00,138000.00,47000.00,147000.00,121000.00,38000.00,233000.00,156000.00,56000.00
2018 Q4,Wales,W92000004,223000.00,157000.00,50000.00,183000.00,133000.00,45000.00,188000.00,136000.00,45000.00,145000.00,119000.00,37000.00,235000.00,156000.00,55000.00
2019 Q1,Wales,W92000004,221000.00,156000.00,50000.00,182000.00,134000.00,45000.00,186000.00,137000.00,46000.00,146000.00,120000.00,38000.00,229000.00,155000.00,55000.00
2019 Q2,Wales,W92000004,237000.00,168000.00,52000.00,180000.00,135000.00,45000.00,187000.00,139000.00,46000.00,148000.00,122000.00,38000.00,231000.00,157000.00,54000.00
2019 Q3,Wales,W92000004,234000.00,164000.00,51000.00,186000.00,139000.00,47000.00,190000.00,141000.00,47000.00,151000.00,125000.00,39000.00,234000.00,159000.00,55000.00
2019 Q4,Wales,W92000004,240000.00,168000.00,54000.00,190000.00,141000.00,47000.00,197000.00,145000.00,48000.00,152000.00,126000.00,39000.00,241000.00,163000.00,57000.00
2020 Q1,Wales,W92000004,248000.00,175000.00,56000.00,188000.00,140000.00,47000.00,193000.00,143000.00,48000.00,152000.00,126000.00,39000.00,236000.00,161000.00,57000.00
2020 Q2,Wales,W92000004,225000.00,165000.00,55000.00,181000.00,138000.00,46000.00,185000.00,140000.00,46000.00,150000.00,125000.00,39000.00,231000.00,160000.00,56000.00
2020 Q3,Wales,W92000004,252000.00,175000.00,57000.00,201000.00,147000.00,49000.00,207000.00,150000.00,50000.00,161000.00,130000.00,41000.00,254000.00,171000.00,60000.00
2020 Q4,Wales,W92000004,250000.00,170000.00,56000.00,215000.00,152000.00,51000.00,219000.00,154000.00,51000.00,167000.00,132000.00,41000.00,267000.00,176000.00,61000.00
2021 Q1,Wales,W92000004,267000.00,179000.00,58000.00,224000.00,156000.00,52000.00,227000.00,158000.00,52000.00,169000.00,132000.00,41000.00,276000.00,179000.00,61000.00
2021 Q2,Wales,W92000004,268000.00,181000.00,57000.00,223000.00,156000.00,51000.00,227000.00,158000.00,52000.00,172000.00,136000.00,42000.00,278000.00,178000.00,61000.00
2021 Q3,Wales,W92000004,265000.00,180000.00,57000.00,213000.00,152000.00,50000.00,217000.00,154000.00,50000.00,164000.00,134000.00,41000.00,274000.00,177000.00,61000.00
2021 Q4,Wales,W92000004,283000.00,190000.00,57000.00,224000.00,161000.00,51000.00,229000.00,163000.00,52000.00,172000.00,140000.00,42000.00,291000.00,188000.00,62000.00
2022 Q1,Wales,W92000004,296000.00,198000.00,63000.00,225000.00,160000.00,51000.00,230000.00,163000.00,52000.00,176000.00,144000.00,43000.00,290000.00,184000.00,62000.00
2022 Q2,Wales,W92000004,303000.00,213000.00,62000.00,235000.00,168000.00,53000.00,242000.00,172000.00,54000.00,185000.00,151000.00,44000.00,305000.00,196000.00,65000.00
2022 Q3,Wales,W92000004,303000.00,208000.00,62000.00,244000.00,173000.00,54000.00,249000.00,176000.00,55000.00,190000.00,155000.00,46000.00,311000.00,198000.00,65000.00
2022 Q4,Wales,W92000004,297000.00,205000.00,62000.00,237000.00,169000.00,54000.00,244000.00,174000.00,55000.00,190000.00,155000.00,47000.00,308000.00,195000.00,64000.00
2023 Q1,Wales,W92000004,292000.00,201000.00,62000.00,232000.00,162000.00,54000.00,237000.00,165000.00,55000.00,182000.00,146000.00,46000.00,300000.00,186000.00,65000.00
2023 Q2,Wales,W92000004,315000.00,213000.00,69000.00,226000.00,160000.00,55000.00,235000.00,165000.00,56000.00,186000.00,149000.00,47000.00,293000.00,184000.00,67000.00
2023 Q3,Wales,W92000004,291000.00,197000.00,65000.00,231000.00,164000.00,57000.00,235000.00,166000.00,57000.00,186000.00,151000.00,49000.00,297000.00,185000.00,68000.00
2023 Q4,Wales,W92000004,301000.00,209000.00,72000.00,229000.00,158000.00,57000.00,236000.00,163000.00,58000.00,184000.00,148000.00,49000.00,301000.00,182000.00,70000.00
2024 Q1,Wales,W92000004,294000.00,204000.00,74000.00,221000.00,158000.00,57000.00,226000.00,161000.00,58000.00,182000.00,148000.00,50000.00,286000.00,180000.00,69000.00
2024 Q2,Wales,W92000004,296000.00,208000.00,71000.00,230000.00,167000.00,58000.00,237000.00,171000.00,59000.00,191000.00,156000.00,50000.00,298000.00,191000.00,72000.00
2024 Q3,Wales,W92000004,295000.00,210000.00,68000.00,240000.00,170000.00,59000.00,243000.00,173000.00,60000.00,192000.00,158000.00,51000.00,309000.00,192000.00,71000.00
2024 Q4,Wales,W92000004,296000.00,214000.00,68000.00,238000.00,172000.00,59000.00,243000.00,175000.00,60000.00,194000.00,160000.00,51000.00,303000.00,195000.00,71000.00
2025 Q1,Wales,W92000004,300000.00,212000.00,68000.00,240000.00,174000.00,60000.00,243000.00,176000.00,60000.00,194000.00,160000.00,51000.00,302000.00,195000.00,71000.00
2025 Q2,Wales,W92000004,318000.00,229000.00,72000.00,238000.00,174000.00,57000.00,246000.00,179000.00,59000.00,196000.00,162000.00,51000.00,308000.00,201000.00,69000.00
2025 Q3,Wales,W92000004,315000.00,228000.00,74000.00,247000.00,181000.00,59000.00,251000.00,183000.00,60000.00,198000.00,164000.00,51000.00,318000.00,207000.00,72000.00
2025 Q4,Wales,W92000004,321000.00,233000.00,73000.00,248000.00,180000.00,60000.00,253000.00,184000.00,61000.00,200000.00,165000.00,51000.00,316000.00,206000.00,72000.00
2026 Q1,Wales,W92000004,332000.00,233000.00,72000.00,249000.00,183000.00,60000.00,253000.00,185000.00,60000.00,202000.00,168000.00,52000.00,314000.00,207000.00,71000.00
1992 Q1,Scotland,S92000003,[x],[x],[x],[x],[x],[x],[x],[x],[x],[x],[x],[x],[x],[x],[x]
1992 Q2,Scotland,S92000003,69000.00,50000.00,25000.00,48000.00,35000.00,19000.00,51000.00,37000.00,20000.00,32000.00,27000.00,15000.00,65000.00,44000.00,24000.00
1992 Q3,Scotland,S92000003,72000.00,46000.00,37000.00,50000.00,36000.00,20000.00,52000.00,37000.00,22000.00,34000.00,28000.00,16000.00,69000.00,45000.00,27000.00
1992 Q4,Scotland,S92000003,77000.00,54000.00,26000.00,46000.00,34000.00,19000.00,50000.00,36000.00,20000.00,32000.00,27000.00,15000.00,71000.00,47000.00,26000.00
1993 Q1,Scotland,S92000003,67000.00,42000.00,23000.00,39000.00,30000.00,18000.00,42000.00,31000.00,18000.00,29000.00,24000.00,15000.00,64000.00,44000.00,24000.00
1993 Q2,Scotland,S92000003,83000.00,55000.00,26000.00,49000.00,36000.00,19000.00,53000.00,38000.00,20000.00,38000.00,30000.00,17000.00,69000.00,47000.00,24000.00
1993 Q3,Scotland,S92000003,76000.00,54000.00,25000.00,49000.00,37000.00,19000.00,52000.00,39000.00,19000.00,36000.00,30000.00,16000.00,69000.00,49000.00,24000.00
1993 Q4,Scotland,S92000003,69000.00,51000.00,23000.00,46000.00,35000.00,18000.00,49000.00,37000.00,19000.00,36000.00,29000.00,15000.00,69000.00,49000.00,24000.00
1994 Q1,Scotland,S92000003,68000.00,52000.00,24000.00,41000.00,32000.00,18000.00,44000.00,34000.00,18000.00,33000.00,27000.00,15000.00,65000.00,46000.00,25000.00
1994 Q2,Scotland,S92000003,75000.00,51000.00,26000.00,51000.00,38000.00,20000.00,54000.00,39000.00,20000.00,38000.00,32000.00,17000.00,70000.00,47000.00,24000.00
1994 Q3,Scotland,S92000003,77000.00,52000.00,25000.00,51000.00,39000.00,20000.00,54000.00,40000.00,21000.00,37000.00,31000.00,16000.00,74000.00,51000.00,26000.00
1994 Q4,Scotland,S92000003,64000.00,49000.00,23000.00,47000.00,35000.00,20000.00,49000.00,37000.00,20000.00,36000.00,30000.00,17000.00,70000.00,49000.00,26000.00
1995 Q1,Scotland,S92000003,66000.00,48000.00,24000.00,44000.00,36000.00,19000.00,47000.00,38000.00,19000.00,35000.00,32000.00,17000.00,66000.00,47000.00,24000.00
1995 Q2,Scotland,S92000003,74000.00,54000.00,26000.00,46000.00,37000.00,19000.00,50000.00,39000.00,20000.00,37000.00,33000.00,17000.00,68000.00,47000.00,25000.00
1995 Q3,Scotland,S92000003,82000.00,57000.00,27000.00,54000.00,41000.00,21000.00,57000.00,43000.00,22000.00,37000.00,34000.00,17000.00,78000.00,52000.00,27000.00
1995 Q4,Scotland,S92000003,78000.00,53000.00,26000.00,53000.00,40000.00,21000.00,57000.00,42000.00,22000.00,37000.00,32000.00,17000.00,77000.00,51000.00,26000.00
1996 Q1,Scotland,S92000003,70000.00,54000.00,26000.00,53000.00,40000.00,20000.00,55000.00,41000.00,21000.00,34000.00,31000.00,16000.00,82000.00,54000.00,27000.00
1996 Q2,Scotland,S92000003,68000.00,51000.00,22000.00,55000.00,42000.00,22000.00,57000.00,43000.00,22000.00,40000.00,36000.00,17000.00,71000.00,49000.00,25000.00
1996 Q3,Scotland,S92000003,73000.00,55000.00,26000.00,57000.00,42000.00,22000.00,59000.00,44000.00,22000.00,42000.00,36000.00,18000.00,74000.00,51000.00,26000.00
1996 Q4,Scotland,S92000003,74000.00,52000.00,28000.00,54000.00,41000.00,21000.00,55000.00,41000.00,22000.00,34000.00,32000.00,16000.00,82000.00,54000.00,29000.00
1997 Q1,Scotland,S92000003,91000.00,58000.00,30000.00,49000.00,38000.00,20000.00,52000.00,39000.00,21000.00,33000.00,31000.00,16000.00,75000.00,49000.00,26000.00
1997 Q2,Scotland,S92000003,75000.00,54000.00,26000.00,58000.00,43000.00,23000.00,60000.00,45000.00,23000.00,39000.00,36000.00,18000.00,77000.00,51000.00,27000.00
1997 Q3,Scotland,S92000003,77000.00,59000.00,27000.00,55000.00,41000.00,21000.00,58000.00,44000.00,22000.00,39000.00,35000.00,18000.00,81000.00,54000.00,28000.00
1997 Q4,Scotland,S92000003,79000.00,57000.00,28000.00,56000.00,42000.00,22000.00,59000.00,44000.00,23000.00,41000.00,36000.00,19000.00,79000.00,54000.00,27000.00
1998 Q1,Scotland,S92000003,83000.00,61000.00,36000.00,49000.00,38000.00,20000.00,54000.00,41000.00,22000.00,37000.00,33000.00,19000.00,77000.00,52000.00,26000.00
1998 Q2,Scotland,S92000003,75000.00,58000.00,29000.00,61000.00,46000.00,23000.00,63000.00,48000.00,24000.00,47000.00,40000.00,19000.00,80000.00,56000.00,28000.00
1998 Q3,Scotland,S92000003,76000.00,53000.00,27000.00,68000.00,50000.00,26000.00,69000.00,50000.00,26000.00,56000.00,45000.00,22000.00,81000.00,55000.00,30000.00
1998 Q4,Scotland,S92000003,95000.00,67000.00,33000.00,62000.00,47000.00,23000.00,67000.00,50000.00,25000.00,55000.00,44000.00,22000.00,80000.00,57000.00,29000.00
1999 Q1,Scotland,S92000003,86000.00,59000.00,28000.00,59000.00,46000.00,23000.00,63000.00,48000.00,24000.00,52000.00,41000.00,21000.00,79000.00,57000.00,29000.00
1999 Q2,Scotland,S92000003,92000.00,62000.00,33000.00,63000.00,48000.00,25000.00,67000.00,50000.00,26000.00,54000.00,44000.00,21000.00,79000.00,56000.00,30000.00
1999 Q3,Scotland,S92000003,91000.00,71000.00,32000.00,70000.00,52000.00,26000.00,73000.00,55000.00,27000.00,60000.00,49000.00,23000.00,86000.00,61000.00,31000.00
1999 Q4,Scotland,S92000003,90000.00,63000.00,31000.00,68000.00,50000.00,25000.00,72000.00,53000.00,26000.00,56000.00,44000.00,21000.00,89000.00,62000.00,32000.00
2000 Q1,Scotland,S92000003,90000.00,65000.00,34000.00,63000.00,50000.00,24000.00,66000.00,52000.00,25000.00,51000.00,42000.00,20000.00,87000.00,65000.00,32000.00
2000 Q2,Scotland,S92000003,95000.00,72000.00,34000.00,67000.00,52000.00,27000.00,72000.00,55000.00,28000.00,56000.00,46000.00,23000.00,89000.00,65000.00,33000.00
2000 Q3,Scotland,S92000003,93000.00,66000.00,32000.00,67000.00,51000.00,26000.00,70000.00,53000.00,27000.00,54000.00,44000.00,22000.00,86000.00,62000.00,32000.00
2000 Q4,Scotland,S92000003,91000.00,66000.00,35000.00,66000.00,50000.00,26000.00,70000.00,53000.00,27000.00,55000.00,46000.00,23000.00,81000.00,58000.00,31000.00
2001 Q1,Scotland,S92000003,106000.00,80000.00,35000.00,67000.00,50000.00,25000.00,71000.00,54000.00,26000.00,53000.00,44000.00,22000.00,90000.00,62000.00,30000.00
2001 Q2,Scotland,S92000003,96000.00,73000.00,35000.00,68000.00,51000.00,26000.00,73000.00,55000.00,27000.00,60000.00,47000.00,23000.00,82000.00,61000.00,31000.00
2001 Q3,Scotland,S92000003,100000.00,77000.00,35000.00,72000.00,56000.00,28000.00,76000.00,59000.00,29000.00,57000.00,47000.00,23000.00,88000.00,67000.00,34000.00
2001 Q4,Scotland,S92000003,95000.00,73000.00,35000.00,70000.00,53000.00,28000.00,74000.00,56000.00,29000.00,64000.00,50000.00,23000.00,79000.00,60000.00,32000.00
2002 Q1,Scotland,S92000003,100000.00,77000.00,36000.00,65000.00,53000.00,26000.00,68000.00,55000.00,27000.00,63000.00,53000.00,23000.00,71000.00,56000.00,29000.00
2002 Q2,Scotland,S92000003,108000.00,77000.00,36000.00,73000.00,56000.00,28000.00,77000.00,59000.00,29000.00,64000.00,52000.00,24000.00,84000.00,63000.00,31000.00
2002 Q3,Scotland,S92000003,113000.00,81000.00,36000.00,74000.00,57000.00,28000.00,79000.00,60000.00,29000.00,69000.00,57000.00,27000.00,85000.00,62000.00,30000.00
2002 Q4,Scotland,S92000003,118000.00,88000.00,40000.00,76000.00,57000.00,28000.00,82000.00,61000.00,29000.00,69000.00,56000.00,25000.00,87000.00,64000.00,31000.00
2003 Q1,Scotland,S92000003,120000.00,79000.00,37000.00,74000.00,57000.00,28000.00,79000.00,59000.00,29000.00,71000.00,57000.00,24000.00,82000.00,60000.00,31000.00
2003 Q2,Scotland,S92000003,141000.00,99000.00,42000.00,82000.00,61000.00,29000.00,89000.00,65000.00,31000.00,66000.00,54000.00,26000.00,97000.00,70000.00,32000.00
2003 Q3,Scotland,S92000003,143000.00,96000.00,45000.00,100000.00,70000.00,32000.00,104000.00,73000.00,33000.00,69000.00,52000.00,23000.00,109000.00,76000.00,34000.00
2003 Q4,Scotland,S92000003,145000.00,100000.00,43000.00,105000.00,72000.00,32000.00,108000.00,75000.00,33000.00,72000.00,56000.00,24000.00,115000.00,79000.00,34000.00
2004 Q1,Scotland,S92000003,147000.00,106000.00,45000.00,107000.00,70000.00,34000.00,111000.00,73000.00,34000.00,73000.00,57000.00,24000.00,118000.00,77000.00,35000.00
2004 Q2,Scotland,S92000003,152000.00,105000.00,50000.00,111000.00,72000.00,32000.00,114000.00,74000.00,33000.00,82000.00,64000.00,25000.00,121000.00,79000.00,34000.00
2004 Q3,Scotland,S92000003,168000.00,111000.00,50000.00,121000.00,77000.00,33000.00,125000.00,79000.00,34000.00,84000.00,65000.00,24000.00,130000.00,85000.00,33000.00
2004 Q4,Scotland,S92000003,163000.00,110000.00,48000.00,121000.00,77000.00,33000.00,126000.00,79000.00,35000.00,79000.00,60000.00,24000.00,133000.00,87000.00,35000.00
2005 Q1,Scotland,S92000003,170000.00,108000.00,46000.00,120000.00,76000.00,34000.00,124000.00,77000.00,35000.00,81000.00,61000.00,24000.00,132000.00,83000.00,36000.00
2005 Q2,Scotland,S92000003,177000.00,111000.00,48000.00,130000.00,82000.00,36000.00,136000.00,84000.00,37000.00,91000.00,70000.00,26000.00,141000.00,89000.00,37000.00
2005 Q3,Scotland,S92000003,179000.00,118000.00,48000.00,132000.00,87000.00,37000.00,136000.00,89000.00,38000.00,88000.00,71000.00,27000.00,153000.00,99000.00,41000.00
2005 Q4,Scotland,S92000003,178000.00,127000.00,49000.00,118000.00,89000.00,36000.00,122000.00,91000.00,36000.00,82000.00,71000.00,29000.00,155000.00,108000.00,43000.00
2006 Q1,Scotland,S92000003,188000.00,130000.00,50000.00,122000.00,90000.00,37000.00,125000.00,92000.00,38000.00,85000.00,71000.00,29000.00,160000.00,110000.00,46000.00
2006 Q2,Scotland,S92000003,186000.00,129000.00,49000.00,130000.00,97000.00,40000.00,133000.00,98000.00,40000.00,91000.00,77000.00,31000.00,165000.00,115000.00,47000.00
2006 Q3,Scotland,S92000003,189000.00,130000.00,48000.00,142000.00,102000.00,40000.00,145000.00,104000.00,41000.00,97000.00,81000.00,32000.00,178000.00,120000.00,47000.00
2006 Q4,Scotland,S92000003,197000.00,140000.00,54000.00,141000.00,103000.00,40000.00,146000.00,106000.00,41000.00,99000.00,84000.00,32000.00,178000.00,122000.00,48000.00
2007 Q1,Scotland,S92000003,200000.00,138000.00,51000.00,143000.00,105000.00,40000.00,148000.00,108000.00,41000.00,101000.00,84000.00,32000.00,182000.00,125000.00,48000.00
2007 Q2,Scotland,S92000003,208000.00,142000.00,52000.00,152000.00,110000.00,42000.00,157000.00,113000.00,43000.00,110000.00,92000.00,33000.00,186000.00,126000.00,48000.00
2007 Q3,Scotland,S92000003,206000.00,141000.00,51000.00,161000.00,115000.00,43000.00,165000.00,117000.00,44000.00,112000.00,93000.00,34000.00,196000.00,131000.00,49000.00
2007 Q4,Scotland,S92000003,219000.00,151000.00,54000.00,160000.00,113000.00,43000.00,166000.00,117000.00,44000.00,111000.00,92000.00,34000.00,197000.00,131000.00,50000.00
2008 Q1,Scotland,S92000003,218000.00,142000.00,50000.00,156000.00,110000.00,43000.00,161000.00,112000.00,43000.00,112000.00,91000.00,34000.00,192000.00,126000.00,49000.00
2008 Q2,Scotland,S92000003,225000.00,146000.00,53000.00,168000.00,116000.00,45000.00,173000.00,119000.00,45000.00,119000.00,93000.00,35000.00,201000.00,132000.00,51000.00
2008 Q3,Scotland,S92000003,229000.00,137000.00,55000.00,166000.00,110000.00,45000.00,171000.00,112000.00,45000.00,119000.00,89000.00,35000.00,202000.00,126000.00,51000.00
2008 Q4,Scotland,S92000003,218000.00,137000.00,54000.00,163000.00,109000.00,45000.00,169000.00,112000.00,46000.00,118000.00,87000.00,34000.00,200000.00,127000.00,53000.00
2009 Q1,Scotland,S92000003,201000.00,127000.00,49000.00,156000.00,103000.00,46000.00,160000.00,105000.00,46000.00,114000.00,84000.00,34000.00,191000.00,119000.00,54000.00
2009 Q2,Scotland,S92000003,196000.00,124000.00,50000.00,163000.00,106000.00,46000.00,168000.00,109000.00,46000.00,121000.00,87000.00,34000.00,195000.00,121000.00,53000.00
2009 Q3,Scotland,S92000003,201000.00,123000.00,50000.00,182000.00,114000.00,49000.00,183000.00,115000.00,49000.00,130000.00,90000.00,36000.00,209000.00,127000.00,56000.00
2009 Q4,Scotland,S92000003,210000.00,131000.00,54000.00,184000.00,117000.00,49000.00,186000.00,118000.00,50000.00,131000.00,92000.00,37000.00,211000.00,130000.00,56000.00
2010 Q1,Scotland,S92000003,209000.00,127000.00,53000.00,180000.00,116000.00,48000.00,184000.00,117000.00,49000.00,122000.00,85000.00,34000.00,214000.00,133000.00,56000.00
2010 Q2,Scotland,S92000003,200000.00,130000.00,51000.00,183000.00,118000.00,49000.00,185000.00,120000.00,49000.00,129000.00,93000.00,36000.00,211000.00,132000.00,55000.00
2010 Q3,Scotland,S92000003,200000.00,129000.00,50000.00,188000.00,123000.00,51000.00,190000.00,124000.00,51000.00,129000.00,94000.00,36000.00,219000.00,138000.00,58000.00
2010 Q4,Scotland,S92000003,216000.00,141000.00,56000.00,177000.00,117000.00,49000.00,181000.00,120000.00,50000.00,122000.00,89000.00,36000.00,210000.00,136000.00,57000.00
2011 Q1,Scotland,S92000003,195000.00,130000.00,51000.00,169000.00,113000.00,48000.00,171000.00,115000.00,48000.00,119000.00,88000.00,34000.00,202000.00,131000.00,56000.00
2011 Q2,Scotland,S92000003,215000.00,143000.00,54000.00,178000.00,117000.00,50000.00,182000.00,121000.00,50000.00,125000.00,91000.00,36000.00,210000.00,135000.00,58000.00
2011 Q3,Scotland,S92000003,224000.00,144000.00,59000.00,187000.00,123000.00,51000.00,188000.00,125000.00,52000.00,130000.00,97000.00,38000.00,216000.00,138000.00,59000.00
2011 Q4,Scotland,S92000003,218000.00,146000.00,57000.00,176000.00,118000.00,48000.00,179000.00,121000.00,49000.00,123000.00,92000.00,36000.00,209000.00,136000.00,56000.00
2012 Q1,Scotland,S92000003,220000.00,151000.00,59000.00,172000.00,118000.00,49000.00,175000.00,121000.00,50000.00,127000.00,97000.00,37000.00,203000.00,135000.00,57000.00
2012 Q2,Scotland,S92000003,220000.00,151000.00,57000.00,174000.00,119000.00,50000.00,179000.00,122000.00,50000.00,122000.00,95000.00,38000.00,209000.00,137000.00,57000.00
2012 Q3,Scotland,S92000003,213000.00,141000.00,54000.00,181000.00,122000.00,51000.00,184000.00,125000.00,51000.00,126000.00,97000.00,38000.00,219000.00,141000.00,59000.00
2012 Q4,Scotland,S92000003,228000.00,154000.00,59000.00,179000.00,124000.00,50000.00,184000.00,127000.00,52000.00,129000.00,99000.00,38000.00,213000.00,142000.00,59000.00
2013 Q1,Scotland,S92000003,204000.00,143000.00,55000.00,171000.00,118000.00,50000.00,173000.00,120000.00,50000.00,123000.00,95000.00,37000.00,207000.00,137000.00,59000.00
2013 Q2,Scotland,S92000003,213000.00,148000.00,59000.00,175000.00,124000.00,51000.00,178000.00,126000.00,52000.00,128000.00,102000.00,38000.00,211000.00,142000.00,60000.00
2013 Q3,Scotland,S92000003,221000.00,152000.00,56000.00,185000.00,129000.00,52000.00,187000.00,131000.00,53000.00,133000.00,105000.00,39000.00,219000.00,146000.00,60000.00
2013 Q4,Scotland,S92000003,228000.00,157000.00,61000.00,183000.00,127000.00,52000.00,187000.00,130000.00,52000.00,133000.00,103000.00,39000.00,219000.00,146000.00,60000.00
2014 Q1,Scotland,S92000003,216000.00,159000.00,60000.00,177000.00,124000.00,50000.00,179000.00,127000.00,51000.00,126000.00,99000.00,38000.00,216000.00,146000.00,60000.00
2014 Q2,Scotland,S92000003,216000.00,155000.00,60000.00,186000.00,130000.00,52000.00,190000.00,134000.00,53000.00,136000.00,107000.00,40000.00,222000.00,150000.00,61000.00
2014 Q3,Scotland,S92000003,224000.00,162000.00,63000.00,197000.00,134000.00,54000.00,201000.00,139000.00,55000.00,136000.00,114000.00,42000.00,236000.00,154000.00,63000.00
2014 Q4,Scotland,S92000003,227000.00,159000.00,63000.00,189000.00,131000.00,53000.00,195000.00,136000.00,54000.00,144000.00,113000.00,42000.00,225000.00,150000.00,61000.00
2015 Q1,Scotland,S92000003,261000.00,177000.00,74000.00,203000.00,142000.00,57000.00,210000.00,146000.00,59000.00,143000.00,113000.00,43000.00,256000.00,169000.00,69000.00
2015 Q2,Scotland,S92000003,211000.00,152000.00,55000.00,174000.00,128000.00,51000.00,181000.00,133000.00,52000.00,141000.00,113000.00,41000.00,214000.00,148000.00,60000.00
2015 Q3,Scotland,S92000003,231000.00,164000.00,62000.00,187000.00,132000.00,52000.00,193000.00,136000.00,54000.00,142000.00,112000.00,41000.00,229000.00,153000.00,63000.00
2015 Q4,Scotland,S92000003,223000.00,159000.00,59000.00,181000.00,131000.00,52000.00,190000.00,137000.00,54000.00,140000.00,113000.00,42000.00,229000.00,155000.00,64000.00
2016 Q1,Scotland,S92000003,253000.00,178000.00,64000.00,174000.00,128000.00,51000.00,183000.00,134000.00,53000.00,134000.00,109000.00,40000.00,224000.00,154000.00,63000.00
2016 Q2,Scotland,S92000003,244000.00,173000.00,62000.00,173000.00,128000.00,48000.00,184000.00,135000.00,50000.00,137000.00,112000.00,40000.00,231000.00,158000.00,61000.00
2016 Q3,Scotland,S92000003,236000.00,169000.00,60000.00,184000.00,133000.00,51000.00,190000.00,137000.00,52000.00,142000.00,115000.00,40000.00,236000.00,158000.00,63000.00
2016 Q4,Scotland,S92000003,251000.00,177000.00,61000.00,182000.00,131000.00,51000.00,192000.00,138000.00,52000.00,142000.00,113000.00,40000.00,237000.00,159000.00,63000.00
2017 Q1,Scotland,S92000003,251000.00,179000.00,63000.00,168000.00,123000.00,47000.00,178000.00,130000.00,49000.00,133000.00,106000.00,38000.00,229000.00,156000.00,61000.00
2017 Q2,Scotland,S92000003,255000.00,180000.00,62000.00,172000.00,127000.00,47000.00,182000.00,133000.00,49000.00,136000.00,109000.00,38000.00,232000.00,159000.00,61000.00
2017 Q3,Scotland,S92000003,256000.00,180000.00,63000.00,183000.00,133000.00,50000.00,191000.00,138000.00,51000.00,139000.00,112000.00,39000.00,244000.00,165000.00,63000.00
2017 Q4,Scotland,S92000003,256000.00,181000.00,61000.00,176000.00,129000.00,47000.00,188000.00,137000.00,49000.00,142000.00,114000.00,39000.00,234000.00,159000.00,60000.00
2018 Q1,Scotland,S92000003,258000.00,183000.00,63000.00,177000.00,130000.00,48000.00,188000.00,137000.00,50000.00,142000.00,114000.00,39000.00,238000.00,163000.00,62000.00
2018 Q2,Scotland,S92000003,253000.00,176000.00,61000.00,178000.00,131000.00,48000.00,189000.00,138000.00,50000.00,146000.00,116000.00,40000.00,234000.00,160000.00,61000.00
2018 Q3,Scotland,S92000003,253000.00,178000.00,63000.00,185000.00,134000.00,49000.00,193000.00,139000.00,51000.00,145000.00,116000.00,40000.00,240000.00,163000.00,61000.00
2018 Q4,Scotland,S92000003,245000.00,177000.00,60000.00,182000.00,134000.00,49000.00,192000.00,141000.00,50000.00,148000.00,119000.00,40000.00,239000.00,164000.00,61000.00
2019 Q1,Scotland,S92000003,246000.00,182000.00,61000.00,177000.00,132000.00,47000.00,188000.00,140000.00,49000.00,144000.00,117000.00,39000.00,234000.00,164000.00,60000.00
2019 Q2,Scotland,S92000003,255000.00,187000.00,62000.00,177000.00,133000.00,48000.00,190000.00,141000.00,50000.00,143000.00,118000.00,39000.00,238000.00,166000.00,62000.00
2019 Q3,Scotland,S92000003,257000.00,187000.00,64000.00,186000.00,138000.00,50000.00,194000.00,144000.00,52000.00,147000.00,121000.00,41000.00,243000.00,168000.00,64000.00
2019 Q4,Scotland,S92000003,261000.00,189000.00,64000.00,185000.00,138000.00,50000.00,199000.00,147000.00,53000.00,148000.00,121000.00,41000.00,246000.00,171000.00,64000.00
2020 Q1,Scotland,S92000003,253000.00,185000.00,64000.00,180000.00,136000.00,50000.00,193000.00,144000.00,52000.00,148000.00,121000.00,41000.00,238000.00,168000.00,64000.00
2020 Q2,Scotland,S92000003,267000.00,193000.00,65000.00,184000.00,137000.00,49000.00,190000.00,142000.00,51000.00,146000.00,119000.00,40000.00,242000.00,169000.00,63000.00
2020 Q3,Scotland,S92000003,271000.00,195000.00,66000.00,195000.00,141000.00,52000.00,208000.00,150000.00,54000.00,157000.00,123000.00,42000.00,256000.00,176000.00,66000.00
2020 Q4,Scotland,S92000003,277000.00,198000.00,65000.00,208000.00,145000.00,53000.00,217000.00,152000.00,55000.00,162000.00,123000.00,42000.00,265000.00,177000.00,66000.00
2021 Q1,Scotland,S92000003,286000.00,199000.00,66000.00,213000.00,149000.00,54000.00,222000.00,156000.00,56000.00,165000.00,126000.00,43000.00,269000.00,180000.00,66000.00
2021 Q2,Scotland,S92000003,276000.00,198000.00,65000.00,193000.00,136000.00,49000.00,208000.00,147000.00,52000.00,157000.00,122000.00,40000.00,263000.00,175000.00,64000.00
2021 Q3,Scotland,S92000003,280000.00,199000.00,65000.00,211000.00,149000.00,53000.00,221000.00,156000.00,54000.00,164000.00,128000.00,42000.00,279000.00,184000.00,67000.00
2021 Q4,Scotland,S92000003,287000.00,208000.00,67000.00,209000.00,147000.00,52000.00,222000.00,158000.00,54000.00,168000.00,132000.00,43000.00,277000.00,183000.00,66000.00
2022 Q1,Scotland,S92000003,295000.00,213000.00,69000.00,210000.00,150000.00,52000.00,224000.00,160000.00,55000.00,169000.00,133000.00,43000.00,281000.00,188000.00,68000.00
2022 Q2,Scotland,S92000003,294000.00,219000.00,69000.00,211000.00,151000.00,53000.00,226000.00,164000.00,56000.00,176000.00,139000.00,45000.00,279000.00,189000.00,67000.00
2022 Q3,Scotland,S92000003,306000.00,226000.00,73000.00,222000.00,157000.00,55000.00,234000.00,167000.00,58000.00,176000.00,140000.00,46000.00,291000.00,193000.00,70000.00
2022 Q4,Scotland,S92000003,315000.00,233000.00,74000.00,218000.00,152000.00,56000.00,237000.00,168000.00,59000.00,178000.00,141000.00,47000.00,294000.00,194000.00,72000.00
2023 Q1,Scotland,S92000003,326000.00,233000.00,77000.00,209000.00,145000.00,55000.00,226000.00,158000.00,58000.00,172000.00,133000.00,46000.00,279000.00,181000.00,70000.00
2023 Q2,Scotland,S92000003,324000.00,224000.00,77000.00,213000.00,150000.00,58000.00,231000.00,162000.00,61000.00,177000.00,138000.00,49000.00,287000.00,187000.00,74000.00
2023 Q3,Scotland,S92000003,326000.00,224000.00,79000.00,220000.00,152000.00,59000.00,232000.00,160000.00,61000.00,173000.00,134000.00,48000.00,293000.00,187000.00,75000.00
2023 Q4,Scotland,S92000003,327000.00,221000.00,80000.00,215000.00,148000.00,60000.00,230000.00,158000.00,62000.00,170000.00,132000.00,48000.00,292000.00,185000.00,77000.00
2024 Q1,Scotland,S92000003,330000.00,230000.00,82000.00,213000.00,152000.00,60000.00,225000.00,161000.00,62000.00,171000.00,137000.00,49000.00,286000.00,187000.00,77000.00
2024 Q2,Scotland,S92000003,335000.00,233000.00,83000.00,216000.00,155000.00,60000.00,230000.00,164000.00,63000.00,176000.00,141000.00,50000.00,289000.00,189000.00,76000.00
2024 Q3,Scotland,S92000003,333000.00,236000.00,84000.00,227000.00,162000.00,64000.00,236000.00,168000.00,65000.00,177000.00,142000.00,50000.00,300000.00,197000.00,82000.00
2024 Q4,Scotland,S92000003,332000.00,241000.00,81000.00,224000.00,161000.00,62000.00,237000.00,171000.00,64000.00,181000.00,146000.00,51000.00,300000.00,198000.00,78000.00
2025 Q1,Scotland,S92000003,330000.00,243000.00,80000.00,223000.00,161000.00,61000.00,234000.00,170000.00,63000.00,183000.00,147000.00,51000.00,296000.00,197000.00,76000.00
2025 Q2,Scotland,S92000003,332000.00,246000.00,80000.00,222000.00,163000.00,61000.00,237000.00,174000.00,63000.00,185000.00,150000.00,52000.00,298000.00,201000.00,77000.00
2025 Q3,Scotland,S92000003,339000.00,250000.00,82000.00,234000.00,169000.00,62000.00,244000.00,177000.00,64000.00,187000.00,151000.00,52000.00,308000.00,206000.00,79000.00
2025 Q4,Scotland,S92000003,331000.00,244000.00,81000.00,231000.00,168000.00,62000.00,244000.00,178000.00,64000.00,186000.00,151000.00,51000.00,307000.00,207000.00,78000.00
2026 Q1,Scotland,S92000003,340000.00,255000.00,80000.00,226000.00,164000.00,60000.00,240000.00,176000.00,62000.00,187000.00,152000.00,50000.00,301000.00,203000.00,76000.00
1992 Q1,Northern Ireland,N92000001,[x],[x],[x],[x],[x],[x],[x],[x],[x],[x],[x],[x],[x],[x],[x]
1992 Q2,Northern Ireland,N92000001,54000.00,40000.00,23000.00,33000.00,25000.00,17000.00,37000.00,28000.00,18000.00,29000.00,23000.00,15000.00,47000.00,35000.00,21000.00
1992 Q3,Northern Ireland,N92000001,50000.00,35000.00,22000.00,37000.00,30000.00,17000.00,40000.00,31000.00,19000.00,33000.00,26000.00,15000.00,50000.00,37000.00,23000.00
1992 Q4,Northern Ireland,N92000001,53000.00,38000.00,23000.00,35000.00,28000.00,17000.00,39000.00,30000.00,18000.00,29000.00,24000.00,14000.00,50000.00,37000.00,23000.00
1993 Q1,Northern Ireland,N92000001,50000.00,36000.00,20000.00,32000.00,26000.00,15000.00,37000.00,28000.00,16000.00,30000.00,24000.00,15000.00,47000.00,34000.00,19000.00
1993 Q2,Northern Ireland,N92000001,57000.00,38000.00,20000.00,33000.00,26000.00,15000.00,37000.00,28000.00,16000.00,31000.00,24000.00,14000.00,48000.00,36000.00,20000.00
1993 Q3,Northern Ireland,N92000001,54000.00,37000.00,20000.00,36000.00,28000.00,17000.00,41000.00,31000.00,18000.00,31000.00,24000.00,14000.00,55000.00,40000.00,22000.00
1993 Q4,Northern Ireland,N92000001,51000.00,38000.00,18000.00,36000.00,27000.00,16000.00,40000.00,30000.00,17000.00,31000.00,24000.00,13000.00,54000.00,38000.00,22000.00
1994 Q1,Northern Ireland,N92000001,45000.00,34000.00,17000.00,34000.00,26000.00,15000.00,37000.00,28000.00,15000.00,29000.00,24000.00,13000.00,58000.00,40000.00,22000.00
1994 Q2,Northern Ireland,N92000001,48000.00,38000.00,18000.00,31000.00,27000.00,15000.00,36000.00,30000.00,16000.00,29000.00,25000.00,14000.00,50000.00,39000.00,19000.00
1994 Q3,Northern Ireland,N92000001,54000.00,36000.00,19000.00,34000.00,28000.00,15000.00,40000.00,30000.00,16000.00,32000.00,26000.00,14000.00,59000.00,39000.00,22000.00
1994 Q4,Northern Ireland,N92000001,56000.00,42000.00,19000.00,37000.00,30000.00,17000.00,43000.00,34000.00,18000.00,33000.00,28000.00,15000.00,55000.00,41000.00,22000.00
1995 Q1,Northern Ireland,N92000001,55000.00,40000.00,20000.00,37000.00,30000.00,17000.00,42000.00,33000.00,18000.00,36000.00,30000.00,17000.00,55000.00,38000.00,20000.00
1995 Q2,Northern Ireland,N92000001,60000.00,43000.00,22000.00,39000.00,30000.00,17000.00,43000.00,33000.00,18000.00,32000.00,29000.00,15000.00,60000.00,39000.00,23000.00
1995 Q3,Northern Ireland,N92000001,60000.00,46000.00,25000.00,40000.00,32000.00,17000.00,43000.00,34000.00,18000.00,34000.00,31000.00,16000.00,59000.00,41000.00,22000.00
1995 Q4,Northern Ireland,N92000001,56000.00,41000.00,23000.00,41000.00,33000.00,19000.00,43000.00,34000.00,19000.00,34000.00,30000.00,17000.00,57000.00,40000.00,22000.00
1996 Q1,Northern Ireland,N92000001,64000.00,47000.00,21000.00,38000.00,30000.00,17000.00,44000.00,34000.00,18000.00,33000.00,29000.00,16000.00,62000.00,42000.00,22000.00
1996 Q2,Northern Ireland,N92000001,64000.00,41000.00,24000.00,42000.00,32000.00,17000.00,47000.00,34000.00,19000.00,33000.00,30000.00,17000.00,62000.00,39000.00,22000.00
1996 Q3,Northern Ireland,N92000001,63000.00,47000.00,24000.00,43000.00,34000.00,18000.00,49000.00,37000.00,20000.00,37000.00,33000.00,17000.00,62000.00,43000.00,23000.00
1996 Q4,Northern Ireland,N92000001,63000.00,46000.00,24000.00,47000.00,36000.00,18000.00,52000.00,38000.00,20000.00,37000.00,32000.00,17000.00,69000.00,45000.00,23000.00
1997 Q1,Northern Ireland,N92000001,76000.00,48000.00,25000.00,47000.00,33000.00,18000.00,55000.00,37000.00,20000.00,36000.00,32000.00,16000.00,75000.00,42000.00,24000.00
1997 Q2,Northern Ireland,N92000001,62000.00,44000.00,22000.00,47000.00,36000.00,19000.00,51000.00,38000.00,20000.00,39000.00,34000.00,17000.00,68000.00,43000.00,24000.00
1997 Q3,Northern Ireland,N92000001,72000.00,51000.00,25000.00,46000.00,35000.00,20000.00,54000.00,40000.00,22000.00,39000.00,35000.00,18000.00,70000.00,46000.00,25000.00
1997 Q4,Northern Ireland,N92000001,65000.00,45000.00,21000.00,50000.00,37000.00,19000.00,54000.00,39000.00,20000.00,44000.00,37000.00,18000.00,68000.00,42000.00,22000.00
1998 Q1,Northern Ireland,N92000001,76000.00,52000.00,28000.00,44000.00,30000.00,17000.00,56000.00,38000.00,21000.00,41000.00,34000.00,17000.00,75000.00,44000.00,26000.00
1998 Q2,Northern Ireland,N92000001,70000.00,51000.00,25000.00,55000.00,40000.00,20000.00,59000.00,43000.00,22000.00,48000.00,39000.00,20000.00,74000.00,48000.00,25000.00
1998 Q3,Northern Ireland,N92000001,70000.00,46000.00,24000.00,56000.00,40000.00,19000.00,59000.00,41000.00,20000.00,50000.00,41000.00,19000.00,72000.00,42000.00,22000.00
1998 Q4,Northern Ireland,N92000001,78000.00,52000.00,27000.00,59000.00,42000.00,22000.00,64000.00,45000.00,23000.00,56000.00,41000.00,19000.00,77000.00,51000.00,30000.00
1999 Q1,Northern Ireland,N92000001,74000.00,51000.00,25000.00,58000.00,43000.00,20000.00,63000.00,45000.00,22000.00,54000.00,41000.00,20000.00,78000.00,50000.00,25000.00
1999 Q2,Northern Ireland,N92000001,69000.00,53000.00,25000.00,69000.00,46000.00,23000.00,69000.00,48000.00,23000.00,58000.00,46000.00,21000.00,84000.00,50000.00,26000.00
1999 Q3,Northern Ireland,N92000001,74000.00,52000.00,24000.00,62000.00,46000.00,24000.00,65000.00,47000.00,24000.00,53000.00,43000.00,21000.00,83000.00,54000.00,29000.00
1999 Q4,Northern Ireland,N92000001,82000.00,57000.00,26000.00,61000.00,43000.00,22000.00,68000.00,48000.00,24000.00,55000.00,43000.00,19000.00,83000.00,54000.00,29000.00
2000 Q1,Northern Ireland,N92000001,82000.00,58000.00,24000.00,61000.00,43000.00,23000.00,67000.00,47000.00,24000.00,55000.00,44000.00,21000.00,87000.00,54000.00,28000.00
2000 Q2,Northern Ireland,N92000001,86000.00,60000.00,28000.00,65000.00,49000.00,22000.00,70000.00,52000.00,24000.00,58000.00,48000.00,21000.00,86000.00,57000.00,27000.00
2000 Q3,Northern Ireland,N92000001,87000.00,60000.00,27000.00,67000.00,47000.00,23000.00,73000.00,51000.00,24000.00,60000.00,48000.00,21000.00,93000.00,57000.00,28000.00
2000 Q4,Northern Ireland,N92000001,94000.00,66000.00,29000.00,74000.00,49000.00,24000.00,79000.00,54000.00,25000.00,64000.00,51000.00,24000.00,99000.00,58000.00,28000.00
2001 Q1,Northern Ireland,N92000001,98000.00,65000.00,33000.00,70000.00,50000.00,24000.00,76000.00,54000.00,26000.00,63000.00,50000.00,22000.00,99000.00,60000.00,32000.00
2001 Q2,Northern Ireland,N92000001,99000.00,71000.00,29000.00,76000.00,51000.00,25000.00,84000.00,58000.00,27000.00,62000.00,51000.00,23000.00,109000.00,65000.00,31000.00
2001 Q3,Northern Ireland,N92000001,105000.00,71000.00,34000.00,79000.00,57000.00,26000.00,85000.00,60000.00,28000.00,68000.00,53000.00,24000.00,106000.00,70000.00,33000.00
2001 Q4,Northern Ireland,N92000001,90000.00,64000.00,28000.00,68000.00,50000.00,23000.00,74000.00,54000.00,24000.00,61000.00,50000.00,22000.00,90000.00,59000.00,27000.00
2002 Q1,Northern Ireland,N92000001,105000.00,77000.00,35000.00,74000.00,57000.00,23000.00,80000.00,61000.00,26000.00,67000.00,55000.00,22000.00,88000.00,63000.00,28000.00
2002 Q2,Northern Ireland,N92000001,95000.00,64000.00,27000.00,78000.00,58000.00,24000.00,79000.00,57000.00,24000.00,73000.00,58000.00,24000.00,83000.00,55000.00,25000.00
2002 Q3,Northern Ireland,N92000001,108000.00,76000.00,31000.00,85000.00,64000.00,28000.00,88000.00,64000.00,28000.00,77000.00,62000.00,28000.00,94000.00,64000.00,28000.00
2002 Q4,Northern Ireland,N92000001,118000.00,79000.00,59000.00,78000.00,59000.00,27000.00,88000.00,64000.00,35000.00,77000.00,60000.00,39000.00,95000.00,67000.00,31000.00
2003 Q1,Northern Ireland,N92000001,109000.00,73000.00,33000.00,77000.00,57000.00,24000.00,85000.00,60000.00,26000.00,76000.00,57000.00,24000.00,90000.00,60000.00,28000.00
2003 Q2,Northern Ireland,N92000001,116000.00,79000.00,36000.00,90000.00,64000.00,29000.00,93000.00,65000.00,30000.00,77000.00,61000.00,24000.00,104000.00,68000.00,34000.00
2003 Q3,Northern Ireland,N92000001,119000.00,81000.00,35000.00,99000.00,63000.00,27000.00,101000.00,66000.00,28000.00,72000.00,58000.00,22000.00,114000.00,68000.00,31000.00
2003 Q4,Northern Ireland,N92000001,117000.00,82000.00,38000.00,98000.00,65000.00,27000.00,101000.00,67000.00,28000.00,72000.00,58000.00,23000.00,114000.00,71000.00,31000.00
2004 Q1,Northern Ireland,N92000001,120000.00,81000.00,40000.00,101000.00,65000.00,28000.00,103000.00,68000.00,29000.00,72000.00,59000.00,22000.00,117000.00,70000.00,33000.00
2004 Q2,Northern Ireland,N92000001,131000.00,92000.00,40000.00,107000.00,70000.00,30000.00,109000.00,72000.00,31000.00,79000.00,64000.00,24000.00,121000.00,75000.00,33000.00
2004 Q3,Northern Ireland,N92000001,129000.00,89000.00,40000.00,109000.00,74000.00,29000.00,112000.00,77000.00,31000.00,83000.00,67000.00,26000.00,123000.00,80000.00,32000.00
2004 Q4,Northern Ireland,N92000001,130000.00,86000.00,38000.00,114000.00,76000.00,30000.00,116000.00,78000.00,31000.00,83000.00,68000.00,25000.00,130000.00,82000.00,34000.00
2005 Q1,Northern Ireland,N92000001,141000.00,85000.00,38000.00,120000.00,78000.00,32000.00,123000.00,79000.00,33000.00,93000.00,72000.00,26000.00,132000.00,81000.00,35000.00
2005 Q2,Northern Ireland,N92000001,142000.00,86000.00,36000.00,117000.00,81000.00,31000.00,123000.00,82000.00,33000.00,96000.00,74000.00,27000.00,134000.00,86000.00,35000.00
2005 Q3,Northern Ireland,N92000001,159000.00,97000.00,40000.00,129000.00,90000.00,35000.00,135000.00,91000.00,36000.00,102000.00,79000.00,28000.00,149000.00,97000.00,39000.00
2005 Q4,Northern Ireland,N92000001,160000.00,102000.00,42000.00,132000.00,93000.00,37000.00,137000.00,95000.00,38000.00,102000.00,83000.00,31000.00,156000.00,101000.00,41000.00
2006 Q1,Northern Ireland,N92000001,179000.00,107000.00,42000.00,136000.00,92000.00,37000.00,144000.00,95000.00,38000.00,101000.00,79000.00,30000.00,167000.00,103000.00,42000.00
2006 Q2,Northern Ireland,N92000001,192000.00,117000.00,45000.00,150000.00,100000.00,38000.00,157000.00,103000.00,40000.00,110000.00,86000.00,31000.00,180000.00,112000.00,44000.00
2006 Q3,Northern Ireland,N92000001,215000.00,125000.00,48000.00,174000.00,113000.00,41000.00,182000.00,115000.00,43000.00,128000.00,99000.00,33000.00,203000.00,122000.00,46000.00
2006 Q4,Northern Ireland,N92000001,222000.00,131000.00,47000.00,188000.00,118000.00,44000.00,194000.00,120000.00,45000.00,140000.00,111000.00,37000.00,214000.00,124000.00,47000.00
2007 Q1,Northern Ireland,N92000001,245000.00,147000.00,56000.00,202000.00,124000.00,46000.00,208000.00,128000.00,47000.00,148000.00,115000.00,37000.00,231000.00,133000.00,51000.00
2007 Q2,Northern Ireland,N92000001,273000.00,146000.00,50000.00,217000.00,132000.00,45000.00,227000.00,135000.00,46000.00,162000.00,123000.00,38000.00,250000.00,139000.00,49000.00
2007 Q3,Northern Ireland,N92000001,291000.00,144000.00,56000.00,241000.00,136000.00,47000.00,249000.00,137000.00,48000.00,183000.00,125000.00,39000.00,273000.00,142000.00,52000.00
2007 Q4,Northern Ireland,N92000001,305000.00,149000.00,48000.00,222000.00,124000.00,44000.00,234000.00,128000.00,45000.00,166000.00,115000.00,37000.00,259000.00,133000.00,48000.00
2008 Q1,Northern Ireland,N92000001,286000.00,152000.00,50000.00,216000.00,122000.00,44000.00,228000.00,127000.00,45000.00,160000.00,112000.00,36000.00,253000.00,132000.00,48000.00
2008 Q2,Northern Ireland,N92000001,253000.00,135000.00,53000.00,209000.00,124000.00,46000.00,220000.00,127000.00,48000.00,164000.00,110000.00,37000.00,243000.00,134000.00,52000.00
2008 Q3,Northern Ireland,N92000001,244000.00,127000.00,46000.00,208000.00,126000.00,46000.00,218000.00,126000.00,46000.00,167000.00,115000.00,37000.00,238000.00,131000.00,49000.00
2008 Q4,Northern Ireland,N92000001,230000.00,132000.00,50000.00,202000.00,118000.00,48000.00,207000.00,121000.00,49000.00,145000.00,104000.00,35000.00,233000.00,128000.00,54000.00
2009 Q1,Northern Ireland,N92000001,227000.00,126000.00,52000.00,184000.00,111000.00,42000.00,192000.00,114000.00,44000.00,145000.00,93000.00,33000.00,217000.00,124000.00,50000.00
2009 Q2,Northern Ireland,N92000001,189000.00,112000.00,43000.00,173000.00,108000.00,43000.00,177000.00,109000.00,43000.00,126000.00,84000.00,32000.00,203000.00,121000.00,49000.00
2009 Q3,Northern Ireland,N92000001,206000.00,122000.00,47000.00,174000.00,110000.00,45000.00,182000.00,113000.00,45000.00,135000.00,92000.00,34000.00,200000.00,121000.00,50000.00
2009 Q4,Northern Ireland,N92000001,226000.00,121000.00,49000.00,179000.00,112000.00,44000.00,188000.00,114000.00,45000.00,135000.00,86000.00,32000.00,210000.00,124000.00,50000.00
2010 Q1,Northern Ireland,N92000001,222000.00,126000.00,49000.00,176000.00,110000.00,42000.00,182000.00,112000.00,43000.00,121000.00,82000.00,31000.00,205000.00,123000.00,47000.00
2010 Q2,Northern Ireland,N92000001,206000.00,123000.00,47000.00,169000.00,108000.00,43000.00,175000.00,110000.00,44000.00,123000.00,88000.00,33000.00,197000.00,119000.00,48000.00
2010 Q3,Northern Ireland,N92000001,200000.00,121000.00,47000.00,154000.00,101000.00,40000.00,161000.00,104000.00,41000.00,106000.00,74000.00,28000.00,194000.00,122000.00,49000.00
2010 Q4,Northern Ireland,N92000001,184000.00,122000.00,48000.00,149000.00,96000.00,39000.00,153000.00,100000.00,40000.00,110000.00,82000.00,30000.00,178000.00,111000.00,45000.00
2011 Q1,Northern Ireland,N92000001,163000.00,104000.00,38000.00,145000.00,98000.00,39000.00,147000.00,100000.00,39000.00,101000.00,79000.00,29000.00,179000.00,115000.00,47000.00
2011 Q2,Northern Ireland,N92000001,152000.00,101000.00,40000.00,140000.00,95000.00,38000.00,141000.00,96000.00,39000.00,104000.00,78000.00,30000.00,168000.00,109000.00,45000.00
2011 Q3,Northern Ireland,N92000001,165000.00,111000.00,42000.00,139000.00,94000.00,39000.00,142000.00,96000.00,39000.00,105000.00,79000.00,29000.00,173000.00,111000.00,48000.00
2011 Q4,Northern Ireland,N92000001,154000.00,107000.00,40000.00,133000.00,92000.00,39000.00,135000.00,94000.00,39000.00,101000.00,77000.00,29000.00,166000.00,109000.00,47000.00
2012 Q1,Northern Ireland,N92000001,151000.00,105000.00,39000.00,130000.00,91000.00,38000.00,132000.00,93000.00,38000.00,98000.00,76000.00,29000.00,165000.00,109000.00,48000.00
2012 Q2,Northern Ireland,N92000001,147000.00,101000.00,41000.00,129000.00,89000.00,41000.00,131000.00,90000.00,41000.00,95000.00,74000.00,30000.00,161000.00,104000.00,50000.00
2012 Q3,Northern Ireland,N92000001,130000.00,88000.00,41000.00,130000.00,91000.00,39000.00,131000.00,91000.00,40000.00,91000.00,72000.00,28000.00,167000.00,108000.00,50000.00
2012 Q4,Northern Ireland,N92000001,161000.00,107000.00,46000.00,125000.00,87000.00,38000.00,129000.00,90000.00,39000.00,90000.00,69000.00,27000.00,167000.00,110000.00,51000.00
2013 Q1,Northern Ireland,N92000001,153000.00,101000.00,42000.00,131000.00,91000.00,40000.00,134000.00,93000.00,40000.00,96000.00,74000.00,30000.00,168000.00,110000.00,50000.00
2013 Q2,Northern Ireland,N92000001,147000.00,100000.00,41000.00,132000.00,94000.00,43000.00,134000.00,95000.00,42000.00,108000.00,84000.00,34000.00,156000.00,105000.00,50000.00
2013 Q3,Northern Ireland,N92000001,144000.00,101000.00,38000.00,132000.00,93000.00,43000.00,134000.00,95000.00,42000.00,102000.00,78000.00,32000.00,162000.00,110000.00,51000.00
2013 Q4,Northern Ireland,N92000001,160000.00,112000.00,52000.00,138000.00,99000.00,44000.00,141000.00,100000.00,45000.00,110000.00,85000.00,34000.00,167000.00,114000.00,54000.00
2014 Q1,Northern Ireland,N92000001,150000.00,104000.00,45000.00,136000.00,97000.00,45000.00,137000.00,98000.00,45000.00,102000.00,79000.00,34000.00,166000.00,114000.00,54000.00
2014 Q2,Northern Ireland,N92000001,146000.00,101000.00,46000.00,136000.00,99000.00,43000.00,138000.00,100000.00,43000.00,108000.00,85000.00,33000.00,168000.00,115000.00,53000.00
2014 Q3,Northern Ireland,N92000001,162000.00,115000.00,45000.00,148000.00,106000.00,46000.00,150000.00,108000.00,46000.00,114000.00,90000.00,36000.00,178000.00,121000.00,54000.00
2014 Q4,Northern Ireland,N92000001,164000.00,114000.00,47000.00,147000.00,107000.00,46000.00,151000.00,109000.00,46000.00,114000.00,89000.00,35000.00,179000.00,124000.00,55000.00
2015 Q1,Northern Ireland,N92000001,175000.00,99000.00,48000.00,143000.00,103000.00,45000.00,148000.00,102000.00,46000.00,117000.00,88000.00,36000.00,180000.00,117000.00,56000.00
2015 Q2,Northern Ireland,N92000001,159000.00,102000.00,50000.00,144000.00,108000.00,46000.00,147000.00,107000.00,46000.00,118000.00,93000.00,36000.00,178000.00,122000.00,57000.00
2015 Q3,Northern Ireland,N92000001,166000.00,98000.00,46000.00,154000.00,114000.00,47000.00,157000.00,111000.00,47000.00,125000.00,96000.00,38000.00,187000.00,126000.00,55000.00
2015 Q4,Northern Ireland,N92000001,164000.00,112000.00,48000.00,154000.00,113000.00,46000.00,155000.00,111000.00,46000.00,123000.00,97000.00,36000.00,186000.00,126000.00,56000.00
2016 Q1,Northern Ireland,N92000001,168000.00,111000.00,48000.00,152000.00,114000.00,47000.00,155000.00,113000.00,47000.00,124000.00,99000.00,37000.00,187000.00,129000.00,57000.00
2016 Q2,Northern Ireland,N92000001,169000.00,111000.00,48000.00,142000.00,107000.00,42000.00,146000.00,108000.00,42000.00,121000.00,97000.00,36000.00,182000.00,123000.00,52000.00
2016 Q3,Northern Ireland,N92000001,164000.00,112000.00,46000.00,151000.00,114000.00,45000.00,153000.00,114000.00,45000.00,124000.00,101000.00,37000.00,191000.00,131000.00,56000.00
2016 Q4,Northern Ireland,N92000001,162000.00,113000.00,44000.00,151000.00,113000.00,46000.00,153000.00,113000.00,45000.00,125000.00,101000.00,36000.00,188000.00,128000.00,57000.00
2017 Q1,Northern Ireland,N92000001,177000.00,109000.00,47000.00,146000.00,110000.00,43000.00,154000.00,110000.00,44000.00,130000.00,98000.00,37000.00,192000.00,128000.00,56000.00
2017 Q2,Northern Ireland,N92000001,177000.00,113000.00,47000.00,143000.00,109000.00,43000.00,152000.00,110000.00,44000.00,129000.00,99000.00,37000.00,190000.00,127000.00,56000.00
2017 Q3,Northern Ireland,N92000001,173000.00,113000.00,46000.00,151000.00,115000.00,44000.00,157000.00,115000.00,45000.00,132000.00,102000.00,37000.00,197000.00,135000.00,57000.00
2017 Q4,Northern Ireland,N92000001,177000.00,115000.00,47000.00,146000.00,110000.00,42000.00,154000.00,111000.00,43000.00,130000.00,100000.00,37000.00,191000.00,129000.00,54000.00
2018 Q1,Northern Ireland,N92000001,186000.00,116000.00,49000.00,148000.00,112000.00,43000.00,156000.00,113000.00,44000.00,131000.00,101000.00,36000.00,197000.00,134000.00,57000.00
2018 Q2,Northern Ireland,N92000001,184000.00,121000.00,49000.00,148000.00,115000.00,43000.00,156000.00,117000.00,45000.00,133000.00,104000.00,38000.00,194000.00,137000.00,56000.00
2018 Q3,Northern Ireland,N92000001,189000.00,123000.00,51000.00,155000.00,118000.00,43000.00,161000.00,119000.00,45000.00,136000.00,107000.00,38000.00,201000.00,138000.00,56000.00
2018 Q4,Northern Ireland,N92000001,187000.00,128000.00,50000.00,152000.00,116000.00,43000.00,159000.00,119000.00,44000.00,135000.00,107000.00,38000.00,198000.00,137000.00,55000.00
2019 Q1,Northern Ireland,N92000001,186000.00,126000.00,50000.00,153000.00,118000.00,44000.00,159000.00,119000.00,45000.00,133000.00,106000.00,37000.00,203000.00,142000.00,58000.00
2019 Q2,Northern Ireland,N92000001,184000.00,126000.00,48000.00,152000.00,117000.00,43000.00,158000.00,119000.00,44000.00,136000.00,108000.00,38000.00,199000.00,138000.00,55000.00
2019 Q3,Northern Ireland,N92000001,184000.00,124000.00,48000.00,154000.00,119000.00,43000.00,159000.00,120000.00,44000.00,137000.00,109000.00,38000.00,197000.00,138000.00,54000.00
2019 Q4,Northern Ireland,N92000001,195000.00,134000.00,52000.00,156000.00,120000.00,43000.00,164000.00,123000.00,45000.00,138000.00,111000.00,39000.00,203000.00,142000.00,55000.00
2020 Q1,Northern Ireland,N92000001,194000.00,132000.00,53000.00,158000.00,120000.00,45000.00,165000.00,122000.00,47000.00,140000.00,110000.00,40000.00,202000.00,139000.00,57000.00
2020 Q2,Northern Ireland,N92000001,202000.00,126000.00,53000.00,159000.00,123000.00,45000.00,169000.00,124000.00,47000.00,148000.00,112000.00,41000.00,205000.00,143000.00,57000.00
2020 Q3,Northern Ireland,N92000001,201000.00,135000.00,53000.00,165000.00,125000.00,46000.00,173000.00,127000.00,47000.00,145000.00,114000.00,40000.00,217000.00,148000.00,60000.00
2020 Q4,Northern Ireland,N92000001,204000.00,135000.00,53000.00,175000.00,127000.00,48000.00,181000.00,128000.00,49000.00,148000.00,114000.00,40000.00,223000.00,147000.00,60000.00
2021 Q1,Northern Ireland,N92000001,220000.00,139000.00,54000.00,179000.00,127000.00,48000.00,186000.00,129000.00,49000.00,143000.00,108000.00,38000.00,237000.00,154000.00,61000.00
2021 Q2,Northern Ireland,N92000001,214000.00,140000.00,54000.00,186000.00,134000.00,49000.00,191000.00,135000.00,50000.00,151000.00,115000.00,40000.00,245000.00,161000.00,63000.00
2021 Q3,Northern Ireland,N92000001,202000.00,134000.00,53000.00,175000.00,128000.00,46000.00,180000.00,129000.00,48000.00,151000.00,117000.00,40000.00,220000.00,145000.00,58000.00
2021 Q4,Northern Ireland,N92000001,197000.00,138000.00,51000.00,165000.00,124000.00,45000.00,172000.00,127000.00,46000.00,148000.00,118000.00,40000.00,215000.00,144000.00,57000.00
2022 Q1,Northern Ireland,N92000001,215000.00,150000.00,53000.00,179000.00,133000.00,47000.00,185000.00,135000.00,48000.00,152000.00,122000.00,40000.00,240000.00,158000.00,61000.00
2022 Q2,Northern Ireland,N92000001,226000.00,162000.00,56000.00,182000.00,138000.00,48000.00,191000.00,142000.00,50000.00,158000.00,127000.00,43000.00,246000.00,167000.00,61000.00
2022 Q3,Northern Ireland,N92000001,239000.00,174000.00,60000.00,190000.00,143000.00,50000.00,198000.00,148000.00,52000.00,161000.00,131000.00,43000.00,259000.00,177000.00,67000.00
2022 Q4,Northern Ireland,N92000001,235000.00,173000.00,59000.00,185000.00,137000.00,50000.00,193000.00,143000.00,51000.00,159000.00,129000.00,44000.00,249000.00,166000.00,64000.00
2023 Q1,Northern Ireland,N92000001,238000.00,168000.00,65000.00,179000.00,131000.00,52000.00,187000.00,136000.00,54000.00,150000.00,120000.00,44000.00,252000.00,164000.00,70000.00
2023 Q2,Northern Ireland,N92000001,245000.00,161000.00,63000.00,185000.00,134000.00,53000.00,193000.00,137000.00,55000.00,157000.00,124000.00,46000.00,254000.00,160000.00,70000.00
2023 Q3,Northern Ireland,N92000001,252000.00,168000.00,65000.00,200000.00,142000.00,56000.00,206000.00,145000.00,57000.00,163000.00,129000.00,47000.00,266000.00,167000.00,71000.00
2023 Q4,Northern Ireland,N92000001,243000.00,165000.00,64000.00,191000.00,136000.00,55000.00,199000.00,141000.00,56000.00,165000.00,129000.00,48000.00,256000.00,161000.00,70000.00
2024 Q1,Northern Ireland,N92000001,260000.00,160000.00,66000.00,194000.00,138000.00,56000.00,203000.00,141000.00,57000.00,167000.00,128000.00,48000.00,256000.00,161000.00,70000.00
2024 Q2,Northern Ireland,N92000001,245000.00,155000.00,63000.00,196000.00,141000.00,55000.00,204000.00,143000.00,56000.00,172000.00,132000.00,48000.00,249000.00,158000.00,68000.00
2024 Q3,Northern Ireland,N92000001,271000.00,168000.00,70000.00,212000.00,151000.00,59000.00,220000.00,153000.00,61000.00,180000.00,139000.00,51000.00,275000.00,174000.00,75000.00
2024 Q4,Northern Ireland,N92000001,268000.00,174000.00,67000.00,213000.00,152000.00,59000.00,221000.00,155000.00,60000.00,182000.00,142000.00,50000.00,274000.00,173000.00,73000.00
2025 Q1,Northern Ireland,N92000001,280000.00,183000.00,72000.00,218000.00,156000.00,58000.00,227000.00,160000.00,60000.00,186000.00,145000.00,51000.00,279000.00,178000.00,72000.00
2025 Q2,Northern Ireland,N92000001,271000.00,176000.00,67000.00,204000.00,150000.00,56000.00,216000.00,155000.00,58000.00,183000.00,142000.00,50000.00,275000.00,177000.00,71000.00
2025 Q3,Northern Ireland,N92000001,271000.00,183000.00,67000.00,222000.00,161000.00,58000.00,230000.00,165000.00,60000.00,191000.00,150000.00,52000.00,292000.00,189000.00,73000.00
2025 Q4,Northern Ireland,N92000001,277000.00,183000.00,68000.00,227000.00,166000.00,59000.00,235000.00,169000.00,60000.00,197000.00,155000.00,51000.00,298000.00,191000.00,74000.00
2026 Q1,Northern Ireland,N92000001,288000.00,190000.00,70000.00,237000.00,172000.00,60000.00,245000.00,175000.00,62000.00,200000.00,158000.00,52000.00,313000.00,200000.00,77000.00
